ID,Year_Birth,Education,Marital_Status,Income,Kidhome,Teenhome,Dt_Customer,Recency,MntWines,MntFruits,MntMeatProducts,MntFishProducts,MntSweetProducts,MntGoldProds,NumDealsPurchases,NumWebPurchases,NumCatalogPurchases,NumStorePurchases,NumWebVisitsMonth,AcceptedCmp3,AcceptedCmp4,AcceptedCmp5,AcceptedCmp1,AcceptedCmp2,Complain,Response,Children,Age,Total_Spending,Total_Purchases,Family_Size,Customer_Tenure_Days,Cluster,Customer_Segment
5524,1957,Graduation,Alone,58138.0,0,0,2012-09-04,58,635,88,546,172,88,88,3,8,10,4,7,0,0,0,0,0,0,1,0,57,1617,22,1,663,1.0,Higher-Value Customers
2174,1954,Graduation,Alone,46344.0,1,1,2014-03-08,38,11,1,6,2,1,6,2,1,1,2,5,0,0,0,0,0,0,0,2,60,27,4,3,113,0.0,Lower-Value Customers
4141,1965,Graduation,Partner,71613.0,0,0,2013-08-21,26,426,49,127,111,21,42,1,8,2,10,4,0,0,0,0,0,0,0,0,49,776,20,2,312,1.0,Higher-Value Customers
6182,1984,Graduation,Partner,26646.0,1,0,2014-02-10,26,11,4,20,10,3,5,2,2,0,4,6,0,0,0,0,0,0,0,1,30,53,6,3,139,0.0,Lower-Value Customers
5324,1981,PhD,Partner,58293.0,1,0,2014-01-19,94,173,43,118,46,27,15,5,5,3,6,5,0,0,0,0,0,0,0,1,33,422,14,3,161,1.0,Higher-Value Customers
7446,1967,Master,Partner,62513.0,0,1,2013-09-09,16,520,42,98,0,42,14,2,6,4,10,6,0,0,0,0,0,0,0,1,47,716,20,3,293,1.0,Higher-Value Customers
965,1971,Graduation,Alone,55635.0,0,1,2012-11-13,34,235,65,164,50,49,27,4,7,3,7,6,0,0,0,0,0,0,0,1,43,590,17,2,593,1.0,Higher-Value Customers
6177,1985,PhD,Partner,33454.0,1,0,2013-05-08,32,76,10,56,3,1,23,2,4,0,4,8,0,0,0,0,0,0,0,1,29,169,8,3,417,0.0,Lower-Value Customers
4855,1974,PhD,Partner,30351.0,1,0,2013-06-06,19,14,0,24,3,3,2,1,3,0,2,9,0,0,0,0,0,0,1,1,40,46,5,3,388,0.0,Lower-Value Customers
5899,1950,PhD,Partner,5648.0,1,1,2014-03-13,68,28,0,6,1,1,13,1,1,0,0,20,1,0,0,0,0,0,0,2,64,49,1,4,108,0.0,Lower-Value Customers
1994,1983,Graduation,Partner,51381.5,1,0,2013-11-15,11,5,5,6,0,2,1,1,1,0,2,7,0,0,0,0,0,0,0,1,31,19,3,3,226,0.0,Lower-Value Customers
387,1976,Basic,Partner,7500.0,0,0,2012-11-13,59,6,16,11,11,1,16,1,2,0,3,8,0,0,0,0,0,0,0,0,38,61,5,2,593,0.0,Lower-Value Customers
2125,1959,Graduation,Alone,63033.0,0,0,2013-11-15,82,194,61,480,225,112,30,1,3,4,8,2,0,0,0,0,0,0,0,0,55,1102,15,1,226,1.0,Higher-Value Customers
8180,1952,Master,Alone,59354.0,1,1,2013-11-15,53,233,2,53,3,5,14,3,6,1,5,6,0,0,0,0,0,0,0,2,62,310,12,3,226,0.0,Lower-Value Customers
2569,1987,Graduation,Partner,17323.0,0,0,2012-10-10,38,3,14,17,6,1,5,1,1,0,3,8,0,0,0,0,0,0,0,0,27,46,4,2,627,0.0,Lower-Value Customers
2114,1946,PhD,Alone,82800.0,0,0,2012-11-24,23,1006,22,115,59,68,45,1,7,6,12,3,0,0,1,1,0,0,1,0,68,1315,25,1,582,1.0,Higher-Value Customers
9736,1980,Graduation,Partner,41850.0,1,1,2012-12-24,51,53,5,19,2,13,4,3,3,0,3,8,0,0,0,0,0,0,0,2,34,96,6,4,552,0.0,Lower-Value Customers
4939,1946,Graduation,Partner,37760.0,0,0,2012-08-31,20,84,5,38,150,12,28,2,4,1,6,7,0,0,0,0,0,0,0,0,68,317,11,2,667,0.0,Lower-Value Customers
6565,1949,Master,Partner,76995.0,0,1,2013-03-28,91,1012,80,498,0,16,176,2,11,4,9,5,0,0,0,1,0,0,0,1,65,1782,24,3,458,1.0,Higher-Value Customers
2278,1985,2n Cycle,Alone,33812.0,1,0,2012-11-03,86,4,17,19,30,24,39,2,2,1,3,6,0,0,0,0,0,0,0,1,29,133,6,2,603,0.0,Lower-Value Customers
9360,1982,Graduation,Partner,37040.0,0,0,2012-08-08,41,86,2,73,69,38,48,1,4,2,5,8,0,0,0,0,0,0,0,0,32,316,11,2,690,0.0,Lower-Value Customers
5376,1979,Graduation,Partner,2447.0,1,0,2013-01-06,42,1,1,1725,1,1,1,15,0,28,0,1,0,0,0,0,0,0,0,1,35,1730,28,3,539,1.0,Higher-Value Customers
1993,1949,PhD,Partner,58607.0,0,1,2012-12-23,63,867,0,86,0,0,19,3,2,3,9,8,0,1,0,0,0,0,0,1,65,972,14,3,553,1.0,Higher-Value Customers
4047,1954,PhD,Partner,65324.0,0,1,2014-01-11,0,384,0,102,21,32,5,3,6,2,9,4,0,0,0,0,0,0,0,1,60,544,17,3,169,1.0,Higher-Value Customers
1409,1951,Graduation,Partner,40689.0,0,1,2013-03-18,69,270,3,27,39,6,99,7,7,1,5,8,0,0,0,0,0,0,0,1,63,444,13,3,468,0.0,Lower-Value Customers
7892,1969,Graduation,Alone,18589.0,0,0,2013-01-02,89,6,4,25,15,12,13,2,2,1,3,7,0,0,0,0,0,0,0,0,45,75,6,1,543,0.0,Lower-Value Customers
2404,1976,Graduation,Partner,53359.0,1,1,2013-05-27,4,173,4,30,3,6,41,4,5,1,4,7,0,0,0,0,0,0,0,2,38,257,10,4,398,0.0,Lower-Value Customers
5255,1986,Graduation,Alone,51381.5,1,0,2013-02-20,19,5,1,3,3,263,362,0,27,0,0,1,0,0,0,0,0,0,0,1,28,637,27,2,494,1.0,Higher-Value Customers
9422,1989,Graduation,Partner,38360.0,1,0,2013-05-31,26,36,2,42,20,21,10,2,2,1,4,3,0,0,0,0,0,0,0,1,25,131,7,3,394,0.0,Lower-Value Customers
1966,1965,PhD,Partner,84618.0,0,0,2013-11-22,96,684,100,801,21,66,0,1,6,9,10,2,0,0,1,0,0,0,0,0,49,1672,25,2,219,1.0,Higher-Value Customers
6864,1989,Master,Alone,10979.0,0,0,2014-05-22,34,8,4,10,2,2,4,2,3,0,3,5,0,0,0,0,0,0,0,0,25,30,6,1,38,0.0,Lower-Value Customers
3033,1963,Master,Partner,38620.0,0,0,2013-05-11,56,112,17,44,34,22,89,1,2,5,3,3,0,0,0,0,0,0,0,0,51,318,10,2,414,0.0,Lower-Value Customers
5710,1970,Graduation,Partner,40548.0,0,1,2012-10-10,31,110,0,5,2,0,3,2,2,1,4,5,0,1,0,0,0,0,0,1,44,120,7,3,627,0.0,Lower-Value Customers
7373,1952,PhD,Alone,46610.0,0,2,2012-10-29,8,96,12,96,33,22,43,6,4,1,6,6,0,0,0,0,0,0,1,2,62,302,11,3,608,0.0,Lower-Value Customers
8755,1946,Master,Partner,68657.0,0,0,2013-02-20,4,482,34,471,119,68,22,1,3,5,9,7,0,0,0,0,0,0,0,0,68,1196,17,2,494,1.0,Higher-Value Customers
10738,1951,Master,Alone,49389.0,1,1,2013-08-29,55,40,0,19,2,1,3,1,2,0,3,7,0,0,0,0,0,0,0,2,63,65,5,3,304,0.0,Lower-Value Customers
4339,1970,PhD,Partner,67353.0,0,1,2013-12-31,37,702,17,151,0,8,35,5,5,6,12,2,0,0,0,0,0,0,0,1,44,913,23,3,180,1.0,Higher-Value Customers
10755,1976,2n Cycle,Partner,23718.0,1,0,2013-09-02,76,6,3,14,15,7,36,3,3,1,2,7,0,0,0,0,0,0,0,1,38,81,6,3,300,0.0,Lower-Value Customers
8595,1973,Graduation,Alone,42429.0,0,1,2014-02-11,99,55,0,6,2,0,4,2,1,1,3,5,0,0,0,0,0,0,0,1,41,67,5,2,138,0.0,Lower-Value Customers
2968,1943,PhD,Alone,48948.0,0,0,2013-02-01,53,437,8,206,160,49,42,2,7,10,5,6,1,0,0,0,0,0,1,0,71,902,22,1,513,1.0,Higher-Value Customers
8601,1980,Graduation,Partner,80011.0,0,1,2013-04-29,3,421,76,536,82,178,102,2,8,6,5,4,0,0,0,0,0,0,0,1,34,1395,19,3,426,1.0,Higher-Value Customers
503,1985,Master,Partner,20559.0,1,0,2013-03-12,88,13,1,29,3,0,7,2,2,0,3,8,0,0,0,0,0,0,0,1,29,53,5,3,474,0.0,Lower-Value Customers
8430,1957,Graduation,Partner,21994.0,0,1,2012-12-24,4,9,0,6,3,1,3,1,0,0,3,5,0,0,0,0,0,0,0,1,57,22,3,3,552,0.0,Lower-Value Customers
7281,1959,PhD,Alone,51381.5,0,0,2013-11-05,80,81,11,50,3,2,39,1,1,3,4,2,0,0,0,0,0,0,0,0,55,186,8,1,236,0.0,Lower-Value Customers
2139,1975,Master,Partner,7500.0,1,0,2013-10-02,19,3,1,10,3,2,12,3,2,0,3,5,0,0,0,0,0,0,0,1,39,31,5,3,270,0.0,Lower-Value Customers
1371,1976,Graduation,Alone,79941.0,0,0,2014-06-28,72,123,164,266,227,30,174,1,2,4,9,1,0,0,0,0,0,0,0,0,38,984,15,1,1,1.0,Higher-Value Customers
9909,1996,2n Cycle,Partner,7500.0,0,0,2012-11-09,24,3,18,14,15,22,50,3,3,1,3,9,0,0,0,0,0,0,1,0,18,122,7,2,597,0.0,Lower-Value Customers
7286,1968,Graduation,Partner,41728.0,1,0,2013-05-24,92,13,6,15,3,5,13,1,2,0,2,10,0,0,0,0,0,0,0,1,46,55,4,3,401,0.0,Lower-Value Customers
7244,1951,Graduation,Alone,51381.5,2,1,2014-01-01,96,48,5,48,6,10,7,3,2,1,4,6,0,0,0,0,0,0,0,3,63,124,7,4,179,0.0,Lower-Value Customers
6566,1954,PhD,Partner,72550.0,1,1,2012-11-08,39,826,50,317,50,38,38,9,5,2,12,8,0,0,0,0,0,0,0,2,60,1319,19,4,598,1.0,Higher-Value Customers
8614,1957,Graduation,Alone,65486.0,0,1,2014-05-12,29,245,19,125,37,67,14,1,4,2,10,2,0,0,0,0,0,0,0,1,57,507,16,2,48,1.0,Higher-Value Customers
4114,1964,Master,Partner,79143.0,0,0,2012-08-11,2,650,37,780,27,167,32,1,6,9,13,3,0,0,0,0,0,0,0,0,50,1693,28,2,687,1.0,Higher-Value Customers
1331,1977,Graduation,Alone,35790.0,1,0,2013-01-02,54,12,6,20,30,1,3,2,2,0,3,7,0,0,0,0,0,0,0,1,37,72,5,2,543,0.0,Lower-Value Customers
2225,1977,Graduation,Alone,82582.0,0,0,2014-06-07,54,510,120,550,156,40,241,1,4,9,7,1,1,0,0,1,0,0,1,0,37,1617,20,1,22,1.0,Higher-Value Customers
9381,1978,Graduation,Partner,66373.0,1,1,2013-06-12,57,328,9,124,12,24,109,7,4,2,10,3,0,0,0,0,0,0,0,2,36,606,16,4,382,1.0,Higher-Value Customers
6260,1955,Master,Partner,82384.0,0,0,2012-11-19,55,984,51,432,180,120,190,1,3,10,13,1,0,0,1,0,0,0,1,0,59,1957,26,2,587,1.0,Higher-Value Customers
10383,1966,Graduation,Alone,70287.0,0,0,2013-04-02,30,295,35,482,121,120,40,1,5,5,10,3,0,0,0,0,0,0,1,0,48,1093,20,1,453,1.0,Higher-Value Customers
7437,1988,Graduation,Alone,27938.0,1,0,2014-04-28,31,13,0,8,2,1,5,1,1,0,4,3,0,0,0,0,0,0,0,1,26,29,5,2,62,0.0,Lower-Value Customers
8557,1982,Graduation,Alone,51381.5,1,0,2013-06-17,57,11,3,22,2,2,6,2,2,0,3,6,0,0,0,0,0,0,0,1,32,46,5,2,377,0.0,Lower-Value Customers
8375,1968,PhD,Partner,55954.0,0,1,2014-03-03,63,447,0,28,0,0,43,3,8,2,6,7,0,0,0,0,0,0,0,1,46,518,16,3,118,1.0,Higher-Value Customers
6853,1982,Master,Alone,75777.0,0,0,2013-07-04,12,712,26,538,69,13,80,1,3,6,11,1,0,1,1,0,0,0,1,0,32,1438,20,1,360,1.0,Higher-Value Customers
3076,1975,Graduation,Partner,66653.0,1,1,2012-09-07,18,452,18,102,16,18,6,4,4,2,12,3,0,0,0,0,0,0,0,2,39,612,18,4,660,1.0,Higher-Value Customers
1012,1952,Graduation,Alone,61823.0,0,1,2013-02-18,26,523,7,134,37,14,169,4,8,2,10,7,0,0,0,0,0,0,0,1,62,884,20,2,496,1.0,Higher-Value Customers
6518,1951,PhD,Alone,67680.0,0,1,2013-06-11,8,546,0,48,0,6,6,1,7,3,8,5,0,0,0,0,0,0,0,1,63,606,18,2,383,1.0,Higher-Value Customers
4137,1948,Graduation,Partner,70666.0,0,0,2013-12-06,29,398,40,367,119,122,30,1,7,4,4,4,0,0,0,0,0,0,0,0,66,1076,15,2,205,1.0,Higher-Value Customers
8082,1971,Graduation,Partner,25721.0,1,0,2013-05-21,75,1,3,6,3,6,15,1,1,1,2,7,0,0,0,0,0,0,1,1,43,34,4,3,404,0.0,Lower-Value Customers
1386,1967,Graduation,Partner,32474.0,1,1,2014-05-11,0,10,0,1,0,0,0,1,1,0,2,7,0,0,0,0,0,0,0,2,47,11,3,4,49,0.0,Lower-Value Customers
9369,1979,2n Cycle,Alone,88194.0,0,1,2014-03-19,19,688,14,309,201,24,38,1,11,10,10,5,1,0,0,1,0,0,1,1,35,1274,31,2,102,1.0,Higher-Value Customers
4477,1958,Graduation,Partner,69096.0,0,1,2013-09-27,4,247,49,159,7,82,109,1,5,2,10,4,0,0,0,0,0,0,0,1,56,653,17,3,275,1.0,Higher-Value Customers
1357,1970,Graduation,Partner,74854.0,1,2,2013-04-08,90,856,59,487,58,29,73,7,2,5,5,5,0,0,0,0,0,0,0,3,44,1562,12,5,447,1.0,Higher-Value Customers
1402,1954,Master,Partner,66991.0,0,0,2012-09-11,1,496,36,460,189,60,12,3,4,8,6,3,0,0,0,0,0,0,0,0,60,1253,18,2,656,1.0,Higher-Value Customers
10629,1973,2n Cycle,Partner,51381.5,1,0,2012-09-14,25,25,3,43,17,4,17,3,3,0,3,8,0,0,0,0,0,0,0,1,41,109,6,3,653,0.0,Lower-Value Customers
6312,1959,Graduation,Partner,65031.0,0,1,2013-03-17,29,258,107,291,84,37,86,4,10,3,13,7,0,0,0,0,0,0,0,1,55,863,26,3,469,1.0,Higher-Value Customers
8132,1975,PhD,Partner,60631.0,1,1,2013-04-05,88,565,6,65,0,6,19,5,9,2,8,7,0,1,0,0,0,0,0,2,39,661,19,4,450,1.0,Higher-Value Customers
1050,1952,Graduation,Partner,28332.0,0,0,2014-04-30,58,14,10,13,4,15,9,1,2,1,4,2,0,0,0,0,0,0,0,0,62,65,7,2,60,0.0,Lower-Value Customers
5846,1977,Graduation,Alone,40246.0,1,0,2012-12-19,68,2,1,6,2,1,1,1,1,0,2,6,0,0,0,0,0,0,0,1,37,13,3,2,557,0.0,Lower-Value Customers
1859,1972,Master,Partner,75251.0,0,0,2012-08-27,34,721,111,925,97,18,18,1,7,6,5,5,0,0,0,0,0,0,1,0,42,1890,18,2,671,1.0,Higher-Value Customers
7503,1976,Graduation,Alone,75825.0,0,0,2012-10-12,40,1032,105,779,137,105,51,0,5,8,9,4,1,0,0,0,0,0,1,0,38,2209,22,1,625,1.0,Higher-Value Customers
10401,1976,2n Cycle,Partner,26326.0,0,0,2013-09-04,12,1,0,5,0,3,9,1,0,0,3,3,0,0,0,0,0,1,0,0,38,18,3,2,298,0.0,Lower-Value Customers
1618,1965,Graduation,Partner,56046.0,0,0,2013-01-02,9,577,0,64,0,0,51,2,10,1,8,8,1,0,0,0,0,0,1,0,49,692,19,2,543,1.0,Higher-Value Customers
3332,1985,Graduation,Alone,29760.0,1,0,2012-08-29,87,64,4,68,7,5,17,4,3,1,4,8,0,0,0,0,0,0,0,1,29,165,8,2,669,0.0,Lower-Value Customers
2261,1969,Graduation,Partner,26304.0,1,0,2013-06-23,5,4,1,5,2,0,4,1,1,0,2,7,0,0,0,0,0,0,0,1,45,16,3,3,371,0.0,Lower-Value Customers
5346,1973,2n Cycle,Partner,23559.0,1,0,2013-07-03,87,25,5,19,7,0,23,3,3,0,3,7,0,0,0,0,0,0,0,1,41,79,6,3,361,0.0,Lower-Value Customers
4119,1963,Master,Partner,38620.0,0,0,2013-05-11,56,112,17,44,34,22,89,1,2,5,3,3,0,0,0,0,0,0,0,0,51,318,10,2,414,0.0,Lower-Value Customers
535,1987,Graduation,Alone,81361.0,0,0,2014-02-25,18,163,23,424,27,65,76,1,3,10,13,1,0,0,0,0,0,0,0,0,27,778,26,1,124,1.0,Higher-Value Customers
5268,1960,Graduation,Partner,29440.0,1,1,2013-08-11,95,17,8,14,10,4,3,2,1,0,4,7,0,0,0,0,0,0,0,2,54,56,5,4,322,0.0,Lower-Value Customers
273,1970,Master,Partner,36138.0,1,1,2013-07-16,48,130,0,16,0,0,5,5,3,1,4,7,0,1,0,0,0,0,0,2,44,151,8,4,348,0.0,Lower-Value Customers
4452,1957,Graduation,Alone,50388.0,0,1,2014-05-28,3,292,6,37,0,3,34,4,6,1,6,7,0,1,0,1,0,0,1,1,57,372,13,2,32,0.0,Lower-Value Customers
8504,1973,Graduation,Partner,79593.0,0,0,2014-05-12,70,350,60,568,110,133,145,1,5,6,7,2,0,0,1,0,0,0,0,0,41,1366,18,2,48,1.0,Higher-Value Customers
771,1967,Graduation,Partner,54178.0,0,1,2014-01-21,79,135,9,39,4,0,7,1,2,2,5,2,0,0,0,0,0,0,0,1,47,194,9,3,159,0.0,Lower-Value Customers
8996,1957,PhD,Partner,51381.5,2,1,2012-11-19,4,230,42,192,49,37,53,12,7,2,8,9,0,0,0,0,0,0,0,3,57,603,17,5,587,1.0,Higher-Value Customers
9235,1957,Graduation,Alone,51381.5,1,1,2014-05-27,45,7,0,8,2,0,1,1,1,0,2,7,0,0,0,0,0,0,0,2,57,18,3,3,33,0.0,Lower-Value Customers
5798,1973,Master,Partner,51381.5,0,0,2013-11-23,87,445,37,359,98,28,18,1,2,4,8,1,0,0,0,0,0,0,0,0,41,985,14,2,218,1.0,Higher-Value Customers
11178,1972,Master,Alone,42394.0,1,0,2014-03-23,69,15,2,10,0,1,4,1,1,0,3,7,0,0,0,0,0,0,0,1,42,32,4,2,98,0.0,Lower-Value Customers
2230,1970,PhD,Partner,23626.0,1,0,2014-05-24,84,27,2,14,0,0,0,3,3,1,3,5,0,0,0,0,0,0,0,1,44,43,7,3,36,0.0,Lower-Value Customers
7516,1983,Graduation,Partner,30096.0,1,0,2014-05-22,30,5,3,11,12,5,9,1,2,0,3,6,0,0,0,0,0,0,0,1,31,45,5,3,38,0.0,Lower-Value Customers
7247,1960,Graduation,Alone,47916.0,0,1,2012-11-22,72,505,0,26,0,0,75,5,7,4,6,6,0,1,0,0,0,0,0,1,54,606,17,2,584,1.0,Higher-Value Customers
11100,1972,Graduation,Alone,51813.0,1,1,2013-04-11,37,51,2,7,0,1,2,2,2,0,3,7,0,0,0,0,0,0,0,2,42,63,5,3,444,0.0,Lower-Value Customers
4646,1951,2n Cycle,Partner,78497.0,0,0,2013-12-01,44,207,26,447,75,0,223,1,5,7,12,2,0,0,0,1,0,0,0,0,63,978,24,2,210,1.0,Higher-Value Customers
3037,1983,PhD,Partner,50150.0,0,0,2013-06-20,32,135,46,92,65,61,11,2,5,2,7,5,0,0,0,0,0,0,0,0,31,410,14,2,374,0.0,Lower-Value Customers
1473,1960,2n Cycle,Alone,47823.0,0,1,2013-07-23,0,53,1,5,2,1,10,2,2,0,3,8,0,0,0,0,0,0,0,1,54,72,5,2,341,0.0,Lower-Value Customers
1016,1959,PhD,Alone,34554.0,0,1,2014-03-30,43,41,1,6,2,0,5,2,2,0,3,6,0,0,0,0,0,0,0,1,55,55,5,2,91,0.0,Lower-Value Customers
4518,1979,Graduation,Partner,85693.0,0,1,2013-04-20,59,386,172,183,185,132,111,2,9,5,11,5,0,0,0,0,0,0,0,1,35,1169,25,3,435,1.0,Higher-Value Customers
9370,1945,PhD,Partner,65846.0,0,0,2013-05-17,68,562,81,276,80,40,81,1,6,3,6,4,0,0,0,0,0,0,0,0,69,1120,15,2,408,1.0,Higher-Value Customers
8908,1959,Graduation,Partner,87195.0,0,0,2014-05-08,35,217,76,690,50,26,38,1,3,11,5,1,0,0,0,0,0,0,1,0,55,1097,19,2,52,1.0,Higher-Value Customers
8373,1979,Basic,Partner,24594.0,1,0,2013-12-10,94,1,3,6,10,0,9,1,1,0,3,5,0,0,0,0,0,0,0,1,35,29,4,3,201,0.0,Lower-Value Customers
7533,1964,Graduation,Partner,49096.0,1,1,2013-09-24,15,144,1,32,2,1,7,4,4,1,4,7,0,0,0,0,0,0,0,2,50,187,9,4,278,0.0,Lower-Value Customers
2683,1969,Graduation,Partner,52413.0,0,2,2013-02-02,56,295,106,271,75,98,65,4,6,4,12,6,0,0,0,0,0,0,0,2,45,910,22,4,512,1.0,Higher-Value Customers
3629,1978,Graduation,Alone,38557.0,1,0,2012-12-19,17,76,3,31,4,4,27,2,3,1,3,7,0,0,0,0,0,0,0,1,36,145,7,2,557,0.0,Lower-Value Customers
10991,1960,Master,Partner,89058.0,0,0,2012-12-07,18,454,194,106,31,22,43,1,5,4,4,2,0,0,0,0,0,0,0,0,54,850,13,2,569,1.0,Higher-Value Customers
5077,1979,Graduation,Partner,77298.0,0,1,2013-11-02,46,425,115,292,23,35,79,1,6,6,11,3,0,0,0,0,0,0,0,1,35,969,23,3,239,1.0,Higher-Value Customers
7431,1991,PhD,Alone,68126.0,0,0,2012-11-10,40,1332,17,311,23,51,86,1,7,4,5,9,0,1,0,0,0,0,1,0,23,1820,16,1,596,1.0,Higher-Value Customers
3267,1963,Master,Partner,57288.0,0,1,2014-06-25,27,527,0,21,0,0,60,3,8,1,8,6,0,1,0,0,0,0,0,1,51,608,17,3,4,1.0,Higher-Value Customers
999,1991,Graduation,Alone,86037.0,0,0,2013-01-02,95,490,44,125,29,20,22,1,6,7,11,3,0,1,1,0,0,0,1,0,23,730,24,1,543,1.0,Higher-Value Customers
9215,1980,PhD,Partner,43974.0,1,0,2012-12-12,19,378,0,101,0,0,72,5,6,4,6,7,0,0,0,0,0,0,0,1,34,551,16,3,564,1.0,Higher-Value Customers
2286,1962,Graduation,Alone,50785.0,1,1,2013-09-10,27,64,1,21,0,1,27,2,2,1,3,6,0,0,0,0,0,0,0,2,52,114,6,3,292,0.0,Lower-Value Customers
1592,1970,Graduation,Partner,90765.0,0,0,2014-01-24,25,547,99,812,151,82,33,0,4,6,5,1,0,0,1,1,0,0,0,0,44,1724,15,2,156,1.0,Higher-Value Customers
367,1978,2n Cycle,Partner,36550.0,1,0,2013-02-19,74,47,90,94,123,103,120,5,9,1,5,9,0,0,0,0,0,0,0,1,36,577,15,3,495,1.0,Higher-Value Customers
5234,1967,2n Cycle,Partner,30753.0,1,1,2013-07-11,85,12,5,25,0,9,30,2,1,1,3,5,0,0,0,0,0,0,0,2,47,81,5,4,353,0.0,Lower-Value Customers
9862,1969,Graduation,Partner,21918.0,1,0,2013-11-14,37,1,6,7,11,5,3,2,2,0,3,6,0,0,0,0,0,0,0,1,45,33,5,3,227,0.0,Lower-Value Customers
9805,1953,Master,Partner,56129.0,0,1,2013-06-20,65,320,48,133,39,72,48,4,6,2,10,4,0,0,0,0,0,0,0,1,61,660,18,3,374,1.0,Higher-Value Customers
6205,1967,Master,Alone,32557.0,1,0,2014-02-24,13,34,3,29,0,4,10,3,2,1,3,5,0,0,0,0,0,0,1,1,47,80,6,2,125,0.0,Lower-Value Customers
8442,1985,Master,Partner,19510.0,2,0,2013-09-04,63,9,0,7,3,4,7,2,1,0,3,7,0,0,0,0,0,0,0,2,29,30,4,4,298,0.0,Lower-Value Customers
7386,1976,Graduation,Alone,30992.0,1,0,2013-04-22,83,17,0,14,7,3,2,1,1,0,3,7,0,0,0,0,0,0,0,1,38,43,4,2,433,0.0,Lower-Value Customers
7215,1983,Graduation,Alone,101970.0,0,0,2013-03-12,69,722,27,102,44,72,168,0,6,8,13,2,0,1,1,1,0,0,1,0,31,1135,27,1,474,1.0,Higher-Value Customers
1491,1965,2n Cycle,Partner,71488.0,0,0,2013-02-18,87,162,33,124,40,28,172,2,3,4,7,1,0,0,0,0,0,0,0,0,49,559,14,2,496,1.0,Higher-Value Customers
11071,1984,Graduation,Alone,79607.0,0,0,2013-04-21,37,450,133,951,173,0,216,1,3,6,6,1,0,0,0,0,0,0,1,0,30,1923,15,1,434,1.0,Higher-Value Customers
3381,1953,Master,Partner,54348.0,1,1,2014-06-08,51,70,0,16,0,0,4,2,2,0,4,6,0,0,0,0,0,0,0,2,61,90,6,4,21,0.0,Lower-Value Customers
8268,1961,PhD,Partner,51381.5,0,1,2013-07-11,23,352,0,27,10,0,15,3,6,1,7,6,0,0,0,0,0,0,0,1,53,404,14,3,353,0.0,Lower-Value Customers
11051,1956,PhD,Partner,77376.0,1,1,2014-05-10,72,492,19,110,16,12,12,4,6,3,10,4,0,0,0,0,0,0,0,2,58,661,19,4,50,1.0,Higher-Value Customers
8026,1952,Graduation,Partner,62998.0,0,1,2013-09-30,10,120,58,73,65,89,58,5,5,4,5,5,0,0,0,0,0,0,0,1,62,463,14,3,272,1.0,Higher-Value Customers
433,1958,Master,Alone,61331.0,1,1,2013-03-10,42,534,5,47,0,5,41,5,11,1,6,8,0,0,0,0,0,0,0,2,56,632,18,3,476,1.0,Higher-Value Customers
9597,1969,Graduation,Partner,73448.0,0,0,2014-02-10,10,236,106,189,23,41,130,1,7,2,9,4,0,0,0,0,0,0,0,0,45,725,18,2,139,1.0,Higher-Value Customers
1295,1963,Graduation,Partner,51381.5,0,1,2013-08-11,96,231,65,196,38,71,124,1,6,5,7,4,0,0,0,0,0,0,0,1,51,725,18,3,322,1.0,Higher-Value Customers
5290,1964,PhD,Partner,41551.0,1,1,2013-08-14,51,220,0,33,3,0,23,5,5,1,5,8,0,0,0,0,0,0,0,2,50,279,11,4,319,0.0,Lower-Value Customers
1685,1967,PhD,Partner,62981.0,0,0,2013-03-17,21,796,14,590,38,44,0,1,4,5,13,3,0,1,0,0,0,0,0,0,47,1482,22,2,469,1.0,Higher-Value Customers
5342,1976,Basic,Alone,9548.0,1,0,2012-08-08,31,0,1,3,10,6,9,2,1,0,3,8,0,0,0,0,0,0,0,1,38,29,4,2,690,0.0,Lower-Value Customers
9579,1959,PhD,Partner,33762.0,2,1,2013-07-07,61,53,1,34,2,0,16,3,2,2,2,8,0,0,0,0,0,0,0,3,55,106,6,5,357,0.0,Lower-Value Customers
7660,1973,PhD,Alone,35860.0,1,1,2014-05-19,37,15,0,8,4,2,20,2,1,1,2,5,1,0,0,0,0,0,1,2,41,49,4,3,41,0.0,Lower-Value Customers
1461,1965,PhD,Alone,36921.0,1,1,2013-07-28,74,17,1,12,3,1,4,2,2,0,3,7,0,0,0,0,0,0,0,2,49,38,5,3,336,0.0,Lower-Value Customers
821,1992,Master,Alone,92859.0,0,0,2012-10-19,46,962,61,921,52,61,20,1,5,4,12,2,0,0,0,0,0,0,0,0,22,2077,21,1,618,1.0,Higher-Value Customers
11084,1976,Master,Partner,65104.0,0,1,2013-11-14,4,738,0,232,13,20,50,2,3,5,7,7,0,0,0,0,0,0,1,1,38,1053,15,3,227,1.0,Higher-Value Customers
8690,1962,Graduation,Partner,86111.0,0,0,2013-04-19,73,399,28,756,36,40,126,1,5,7,10,2,0,0,0,0,0,0,0,0,52,1385,22,2,436,1.0,Higher-Value Customers
2937,1974,PhD,Alone,68352.0,0,1,2013-08-28,47,614,16,132,43,33,33,3,8,5,9,6,0,0,0,0,0,0,0,1,40,871,22,2,305,1.0,Higher-Value Customers
9701,1988,Graduation,Partner,41883.0,1,0,2013-03-19,13,32,34,41,73,16,116,3,4,2,3,7,0,0,0,0,0,0,0,1,26,312,9,3,467,0.0,Lower-Value Customers
9949,1976,Graduation,Partner,59809.0,0,2,2012-10-18,36,598,16,141,32,41,49,3,3,3,6,8,0,0,0,0,0,0,0,2,38,877,12,4,619,1.0,Higher-Value Customers
10837,1975,Graduation,Partner,23957.0,1,0,2012-10-28,47,2,1,18,20,11,16,1,2,0,3,6,0,0,0,0,0,0,1,1,39,68,5,3,609,0.0,Lower-Value Customers
3120,1981,Graduation,Partner,38547.0,1,0,2013-08-28,49,6,1,10,0,1,4,1,1,0,2,8,0,0,0,0,0,1,0,1,33,22,3,3,305,0.0,Lower-Value Customers
5885,1973,2n Cycle,Partner,35688.0,2,1,2012-08-22,94,73,3,90,12,1,32,7,4,1,4,8,0,0,0,0,0,0,0,3,41,211,9,5,676,0.0,Lower-Value Customers
4050,1966,Master,Partner,49605.0,0,0,2014-06-21,65,42,16,29,12,20,8,1,2,1,4,3,0,0,0,0,0,0,0,0,48,127,7,2,8,0.0,Lower-Value Customers
3830,1953,Master,Partner,59354.0,0,2,2014-04-24,59,295,21,78,39,13,13,1,4,4,7,3,0,0,0,0,0,0,0,2,61,459,15,4,66,1.0,Higher-Value Customers
7987,1969,Graduation,Partner,65747.0,0,1,2014-03-07,96,346,17,48,23,13,13,4,8,1,6,6,0,1,0,0,0,0,0,1,45,460,15,3,114,1.0,Higher-Value Customers
7798,1972,2n Cycle,Partner,46344.0,0,1,2012-12-14,28,233,20,57,8,20,91,4,7,1,5,7,0,0,0,0,0,0,0,1,42,429,13,3,562,0.0,Lower-Value Customers
92,1988,Graduation,Alone,34176.0,1,0,2014-05-12,12,5,7,24,19,14,20,4,3,0,4,6,0,0,0,0,0,0,0,1,26,89,7,2,48,0.0,Lower-Value Customers
7055,1952,PhD,Partner,61010.0,0,1,2012-10-09,57,888,0,57,0,0,76,2,8,5,11,5,0,0,0,0,0,0,0,1,62,1021,24,3,628,1.0,Higher-Value Customers
10240,1949,Graduation,Partner,69372.0,0,0,2013-02-19,10,997,26,269,34,13,42,1,10,4,6,4,0,1,1,0,0,0,1,0,65,1381,20,2,495,1.0,Higher-Value Customers
3025,1958,Graduation,Alone,49967.0,0,1,2013-07-08,4,212,6,69,4,12,3,3,6,1,5,7,0,0,0,0,0,0,0,1,56,306,12,2,356,0.0,Lower-Value Customers
9283,1978,Graduation,Alone,60199.0,1,2,2013-09-12,49,8,1,7,2,0,0,1,0,0,3,4,0,0,0,0,0,0,0,3,36,18,3,4,290,0.0,Lower-Value Customers
9970,1977,Graduation,Partner,55375.0,0,1,2013-10-17,3,42,11,57,10,28,14,1,1,1,6,2,0,0,0,0,0,0,0,1,37,162,8,3,255,0.0,Lower-Value Customers
2730,1955,Graduation,Alone,80317.0,0,0,2013-08-20,64,536,11,387,149,91,57,1,3,4,10,1,0,0,0,0,0,0,0,0,59,1231,17,1,313,1.0,Higher-Value Customers
2795,1958,Master,Alone,30523.0,2,1,2013-07-01,0,5,0,3,0,0,5,1,1,0,2,7,0,0,0,0,0,0,0,3,56,13,3,4,363,0.0,Lower-Value Customers
9260,1945,PhD,Partner,70356.0,0,0,2012-11-05,20,1349,16,249,43,16,33,2,10,6,9,6,0,0,0,0,0,0,0,0,69,1706,25,2,601,1.0,Higher-Value Customers
8182,1984,Graduation,Partner,23228.0,1,0,2014-01-05,91,53,3,49,7,4,5,4,3,0,4,8,0,0,0,0,0,0,0,1,30,121,7,3,175,0.0,Lower-Value Customers
10095,1975,PhD,Alone,74165.0,0,0,2013-05-01,9,1001,12,240,16,12,12,1,5,4,10,2,0,0,0,0,0,0,0,0,39,1293,19,1,424,1.0,Higher-Value Customers
8475,1973,PhD,Partner,157243.0,0,1,2014-03-01,98,20,2,1582,1,2,1,15,0,22,0,0,0,0,0,0,0,0,0,1,41,1608,22,3,120,1.0,Higher-Value Customers
4370,1966,Graduation,Partner,43482.0,2,1,2013-11-13,83,18,1,32,6,3,28,3,2,0,4,6,0,0,0,0,0,0,0,3,48,88,6,5,228,0.0,Lower-Value Customers
10573,1953,Graduation,Alone,62551.0,0,0,2013-11-18,27,125,16,98,134,21,27,1,6,7,4,3,1,0,0,0,0,0,0,0,61,421,17,1,223,1.0,Higher-Value Customers
3712,1959,Graduation,Alone,52332.0,0,0,2013-08-28,63,212,5,33,7,0,2,1,3,2,6,4,0,1,0,0,0,0,0,0,55,259,11,1,305,0.0,Lower-Value Customers
6637,1988,Graduation,Alone,66951.0,0,0,2013-11-02,46,277,162,305,173,76,124,1,3,4,7,1,0,0,0,0,0,0,0,0,26,1117,14,1,239,1.0,Higher-Value Customers
3152,1957,Graduation,Partner,26091.0,1,1,2014-02-25,84,15,10,19,8,17,20,3,2,1,3,5,0,0,0,0,0,0,0,2,57,89,6,4,124,0.0,Lower-Value Customers
5610,1965,Graduation,Partner,33456.0,1,1,2014-04-21,58,7,3,10,8,1,7,2,1,0,3,7,0,0,0,0,0,0,0,2,49,36,4,4,69,0.0,Lower-Value Customers
6460,1982,Graduation,Partner,28718.0,1,0,2013-07-13,78,12,4,6,11,8,16,2,2,0,3,8,0,0,0,0,0,0,0,1,32,57,5,3,351,0.0,Lower-Value Customers
1349,1970,Graduation,Partner,50447.0,2,0,2014-04-21,4,85,7,24,2,3,27,1,3,1,3,6,0,0,0,0,0,0,0,2,44,148,7,4,69,0.0,Lower-Value Customers
1880,1959,PhD,Partner,53537.0,1,1,2014-01-30,17,81,0,6,0,0,6,2,2,1,3,5,0,0,0,0,0,0,0,2,55,93,6,4,150,0.0,Lower-Value Customers
641,1967,Graduation,Alone,52074.0,0,1,2014-04-04,77,59,0,12,0,0,48,1,2,2,2,4,1,0,0,0,0,0,0,1,47,119,6,2,86,0.0,Lower-Value Customers
8717,1975,PhD,Partner,80427.0,0,1,2012-09-12,56,1149,71,449,69,71,26,1,11,8,8,5,0,0,0,0,0,0,0,1,39,1835,27,3,655,1.0,Higher-Value Customers
10314,1948,PhD,Partner,83837.0,0,0,2012-12-16,79,847,66,119,86,89,111,1,9,10,5,4,0,1,0,1,0,0,1,0,66,1318,24,2,560,1.0,Higher-Value Customers
10854,1970,PhD,Partner,38853.0,1,1,2014-05-23,90,29,0,14,0,0,2,2,2,0,3,7,0,0,0,0,0,0,0,2,44,45,5,4,37,0.0,Lower-Value Customers
10492,1959,Graduation,Partner,38285.0,2,1,2014-06-24,96,2,0,5,2,0,1,1,0,0,3,2,0,0,0,0,0,0,0,3,55,10,3,5,5,0.0,Lower-Value Customers
6935,1951,2n Cycle,Partner,78497.0,0,0,2013-12-01,44,207,26,447,75,0,223,1,5,7,12,2,0,0,0,1,0,0,0,0,63,978,24,2,210,1.0,Higher-Value Customers
7698,1976,PhD,Partner,51650.0,0,1,2014-05-11,81,152,3,22,2,5,7,1,4,1,4,5,0,0,0,0,0,0,0,1,38,191,9,3,49,0.0,Lower-Value Customers
3559,1988,2n Cycle,Partner,16248.0,1,0,2014-05-10,77,12,11,10,3,12,9,3,2,1,3,6,0,0,0,0,0,0,0,1,26,57,6,3,50,0.0,Lower-Value Customers
10562,1946,Master,Partner,66835.0,0,0,2013-09-28,21,620,26,195,34,17,141,1,6,4,13,2,0,0,0,0,0,0,0,0,68,1033,23,2,274,1.0,Higher-Value Customers
10796,1984,Master,Partner,30477.0,1,0,2014-01-22,16,47,1,6,0,0,12,1,1,1,3,6,0,0,0,0,0,0,0,1,30,66,5,3,158,0.0,Lower-Value Customers
2563,1961,Basic,Partner,28249.0,0,0,2014-06-15,80,1,9,7,2,14,10,1,2,0,3,6,0,0,0,0,0,0,0,0,53,43,5,2,14,0.0,Lower-Value Customers
3518,1983,Graduation,Partner,25271.0,1,0,2012-12-05,45,10,1,18,10,4,7,1,1,1,2,9,0,0,0,0,0,0,0,1,31,50,4,3,571,0.0,Lower-Value Customers
5823,1970,PhD,Alone,32303.0,0,1,2014-03-08,63,35,0,2,0,0,2,2,1,0,4,5,0,0,0,0,0,0,0,1,44,39,5,2,113,0.0,Lower-Value Customers
3934,1966,Graduation,Partner,61286.0,0,1,2013-08-02,34,356,0,107,19,9,117,2,7,1,8,5,0,0,0,0,0,0,0,1,48,608,16,3,331,1.0,Higher-Value Customers
6982,1976,Graduation,Partner,74068.0,0,0,2013-03-19,14,783,30,537,140,76,15,1,4,10,9,2,0,0,0,0,0,0,0,0,38,1581,23,2,467,1.0,Higher-Value Customers
6431,1964,PhD,Partner,45759.0,1,1,2013-02-23,13,42,1,18,3,0,4,2,2,0,3,7,0,0,0,0,0,0,0,2,50,68,5,4,491,0.0,Lower-Value Customers
9733,1978,Basic,Partner,24882.0,1,0,2012-09-09,52,1,4,10,29,0,36,1,1,1,2,6,1,0,0,0,0,0,0,1,36,80,4,3,658,0.0,Lower-Value Customers
5602,1989,PhD,Partner,66973.0,0,0,2013-05-17,98,466,22,432,147,113,102,1,8,7,12,3,0,0,0,0,0,0,0,0,25,1282,27,2,408,1.0,Higher-Value Customers
1324,1988,Graduation,Partner,38872.0,1,0,2013-05-30,93,23,3,21,3,19,22,2,3,0,3,8,0,0,0,0,0,0,0,1,26,91,6,3,395,0.0,Lower-Value Customers
326,1973,Graduation,Partner,51148.0,1,1,2013-02-18,38,235,6,45,8,9,12,4,5,1,6,6,0,0,0,0,0,0,0,2,41,315,12,4,496,0.0,Lower-Value Customers
7224,1977,Graduation,Partner,31353.0,1,1,2013-12-29,24,10,0,10,3,1,7,2,1,1,2,8,0,0,0,0,0,0,0,2,37,31,4,4,182,0.0,Lower-Value Customers
6999,1980,Master,Partner,69661.0,0,0,2014-05-13,80,656,16,106,32,16,8,1,7,3,12,3,0,0,0,0,0,0,0,0,34,834,22,2,47,1.0,Higher-Value Customers
9938,1954,Graduation,Partner,80067.0,0,0,2013-09-19,82,519,17,813,27,173,51,1,4,6,6,2,0,0,1,0,0,0,0,0,60,1600,16,2,283,1.0,Higher-Value Customers
6422,1954,Graduation,Partner,86718.0,0,0,2013-01-17,20,344,189,482,50,33,172,1,5,6,5,2,0,0,0,0,0,0,0,0,60,1270,16,2,528,1.0,Higher-Value Customers
3182,1973,PhD,Alone,46854.0,1,1,2014-03-31,81,96,1,79,7,1,79,6,5,1,3,8,1,0,0,0,0,0,1,2,41,263,9,3,90,0.0,Lower-Value Customers
7300,1952,Graduation,Alone,69142.0,0,1,2014-06-29,50,448,4,34,6,4,39,3,8,1,7,5,0,1,0,0,0,0,0,1,62,535,16,2,0,1.0,Higher-Value Customers
10424,1968,Graduation,Alone,75922.0,0,0,2013-12-09,60,265,138,553,224,23,92,1,4,4,9,1,0,0,0,0,0,0,0,0,46,1295,17,1,202,1.0,Higher-Value Customers
8727,1978,Graduation,Alone,63693.0,0,1,2013-10-14,63,587,43,337,42,87,54,3,11,6,9,6,0,0,0,0,0,0,0,1,36,1150,26,2,258,1.0,Higher-Value Customers
2798,1977,PhD,Partner,102160.0,0,0,2012-11-02,54,763,29,138,76,176,58,0,7,9,10,4,0,1,1,1,0,0,1,0,37,1240,26,2,604,1.0,Higher-Value Customers
1030,1965,PhD,Alone,40637.0,1,1,2013-07-17,72,22,0,13,0,0,3,2,1,0,3,7,0,0,0,0,0,0,0,2,49,38,4,3,347,0.0,Lower-Value Customers
624,1984,Master,Alone,18890.0,0,0,2012-11-10,5,6,4,1,7,2,15,1,0,1,2,6,1,0,0,0,0,0,1,0,30,35,3,1,596,0.0,Lower-Value Customers
5176,1988,Graduation,Partner,29604.0,1,0,2013-12-08,88,7,6,13,7,6,14,1,1,0,3,9,1,0,0,0,0,0,0,1,26,53,4,3,203,0.0,Lower-Value Customers
5552,1963,Master,Alone,48721.0,1,1,2013-05-13,50,81,18,113,47,13,21,6,4,2,5,6,0,0,0,0,0,0,0,2,51,293,11,3,412,0.0,Lower-Value Customers
868,1966,Graduation,Partner,44794.0,0,1,2014-06-08,99,54,0,7,0,0,4,1,2,0,3,6,0,0,0,0,0,0,0,1,48,65,5,3,21,0.0,Lower-Value Customers
380,1954,Graduation,Alone,64497.0,0,1,2012-09-10,17,1170,48,320,42,32,192,5,11,4,9,8,1,0,0,0,0,0,1,1,60,1804,24,2,657,1.0,Higher-Value Customers
2677,1956,Graduation,Partner,46097.0,0,1,2013-03-31,11,72,24,68,65,4,8,5,3,1,6,4,0,0,0,0,0,0,0,1,58,241,10,3,455,0.0,Lower-Value Customers
6521,1954,Graduation,Partner,77972.0,0,0,2014-03-18,18,613,22,319,33,102,12,1,4,6,9,1,0,0,0,0,0,0,0,0,60,1101,19,2,103,1.0,Higher-Value Customers
6927,1968,PhD,Partner,44377.0,1,1,2012-10-05,70,224,0,30,0,0,10,8,5,1,5,8,0,0,0,0,0,0,0,2,46,264,11,4,632,0.0,Lower-Value Customers
2877,1974,Master,Partner,46014.0,1,1,2013-01-21,21,410,0,59,19,9,44,10,7,1,8,7,0,0,0,0,0,0,0,2,40,541,16,4,524,1.0,Higher-Value Customers
0,1985,Graduation,Partner,70951.0,0,0,2013-05-04,66,239,10,554,254,87,54,1,3,4,9,1,0,0,0,0,0,0,0,0,29,1198,16,2,421,1.0,Higher-Value Customers
1584,1977,Graduation,Partner,41443.0,1,0,2014-04-01,79,171,7,171,25,19,89,6,8,1,5,8,0,0,0,0,0,0,0,1,37,482,14,3,89,0.0,Lower-Value Customers
7264,1978,2n Cycle,Alone,52195.0,2,1,2014-05-12,2,12,0,4,0,0,1,1,1,0,2,8,0,0,0,0,0,0,0,3,36,17,3,4,48,0.0,Lower-Value Customers
6274,1948,Master,Partner,83790.0,0,0,2013-11-15,81,1076,16,417,42,48,16,1,8,10,6,3,0,1,1,0,0,0,0,0,66,1615,24,2,226,1.0,Higher-Value Customers
1377,1954,Master,Alone,44551.0,0,1,2013-08-31,24,182,4,33,0,0,66,2,4,1,5,7,0,0,0,0,0,0,0,1,60,285,10,2,302,0.0,Lower-Value Customers
454,1980,Graduation,Partner,69508.0,1,0,2012-11-14,48,824,32,162,42,32,43,2,11,4,11,6,0,0,0,0,0,0,0,1,34,1135,26,3,592,1.0,Higher-Value Customers
1755,1988,2n Cycle,Partner,45204.0,1,0,2014-04-11,93,30,11,25,29,1,18,1,1,1,4,3,0,0,0,0,0,0,0,1,26,114,6,3,79,0.0,Lower-Value Customers
2075,1969,Graduation,Partner,72460.0,0,0,2013-11-14,56,377,10,540,80,30,10,1,3,5,7,1,0,0,0,0,0,0,0,0,45,1047,15,2,227,1.0,Higher-Value Customers
4785,1970,PhD,Partner,77622.0,0,2,2014-04-14,3,520,7,154,19,0,14,2,6,3,11,3,0,0,0,0,0,0,0,2,44,714,20,4,76,1.0,Higher-Value Customers
9076,1980,PhD,Partner,30732.0,1,0,2013-01-05,44,155,1,25,0,1,3,4,4,1,4,8,0,0,0,0,0,0,0,1,34,185,9,3,540,0.0,Lower-Value Customers
7079,1962,Graduation,Alone,63887.0,0,1,2012-09-08,38,897,23,207,15,11,92,5,9,6,12,6,0,0,0,0,0,0,0,1,52,1245,27,2,659,1.0,Higher-Value Customers
4653,1978,Graduation,Partner,42011.0,1,0,2013-03-26,46,131,0,16,2,1,39,4,3,1,4,8,0,0,0,0,0,0,0,1,36,189,8,3,460,0.0,Lower-Value Customers
7375,1976,Graduation,Partner,51369.0,0,1,2012-10-25,84,297,7,79,0,11,182,2,8,2,4,8,0,0,0,0,0,0,0,1,38,576,14,3,612,1.0,Higher-Value Customers
709,1952,Graduation,Alone,51537.0,0,1,2012-12-09,27,787,20,204,0,0,92,3,2,2,11,8,0,0,0,0,0,0,0,1,62,1103,15,2,567,1.0,Higher-Value Customers
460,1972,PhD,Partner,79930.0,0,0,2012-08-08,72,792,86,740,67,51,17,1,3,5,8,2,0,0,0,0,0,0,0,0,42,1753,16,2,690,1.0,Higher-Value Customers
3726,1986,PhD,Partner,34320.0,1,0,2014-02-16,66,4,1,9,3,0,0,1,1,0,2,8,0,0,0,0,0,0,0,1,28,17,3,3,133,0.0,Lower-Value Customers
6798,1966,Graduation,Alone,37070.0,1,1,2013-03-20,30,231,7,137,4,15,39,9,5,1,8,7,0,0,0,0,0,0,1,2,48,433,14,3,466,0.0,Lower-Value Customers
5341,1962,2n Cycle,Alone,81975.0,0,1,2013-01-05,2,983,76,184,180,138,27,1,6,3,4,7,0,0,1,0,0,0,0,1,52,1588,13,2,540,1.0,Higher-Value Customers
1606,1971,Graduation,Partner,38590.0,1,0,2013-05-15,65,3,1,8,4,3,3,1,1,0,2,8,0,0,0,0,0,0,0,1,43,22,3,3,410,0.0,Lower-Value Customers
9617,1951,Graduation,Alone,15033.0,0,0,2014-04-16,37,0,4,5,6,0,4,1,1,0,3,3,0,0,0,0,0,0,0,0,63,19,4,1,74,0.0,Lower-Value Customers
3233,1965,PhD,Partner,62745.0,0,1,2013-03-23,89,562,21,464,28,10,32,3,7,8,11,5,0,0,0,0,0,0,0,1,49,1117,26,3,463,1.0,Higher-Value Customers
89,1975,2n Cycle,Partner,22212.0,1,0,2013-12-09,49,5,9,20,6,8,21,2,2,0,4,6,0,0,0,0,0,0,0,1,39,69,6,3,202,0.0,Lower-Value Customers
2936,1982,Master,Partner,23661.0,1,0,2013-12-04,46,18,0,4,0,0,1,1,1,0,3,7,0,0,0,0,0,0,0,1,32,23,4,3,207,0.0,Lower-Value Customers
9449,1958,PhD,Alone,79761.0,0,1,2013-10-04,32,415,5,124,15,35,11,1,5,2,11,3,0,0,0,0,0,0,0,1,56,605,18,2,268,1.0,Higher-Value Customers
7297,1973,Graduation,Alone,7500.0,1,0,2013-12-26,54,5,3,10,12,7,20,4,3,1,3,7,0,0,0,0,0,0,0,1,41,57,7,2,185,0.0,Lower-Value Customers
313,1968,Graduation,Alone,73455.0,0,0,2013-10-28,98,901,61,757,186,163,20,1,6,5,10,3,0,1,0,0,0,0,0,0,46,2088,21,1,244,1.0,Higher-Value Customers
9940,1958,Graduation,Partner,64961.0,0,1,2012-12-23,97,382,114,276,75,124,38,2,6,4,4,3,0,0,0,0,0,0,0,1,56,1009,14,3,553,1.0,Higher-Value Customers
10735,1971,Graduation,Alone,22804.0,1,0,2013-07-31,75,14,1,7,2,1,1,1,2,0,2,9,0,0,0,0,0,0,0,1,43,26,4,2,333,0.0,Lower-Value Customers
9529,1990,Graduation,Partner,73687.0,0,0,2013-11-28,8,559,153,503,218,13,181,1,3,9,9,2,0,0,0,1,0,0,1,0,24,1627,21,2,213,1.0,Higher-Value Customers
6439,1958,Graduation,Partner,61074.0,0,1,2012-08-17,37,789,0,133,0,28,152,7,11,5,8,7,0,0,0,0,0,0,0,1,56,1102,24,3,681,1.0,Higher-Value Customers
7411,1964,PhD,Partner,31686.0,1,1,2014-06-05,31,11,0,5,0,0,1,2,1,0,3,6,0,0,0,0,0,0,0,2,50,17,4,4,24,0.0,Lower-Value Customers
2176,1972,Graduation,Partner,80134.0,1,0,2013-05-20,40,1218,16,272,104,0,80,2,5,3,6,6,0,1,1,1,0,0,1,1,42,1690,14,3,405,1.0,Higher-Value Customers
9265,1953,Graduation,Partner,75027.0,0,1,2013-01-09,74,925,64,179,133,12,77,2,9,4,6,5,0,0,0,0,0,0,0,1,61,1390,19,3,536,1.0,Higher-Value Customers
8867,1988,PhD,Partner,67546.0,0,0,2012-08-31,90,864,134,768,150,38,172,1,4,10,5,3,0,0,0,0,0,0,0,0,26,2126,19,2,667,1.0,Higher-Value Customers
8932,1969,Master,Partner,65176.0,0,1,2012-10-29,57,960,28,183,220,70,70,4,9,6,6,6,0,0,0,0,0,0,0,1,45,1531,21,3,608,1.0,Higher-Value Customers
10236,1975,Master,Alone,31160.0,1,0,2013-09-16,59,16,3,25,6,1,13,2,2,0,3,8,0,0,0,0,0,0,0,1,39,64,5,2,286,0.0,Lower-Value Customers
6340,1985,Graduation,Alone,29938.0,1,0,2013-10-27,52,3,3,7,0,2,11,2,1,0,3,6,0,0,0,0,0,0,0,1,29,26,4,2,245,0.0,Lower-Value Customers
10089,1974,Graduation,Alone,102692.0,0,0,2013-04-05,5,168,148,444,32,172,148,1,6,9,13,2,0,1,1,1,1,0,1,0,40,1112,28,1,450,1.0,Higher-Value Customers
2227,1958,2n Cycle,Partner,26490.0,0,0,2012-09-22,92,45,47,52,21,20,25,2,3,1,5,6,0,0,0,0,0,0,0,0,56,210,9,2,645,0.0,Lower-Value Customers
10992,1967,Graduation,Partner,75702.0,1,1,2012-08-29,77,650,28,353,45,42,30,5,4,6,11,8,0,0,0,0,0,0,0,2,47,1148,21,4,669,1.0,Higher-Value Customers
5304,1974,PhD,Alone,30899.0,1,0,2012-10-13,35,24,0,8,0,0,1,2,1,0,3,6,0,0,0,0,0,0,0,1,40,33,4,2,624,0.0,Lower-Value Customers
309,1961,PhD,Partner,63342.0,0,1,2012-10-16,48,918,21,118,13,10,21,3,8,3,5,6,0,1,0,0,0,0,0,1,53,1101,16,3,621,1.0,Higher-Value Customers
3406,1964,Graduation,Alone,45989.0,0,1,2012-10-22,97,138,33,87,28,24,12,4,3,2,7,3,0,0,0,0,0,0,0,1,50,322,12,2,615,0.0,Lower-Value Customers
2661,1964,Graduation,Alone,18701.0,1,1,2013-06-04,95,12,4,2,10,6,10,4,2,0,4,5,0,0,0,0,0,0,0,2,50,44,6,3,390,0.0,Lower-Value Customers
3153,1957,PhD,Alone,40737.0,2,1,2013-12-08,24,11,0,4,0,0,2,1,1,0,2,8,0,0,0,0,0,0,0,3,57,17,3,4,203,0.0,Lower-Value Customers
10264,1979,Graduation,Alone,15287.0,1,0,2012-10-10,60,1,2,8,4,3,13,2,1,1,2,7,1,0,0,0,0,0,1,1,35,31,4,2,627,0.0,Lower-Value Customers
1184,1968,PhD,Alone,69674.0,0,2,2013-05-22,46,554,41,215,11,0,24,3,10,2,10,5,0,0,0,0,0,0,0,2,46,845,22,3,403,1.0,Higher-Value Customers
4200,1970,Master,Partner,44159.0,1,0,2014-06-17,85,167,2,62,24,13,7,4,4,1,6,5,0,0,0,0,0,0,0,1,44,275,11,3,12,0.0,Lower-Value Customers
9396,1978,PhD,Partner,37717.0,1,0,2012-11-23,31,9,0,6,4,1,5,1,1,0,2,9,0,0,0,0,0,0,0,1,36,25,3,3,583,0.0,Lower-Value Customers
2387,1952,Master,Partner,43776.0,1,1,2013-02-03,9,177,2,71,3,2,20,6,5,2,4,8,0,0,0,0,0,0,1,2,62,275,11,4,511,0.0,Lower-Value Customers
6690,1966,Master,Partner,38179.0,1,1,2013-03-14,30,38,4,22,4,2,20,4,3,1,3,7,0,0,0,0,0,0,0,2,48,90,7,4,472,0.0,Lower-Value Customers
1225,1963,Graduation,Partner,80124.0,0,0,2014-06-26,47,483,84,398,205,84,241,1,3,7,8,1,1,0,0,0,0,0,0,0,51,1495,18,2,3,1.0,Higher-Value Customers
9703,1970,PhD,Partner,38097.0,1,1,2012-10-15,70,77,2,35,0,1,69,4,3,2,2,7,1,0,0,0,0,0,1,2,44,184,7,4,622,0.0,Lower-Value Customers
291,1970,Graduation,Partner,72940.0,0,0,2013-06-19,13,182,74,298,162,149,116,1,3,3,6,1,0,0,0,0,0,0,0,0,44,981,12,2,375,1.0,Higher-Value Customers
4557,1970,Graduation,Partner,22070.0,1,0,2013-10-04,11,10,7,19,8,2,21,2,2,2,2,6,0,0,0,0,0,0,0,1,44,67,6,3,268,0.0,Lower-Value Customers
2379,1953,Graduation,Alone,69267.0,0,0,2012-09-22,31,778,44,499,95,73,146,2,3,4,5,7,0,0,0,0,0,0,1,0,61,1635,12,1,645,1.0,Higher-Value Customers
5726,1983,Master,Alone,31788.0,1,0,2014-03-20,15,16,7,23,0,8,6,3,3,0,4,5,0,0,0,0,0,1,0,1,31,60,7,2,101,0.0,Lower-Value Customers
3066,1975,PhD,Partner,61905.0,0,1,2014-02-04,2,167,0,43,6,2,13,2,4,2,4,5,0,0,0,0,0,0,0,1,39,231,10,3,145,0.0,Lower-Value Customers
6336,1960,Graduation,Partner,29315.0,1,1,2014-04-06,55,13,2,14,8,7,4,4,2,0,4,6,0,0,0,0,0,0,0,2,54,48,6,4,84,0.0,Lower-Value Customers
10967,1963,Graduation,Alone,33378.0,1,1,2013-02-06,38,33,6,40,3,7,10,3,2,0,4,7,0,0,0,0,0,0,0,2,51,99,6,3,508,0.0,Lower-Value Customers
2304,1963,PhD,Partner,66313.0,0,1,2013-09-16,86,625,7,99,10,22,7,2,6,3,12,4,0,0,0,0,0,0,0,1,51,770,21,3,286,1.0,Higher-Value Customers
3445,1956,Graduation,Alone,60714.0,0,0,2013-01-17,56,216,162,224,101,92,162,2,7,4,10,5,0,0,0,0,0,0,1,0,58,957,21,1,528,1.0,Higher-Value Customers
7828,1981,Master,Partner,77882.0,0,0,2014-04-30,29,68,129,396,188,22,15,1,3,3,5,1,0,0,0,0,0,0,0,0,33,818,11,2,60,1.0,Higher-Value Customers
3762,1986,PhD,Alone,69867.0,0,0,2013-04-02,30,196,0,512,33,130,54,1,3,5,8,1,0,0,0,1,0,0,1,0,28,925,16,1,453,1.0,Higher-Value Customers
4391,1968,Master,Alone,63841.0,0,1,2013-04-21,64,635,15,100,20,7,131,1,9,3,9,6,0,0,0,0,0,0,0,1,46,908,21,2,434,1.0,Higher-Value Customers
4669,1981,Basic,Partner,24480.0,1,0,2013-02-11,46,4,19,9,28,25,17,3,3,0,4,7,0,0,0,0,0,0,0,1,33,102,7,3,503,0.0,Lower-Value Customers
10144,1976,Graduation,Partner,51369.0,0,1,2012-10-25,84,297,7,79,0,11,182,2,8,2,4,8,0,0,0,0,0,0,0,1,38,576,14,3,612,1.0,Higher-Value Customers
8652,1946,Graduation,Partner,37760.0,0,0,2012-08-31,20,84,5,38,150,12,28,2,4,1,6,7,0,0,0,0,0,0,0,0,68,317,11,2,667,0.0,Lower-Value Customers
1672,1974,PhD,Partner,65640.0,0,1,2014-03-01,74,204,7,149,20,15,66,1,5,1,8,2,0,0,0,0,0,0,0,1,40,461,14,3,120,1.0,Higher-Value Customers
8962,1975,Master,Partner,44319.0,1,1,2014-04-17,18,26,0,8,0,0,3,2,2,0,3,5,0,0,0,0,0,0,0,2,39,37,5,4,73,0.0,Lower-Value Customers
9974,1974,Graduation,Partner,30631.0,1,0,2013-07-12,75,15,6,20,4,5,20,1,3,1,2,7,0,0,0,0,0,0,0,1,40,70,6,3,352,0.0,Lower-Value Customers
10983,1952,Graduation,Partner,75278.0,0,0,2013-01-29,17,304,98,230,150,74,74,1,6,3,13,3,0,0,0,0,0,0,0,0,62,930,22,2,516,1.0,Higher-Value Customers
8148,1956,Master,Partner,50898.0,1,1,2013-01-08,88,285,28,242,55,114,135,13,6,2,12,5,0,0,0,0,0,0,0,2,58,859,20,4,537,1.0,Higher-Value Customers
10102,1966,Graduation,Alone,79946.0,0,0,2014-05-12,19,395,183,565,166,141,28,1,5,11,5,3,0,0,0,0,0,0,0,0,48,1478,21,1,48,1.0,Higher-Value Customers
4697,1949,Master,Alone,35416.0,0,0,2013-06-13,62,248,3,81,4,3,51,3,7,1,5,8,0,0,0,0,0,0,0,0,65,390,13,1,381,0.0,Lower-Value Customers
9262,1984,2n Cycle,Partner,32414.0,0,0,2013-07-04,11,20,6,5,0,9,12,1,1,0,3,7,1,0,0,0,0,0,0,0,30,52,4,2,360,0.0,Lower-Value Customers
7254,1969,Graduation,Partner,38361.0,1,0,2013-12-27,74,39,0,56,20,8,14,3,3,1,3,7,0,0,0,0,0,0,0,1,45,137,7,3,184,0.0,Lower-Value Customers
4543,1980,Graduation,Partner,82497.0,0,0,2012-10-31,32,777,129,573,216,21,203,1,2,7,9,4,0,0,1,0,0,0,0,0,34,1919,18,2,606,1.0,Higher-Value Customers
4927,1971,Graduation,Partner,16626.0,2,0,2014-01-15,76,8,3,22,21,1,13,3,3,0,3,9,0,0,0,0,0,0,0,2,43,68,6,4,165,0.0,Lower-Value Customers
10451,1965,Graduation,Partner,29672.0,1,1,2013-03-12,6,9,1,3,0,4,8,1,0,0,3,6,0,0,0,0,0,0,0,2,49,25,3,4,474,0.0,Lower-Value Customers
2926,1952,Master,Partner,55951.0,0,1,2012-08-23,62,1241,0,80,0,13,40,3,3,6,11,8,0,1,0,0,1,0,0,1,62,1374,20,3,675,1.0,Higher-Value Customers
2874,1988,2n Cycle,Alone,35388.0,1,0,2013-03-07,20,6,4,7,4,3,8,1,1,0,3,7,0,0,0,0,0,0,0,1,26,32,4,2,479,0.0,Lower-Value Customers
9738,1986,Master,Partner,42386.0,1,0,2013-01-13,43,65,4,16,0,4,11,1,3,0,3,8,0,0,0,0,0,0,0,1,28,100,6,3,532,0.0,Lower-Value Customers
7119,1982,Graduation,Alone,68627.0,0,0,2013-01-12,45,395,15,263,60,54,38,1,2,3,6,1,0,0,0,0,0,0,0,0,32,825,11,1,533,1.0,Higher-Value Customers
3924,1965,PhD,Alone,57912.0,0,1,2014-03-17,34,801,0,80,0,0,35,5,8,3,12,5,0,1,0,0,0,0,0,1,49,916,23,2,104,1.0,Higher-Value Customers
5827,1958,Graduation,Alone,35246.0,1,1,2014-04-16,53,36,0,12,2,2,10,4,3,1,3,5,0,0,0,0,0,0,0,2,56,62,7,3,74,0.0,Lower-Value Customers
5596,1956,2n Cycle,Partner,58821.0,0,1,2013-10-12,44,513,14,154,19,0,28,1,9,2,9,6,0,0,0,0,0,0,0,1,58,728,20,3,260,1.0,Higher-Value Customers
10812,1978,PhD,Partner,46377.0,1,0,2014-03-01,89,37,0,46,4,3,0,1,2,1,3,4,0,0,0,0,0,0,0,1,36,90,6,3,120,0.0,Lower-Value Customers
1717,1988,Graduation,Alone,39747.0,1,0,2014-04-13,43,80,15,93,20,13,52,3,5,1,4,8,0,0,0,0,0,0,0,1,26,273,10,2,77,0.0,Lower-Value Customers
9491,1984,Graduation,Partner,23976.0,1,0,2013-12-27,68,14,1,21,2,3,25,3,3,1,3,7,0,0,0,0,0,0,0,1,30,66,7,3,184,0.0,Lower-Value Customers
9274,1961,Master,Partner,80950.0,0,0,2013-03-28,44,525,147,112,219,147,63,1,6,7,9,2,0,0,0,1,0,0,0,0,53,1213,22,2,458,1.0,Higher-Value Customers
6609,1966,Graduation,Alone,27038.0,0,0,2012-09-18,64,1,26,25,17,23,15,1,3,0,3,9,0,0,0,0,0,0,1,0,48,107,6,1,649,0.0,Lower-Value Customers
6963,1947,Graduation,Alone,77457.0,0,0,2014-03-05,85,675,11,400,15,45,11,1,2,5,10,1,0,0,1,0,0,0,0,0,67,1157,17,1,116,1.0,Higher-Value Customers
4440,1964,Master,Partner,64100.0,0,1,2013-09-10,93,509,0,27,0,0,10,1,8,3,6,7,0,1,0,0,0,0,0,1,50,546,17,3,292,1.0,Higher-Value Customers
1379,1992,Master,Partner,42670.0,0,0,2013-04-27,12,154,2,46,20,4,15,1,4,2,4,4,0,0,0,0,0,0,0,0,22,241,10,2,428,0.0,Lower-Value Customers
10032,1976,Graduation,Alone,12571.0,1,0,2014-01-18,86,3,5,14,2,12,17,4,3,1,3,6,0,0,0,0,0,0,0,1,38,53,7,2,162,0.0,Lower-Value Customers
2826,1967,Graduation,Partner,22574.0,2,1,2013-10-28,28,25,0,8,2,0,2,2,2,0,3,7,0,0,0,0,0,0,0,3,47,37,5,5,244,0.0,Lower-Value Customers
2437,1989,Graduation,Partner,51381.5,0,0,2013-06-03,69,861,138,461,60,30,61,1,6,5,12,3,0,1,0,1,0,0,0,0,25,1611,23,2,391,1.0,Higher-Value Customers
6320,1976,Master,Alone,70893.0,0,0,2013-02-06,42,768,44,561,77,44,14,1,6,6,10,3,0,0,0,0,0,0,0,0,38,1508,22,1,508,1.0,Higher-Value Customers
3050,1966,Graduation,Partner,54198.0,1,1,2013-12-17,13,185,0,28,3,2,17,6,3,1,6,4,0,0,0,0,0,0,0,2,48,235,10,4,194,0.0,Lower-Value Customers
231,1956,Master,Partner,28839.0,1,1,2014-03-11,86,24,0,7,0,0,1,2,2,0,3,5,0,0,0,0,0,0,0,2,58,32,5,4,110,0.0,Lower-Value Customers
2392,1972,Graduation,Partner,40321.0,1,1,2013-07-29,59,44,4,21,6,0,27,2,3,0,3,7,0,0,0,0,0,0,0,2,42,102,6,4,335,0.0,Lower-Value Customers
9478,1985,Graduation,Alone,66503.0,1,0,2012-08-14,30,91,64,128,65,3,50,2,4,3,6,3,0,0,0,0,0,0,0,1,29,401,13,2,684,1.0,Higher-Value Customers
113,1951,Graduation,Partner,30833.0,1,1,2013-07-16,33,11,0,7,3,1,6,2,1,0,3,5,0,0,0,0,0,0,0,2,63,28,4,4,348,0.0,Lower-Value Customers
2863,1970,Graduation,Alone,51381.5,1,2,2013-08-23,67,738,20,172,52,50,20,6,2,3,10,7,0,1,0,1,0,0,0,3,44,1052,15,4,310,1.0,Higher-Value Customers
1802,1971,Graduation,Partner,64795.0,0,1,2013-01-17,23,412,5,119,38,29,77,3,3,3,12,2,0,0,0,0,0,0,0,1,43,680,18,3,528,1.0,Higher-Value Customers
520,1974,Graduation,Partner,34421.0,1,0,2013-07-01,81,3,3,7,6,2,9,1,1,0,2,7,0,0,0,0,0,0,0,1,40,30,3,3,363,0.0,Lower-Value Customers
8275,1965,PhD,Alone,47025.0,1,1,2014-02-09,6,16,0,3,0,0,1,1,1,0,2,7,0,0,0,0,0,0,0,2,49,20,3,3,140,0.0,Lower-Value Customers
9750,1961,PhD,Alone,64325.0,0,1,2013-02-07,41,731,60,353,78,12,73,5,10,3,5,7,0,0,0,0,0,0,0,1,53,1307,18,2,507,1.0,Higher-Value Customers
2607,1953,Graduation,Alone,40464.0,0,1,2013-01-11,78,424,17,118,7,23,41,6,8,2,8,8,0,0,0,0,0,0,0,1,61,630,18,2,534,1.0,Higher-Value Customers
7214,1957,Graduation,Partner,62187.0,0,0,2013-07-05,49,792,0,275,45,45,126,1,4,8,5,3,0,0,0,0,0,0,0,0,57,1283,17,2,359,1.0,Higher-Value Customers
5835,1976,PhD,Alone,14849.0,1,0,2013-07-02,39,21,2,28,3,2,9,3,2,0,4,8,0,0,0,0,0,0,0,1,38,65,6,2,362,0.0,Lower-Value Customers
3896,1984,Graduation,Partner,27255.0,1,0,2013-11-07,3,22,1,11,0,1,2,1,1,0,3,7,0,0,0,0,0,0,0,1,30,37,4,3,234,0.0,Lower-Value Customers
10350,1950,PhD,Partner,54432.0,2,1,2013-05-09,37,33,0,5,0,0,0,1,1,0,3,4,0,0,0,0,0,0,0,3,64,38,4,5,416,0.0,Lower-Value Customers
7786,1986,PhD,Alone,29999.0,1,0,2013-02-13,22,68,7,59,10,5,11,4,3,1,4,8,0,0,0,0,0,0,0,1,28,160,8,2,501,0.0,Lower-Value Customers
2861,1983,Graduation,Alone,24072.0,1,0,2013-04-16,79,9,1,6,3,0,4,1,1,0,2,8,0,0,0,0,0,0,0,1,31,23,3,2,439,0.0,Lower-Value Customers
663,1989,PhD,Alone,33996.0,0,0,2013-09-11,46,40,2,15,8,0,6,1,1,1,3,4,0,0,0,0,0,0,0,0,25,71,5,1,291,0.0,Lower-Value Customers
10675,1956,PhD,Partner,66334.0,0,1,2013-04-03,82,909,11,218,0,0,23,2,9,3,5,5,0,0,0,0,0,0,1,1,58,1161,17,3,452,1.0,Higher-Value Customers
2521,1971,Master,Partner,35178.0,1,0,2013-01-10,10,23,1,13,2,2,18,1,1,1,2,7,1,0,0,0,0,0,1,1,43,59,4,3,535,0.0,Lower-Value Customers
9592,1983,Graduation,Partner,22010.0,1,0,2013-06-30,51,11,2,9,3,0,8,2,2,0,3,8,0,0,0,0,0,0,0,1,31,33,5,3,364,0.0,Lower-Value Customers
10151,1960,Graduation,Alone,62204.0,0,2,2012-09-12,38,317,46,247,151,46,139,1,4,5,12,3,0,0,0,0,0,0,0,2,54,946,21,3,655,1.0,Higher-Value Customers
7381,1968,Graduation,Alone,75693.0,0,0,2012-12-06,10,797,153,293,72,97,30,1,11,4,6,4,0,1,1,1,0,0,1,0,46,1442,21,1,570,1.0,Higher-Value Customers
4099,1972,Graduation,Partner,30675.0,1,0,2012-11-12,14,10,2,16,11,2,21,1,1,0,3,8,0,0,0,0,0,0,0,1,42,62,4,3,594,0.0,Lower-Value Customers
9560,1965,Graduation,Partner,83003.0,0,0,2013-03-03,18,856,61,570,40,25,122,1,7,6,8,3,0,0,1,0,0,0,1,0,49,1674,21,2,483,1.0,Higher-Value Customers
10172,1988,Graduation,Alone,68655.0,0,0,2012-08-10,95,456,19,832,75,118,38,1,4,5,11,3,0,0,0,0,0,0,0,0,26,1538,20,1,688,1.0,Higher-Value Customers
11191,1986,Graduation,Alone,41411.0,0,0,2013-12-07,11,37,32,38,11,3,18,1,2,1,4,6,0,0,0,0,0,0,0,0,28,139,7,1,204,0.0,Lower-Value Customers
9707,1969,PhD,Partner,55212.0,0,1,2012-11-23,65,1103,0,45,0,0,34,3,4,2,11,8,0,1,0,0,1,0,0,1,45,1182,17,3,583,1.0,Higher-Value Customers
6245,1950,PhD,Partner,59292.0,0,1,2013-06-13,71,378,14,68,19,14,14,2,3,5,8,3,0,0,0,0,0,0,0,1,64,507,16,3,381,1.0,Higher-Value Customers
8234,1973,Basic,Partner,27190.0,1,0,2013-08-15,13,1,6,7,0,1,3,1,1,0,2,8,1,0,0,0,0,0,1,1,41,18,3,3,318,0.0,Lower-Value Customers
1411,1952,Graduation,Alone,82623.0,0,0,2013-11-10,58,204,34,204,172,153,173,1,2,9,4,1,0,0,0,0,0,0,0,0,62,940,15,1,231,1.0,Higher-Value Customers
8553,1965,Graduation,Partner,44300.0,1,1,2013-06-23,65,30,0,9,0,0,3,2,1,0,3,6,0,0,0,0,0,0,0,2,49,42,4,4,371,0.0,Lower-Value Customers
1826,1970,Graduation,Alone,84835.0,0,0,2014-06-16,0,189,104,379,111,189,218,1,4,4,6,1,0,0,0,0,0,0,1,0,44,1190,14,1,13,1.0,Higher-Value Customers
8842,1971,Graduation,Alone,30372.0,1,1,2012-12-25,33,15,0,12,7,3,7,3,2,0,3,7,0,0,0,0,0,0,0,2,43,44,5,3,551,0.0,Lower-Value Customers
11030,1976,Master,Partner,33181.0,1,0,2014-01-03,90,9,0,3,0,0,4,1,1,0,2,6,1,0,0,0,0,0,0,1,38,16,3,3,177,0.0,Lower-Value Customers
2579,1957,Graduation,Partner,71113.0,0,1,2013-12-17,95,495,33,255,11,33,8,4,6,7,9,4,0,0,0,0,0,0,0,1,57,835,22,3,194,1.0,Higher-Value Customers
175,1986,Graduation,Partner,71952.0,1,0,2013-01-10,93,656,80,455,52,107,93,2,8,4,8,4,1,0,1,0,0,0,0,1,28,1443,20,3,535,1.0,Higher-Value Customers
9185,1966,PhD,Alone,69759.0,0,0,2013-10-28,38,452,20,514,13,30,0,3,4,6,5,3,0,0,0,0,0,0,1,0,48,1029,15,1,244,1.0,Higher-Value Customers
11056,1974,Graduation,Partner,72099.0,0,0,2012-10-27,18,546,91,410,119,0,22,1,3,4,10,1,0,0,0,0,0,0,0,0,40,1188,17,2,610,1.0,Higher-Value Customers
9365,1976,PhD,Alone,60000.0,0,1,2012-12-22,57,1048,0,217,0,0,12,5,11,3,5,6,0,0,0,0,0,0,0,1,38,1277,19,2,554,1.0,Higher-Value Customers
6201,1978,Graduation,Alone,38643.0,1,1,2013-11-29,45,22,2,14,0,1,10,2,2,0,3,7,0,0,0,0,0,1,0,2,36,49,5,3,212,0.0,Lower-Value Customers
2061,1955,Graduation,Partner,50737.0,0,1,2013-05-11,61,78,0,11,0,0,10,1,2,0,4,6,0,1,0,0,0,0,0,1,59,99,6,3,414,0.0,Lower-Value Customers
6184,1969,PhD,Partner,68462.0,0,0,2012-12-12,6,561,64,785,84,128,48,1,3,3,8,1,0,0,0,0,0,0,0,0,45,1670,14,2,564,1.0,Higher-Value Customers
6142,1943,Master,Partner,65073.0,0,0,2013-08-20,65,629,17,177,69,0,8,1,5,3,5,2,0,0,0,0,0,1,0,0,71,900,13,2,313,1.0,Higher-Value Customers
4107,1948,PhD,Partner,46681.0,0,2,2013-10-08,52,269,15,69,15,19,38,2,4,6,4,5,0,0,0,0,0,0,0,2,66,425,14,4,264,0.0,Lower-Value Customers
7274,1957,Graduation,Partner,78618.0,0,0,2012-09-28,87,736,163,818,212,163,61,1,4,7,10,2,0,1,0,0,0,0,0,0,57,2153,21,2,639,1.0,Higher-Value Customers
9336,1969,PhD,Alone,62187.0,0,1,2014-03-22,38,512,0,83,0,0,41,3,6,2,10,4,0,0,0,0,0,0,0,1,45,636,18,2,99,1.0,Higher-Value Customers
2958,1978,Graduation,Partner,28442.0,2,0,2014-02-24,53,19,3,10,11,8,6,3,2,1,4,4,0,0,0,0,0,0,0,2,36,57,7,4,125,0.0,Lower-Value Customers
933,1978,PhD,Partner,37717.0,1,0,2012-11-23,31,9,0,6,4,1,5,1,1,0,2,9,0,0,0,0,0,0,0,1,36,25,3,3,583,0.0,Lower-Value Customers
5837,1967,Graduation,Partner,51479.0,1,1,2012-12-28,67,247,8,160,6,8,65,7,6,3,6,7,0,0,0,0,0,0,0,2,47,494,15,4,548,1.0,Higher-Value Customers
10704,1969,Graduation,Alone,54803.0,0,1,2012-08-21,65,404,0,92,28,27,142,2,6,2,9,4,0,0,0,0,0,0,0,1,45,693,17,2,677,1.0,Higher-Value Customers
5125,1960,Graduation,Partner,79530.0,0,0,2013-05-17,64,333,0,815,129,42,29,1,4,10,11,2,0,0,0,0,0,0,0,0,54,1348,25,2,408,1.0,Higher-Value Customers
4432,1976,Graduation,Alone,31615.0,1,0,2013-03-16,82,2,3,20,6,11,9,2,2,0,3,7,0,0,0,0,0,0,0,1,38,51,5,2,470,0.0,Lower-Value Customers
5955,1962,Graduation,Partner,72025.0,0,0,2012-11-17,27,833,33,549,151,133,233,1,4,3,8,3,0,0,0,0,0,0,0,0,52,1932,15,2,589,1.0,Higher-Value Customers
2928,1975,PhD,Alone,52614.0,0,1,2012-12-01,63,789,0,142,12,9,38,2,2,4,8,8,0,0,0,0,0,0,0,1,39,990,14,2,575,1.0,Higher-Value Customers
5680,1984,2n Cycle,Partner,35684.0,1,0,2014-04-22,66,10,4,7,0,6,3,1,1,0,3,6,0,0,0,0,0,0,0,1,30,30,4,3,68,0.0,Lower-Value Customers
10313,1975,Graduation,Partner,48178.0,1,1,2012-10-28,69,159,4,45,6,2,38,6,5,1,4,8,0,0,0,0,0,0,0,2,39,254,10,4,609,0.0,Lower-Value Customers
2557,1970,Master,Alone,29548.0,1,0,2013-08-29,52,7,1,6,3,1,11,1,1,1,2,4,1,0,0,0,0,0,0,1,44,29,4,2,304,0.0,Lower-Value Customers
1245,1966,Graduation,Alone,63810.0,0,1,2012-11-11,45,977,12,253,16,12,101,4,4,3,12,8,0,1,0,0,0,0,0,1,48,1371,19,2,595,1.0,Higher-Value Customers
1519,1972,PhD,Alone,38578.0,1,1,2013-06-22,2,38,4,22,3,3,3,3,3,0,3,8,0,0,0,0,0,0,1,2,42,73,6,3,372,0.0,Lower-Value Customers
10703,1975,Master,Alone,46098.0,1,1,2012-08-18,86,57,0,27,0,0,36,4,3,2,2,8,0,0,0,0,0,0,0,2,39,120,7,3,680,0.0,Lower-Value Customers
1726,1970,Graduation,Alone,22585.0,0,0,2013-03-18,23,3,9,15,13,2,39,1,1,1,2,9,1,0,0,0,0,0,1,0,44,81,4,1,468,0.0,Lower-Value Customers
4459,1989,Graduation,Alone,30279.0,1,0,2012-12-30,13,10,4,14,4,4,1,1,1,0,3,8,0,0,0,0,0,0,0,1,25,37,4,2,546,0.0,Lower-Value Customers
1729,1961,PhD,Partner,66426.0,0,1,2013-10-02,14,1043,24,97,32,24,157,2,3,5,10,6,0,0,0,0,0,0,0,1,53,1377,18,3,270,1.0,Higher-Value Customers
1517,1969,Graduation,Alone,30822.0,1,0,2013-06-14,92,3,9,13,2,12,12,1,1,0,3,7,0,0,0,0,0,0,0,1,45,51,4,2,380,0.0,Lower-Value Customers
2098,1969,PhD,Partner,33581.0,2,0,2013-01-08,38,11,0,5,0,0,1,1,1,0,2,8,0,0,0,0,0,0,0,2,45,17,3,4,537,0.0,Lower-Value Customers
9543,1985,Graduation,Partner,19986.0,1,0,2013-11-14,74,3,6,5,0,2,6,1,0,0,3,7,0,0,0,0,0,0,0,1,29,22,3,3,227,0.0,Lower-Value Customers
6878,1954,Graduation,Alone,27421.0,0,0,2012-12-12,14,43,12,96,78,40,55,3,4,1,6,7,0,0,0,0,0,0,0,0,60,324,11,1,564,0.0,Lower-Value Customers
3310,1973,2n Cycle,Partner,35688.0,2,1,2012-08-22,94,73,3,90,12,1,32,7,4,1,4,8,0,0,0,0,0,0,0,3,41,211,9,5,676,0.0,Lower-Value Customers
2724,1981,Master,Alone,36143.0,1,0,2014-03-30,33,12,0,1,0,0,6,1,0,1,2,3,0,0,0,0,0,0,0,1,33,19,3,2,91,0.0,Lower-Value Customers
948,1971,Graduation,Alone,10245.0,1,0,2013-05-15,32,4,7,7,6,4,13,3,1,2,2,5,0,0,0,0,0,0,0,1,43,41,5,2,410,0.0,Lower-Value Customers
6720,1968,Master,Partner,43795.0,0,1,2013-10-16,11,314,11,53,4,3,107,3,7,3,4,7,0,1,0,0,0,0,1,1,46,492,14,3,256,0.0,Lower-Value Customers
6202,1960,Graduation,Partner,63381.0,0,1,2012-10-05,78,571,50,142,33,50,159,4,4,5,13,2,0,0,0,0,0,0,0,1,54,1005,22,3,632,1.0,Higher-Value Customers
2066,1949,Graduation,Partner,38823.0,0,1,2012-08-30,56,70,0,11,2,8,23,1,2,1,3,6,0,0,0,0,0,0,0,1,65,114,6,3,668,0.0,Lower-Value Customers
9799,1968,PhD,Alone,83664.0,1,1,2013-05-08,57,866,21,151,28,21,86,3,2,2,12,5,0,0,0,0,0,0,0,2,46,1173,16,3,417,1.0,Higher-Value Customers
8318,1979,Graduation,Partner,90300.0,0,0,2014-01-03,7,594,134,786,33,134,57,0,5,6,8,1,0,0,1,0,0,0,0,0,35,1738,19,2,177,1.0,Higher-Value Customers
5642,1979,Master,Partner,62499.0,1,0,2013-12-09,0,140,4,61,0,13,4,2,3,1,6,4,0,0,0,0,0,0,0,1,35,222,10,3,202,0.0,Lower-Value Customers
2669,1993,Graduation,Alone,74293.0,0,0,2014-05-04,66,375,152,335,93,91,81,1,5,4,6,2,0,0,0,0,0,0,0,0,21,1127,15,1,56,1.0,Higher-Value Customers
455,1946,PhD,Partner,51012.0,0,0,2013-04-18,86,102,9,63,2,9,24,1,4,1,4,6,0,0,0,0,0,0,0,0,68,209,9,2,437,0.0,Lower-Value Customers
7683,1968,Master,Partner,70777.0,0,1,2014-02-25,80,554,35,113,0,7,78,3,5,3,12,3,0,0,0,0,0,0,0,1,46,787,20,3,124,1.0,Higher-Value Customers
3428,1991,PhD,Partner,68682.0,0,0,2013-10-06,56,919,0,505,99,30,45,1,4,9,10,2,0,0,0,0,0,0,0,0,23,1598,23,2,266,1.0,Higher-Value Customers
7414,1971,Graduation,Partner,43824.0,1,1,2012-09-15,18,96,1,42,12,3,32,4,3,1,4,8,0,0,0,0,0,0,0,2,43,186,8,4,652,0.0,Lower-Value Customers
6354,1984,Graduation,Partner,15345.0,1,0,2012-08-31,51,5,2,16,3,2,19,2,1,1,2,8,0,0,0,0,0,0,1,1,30,47,4,3,667,0.0,Lower-Value Customers
798,1987,Graduation,Alone,23442.0,1,0,2012-12-24,71,2,0,6,8,6,5,1,1,0,3,7,0,0,0,0,0,0,0,1,27,27,4,2,552,0.0,Lower-Value Customers
8213,1980,2n Cycle,Partner,14515.0,1,0,2012-11-09,71,6,4,9,6,36,35,4,2,2,3,7,0,0,0,0,0,0,1,1,34,96,7,3,597,0.0,Lower-Value Customers
2488,1956,2n Cycle,Alone,31395.0,1,1,2013-03-23,80,23,1,25,0,8,7,4,2,1,3,6,0,0,0,0,0,0,0,2,58,64,6,3,463,0.0,Lower-Value Customers
9999,1965,Graduation,Partner,75276.0,0,0,2012-09-27,2,610,105,125,137,42,21,1,9,4,9,5,0,0,0,0,0,0,0,0,49,1040,22,2,640,1.0,Higher-Value Customers
7617,1974,Graduation,Alone,42373.0,1,1,2013-08-15,83,67,5,61,3,8,19,5,2,1,5,5,0,0,0,0,0,0,0,2,40,163,8,3,318,0.0,Lower-Value Customers
615,1960,Graduation,Partner,30507.0,0,0,2013-03-11,29,65,36,74,38,20,110,1,5,1,4,7,0,0,0,0,0,0,0,0,54,343,10,2,475,0.0,Lower-Value Customers
2552,1955,PhD,Alone,55521.0,1,2,2013-10-22,11,416,0,26,0,0,4,9,6,3,6,7,0,1,0,0,0,0,1,3,59,446,15,4,250,1.0,Higher-Value Customers
194,1965,Graduation,Partner,48006.0,1,1,2014-06-09,55,23,0,11,3,2,2,1,1,0,3,6,0,0,0,0,0,0,0,2,49,41,4,4,20,0.0,Lower-Value Customers
3645,1972,PhD,Alone,27213.0,1,0,2012-08-30,19,19,3,26,10,9,3,3,2,0,4,8,0,0,0,0,0,0,1,1,42,70,6,2,668,0.0,Lower-Value Customers
8890,1971,PhD,Alone,65808.0,1,1,2014-05-30,1,155,7,80,13,7,10,3,5,1,5,6,0,0,0,0,0,0,0,2,43,272,11,3,30,0.0,Lower-Value Customers
5049,1974,PhD,Partner,30351.0,1,0,2013-06-06,19,14,0,24,3,3,2,1,3,0,2,9,0,0,0,0,0,0,0,1,40,46,5,3,388,0.0,Lower-Value Customers
9973,1963,Graduation,Partner,50437.0,0,2,2012-10-17,28,370,9,92,6,9,4,3,7,1,8,7,0,0,0,0,0,0,0,2,51,490,16,4,620,1.0,Higher-Value Customers
7301,1982,2n Cycle,Alone,23616.0,1,0,2012-11-17,76,4,22,11,3,7,32,2,3,0,3,8,0,0,0,0,0,0,1,1,32,79,6,2,589,0.0,Lower-Value Customers
10882,1976,Graduation,Partner,53858.0,0,1,2012-11-09,50,407,53,221,58,150,26,4,4,3,6,4,0,0,0,0,0,0,0,1,38,915,13,3,597,1.0,Higher-Value Customers
7030,1955,PhD,Partner,66465.0,0,1,2013-03-30,1,1200,0,204,38,29,14,3,11,9,12,6,0,0,0,1,0,0,0,1,59,1485,32,3,456,1.0,Higher-Value Customers
7422,1987,Graduation,Alone,46923.0,1,0,2012-08-22,90,85,44,54,102,78,6,3,5,1,7,7,0,0,0,0,0,0,0,1,27,369,13,2,676,0.0,Lower-Value Customers
3523,1962,Graduation,Partner,75072.0,0,1,2013-01-23,83,583,34,309,0,22,125,2,5,4,8,3,0,0,0,0,0,0,0,1,52,1073,17,3,522,1.0,Higher-Value Customers
7106,1943,PhD,Partner,75865.0,0,0,2014-03-31,73,483,0,591,156,0,12,1,3,5,10,1,0,0,0,0,0,0,0,0,71,1242,18,2,90,1.0,Higher-Value Customers
6504,1975,2n Cycle,Partner,19789.0,1,0,2013-11-20,24,2,5,9,28,6,28,3,2,1,3,5,1,0,0,0,0,0,0,1,39,78,6,3,221,0.0,Lower-Value Customers
5067,1994,Graduation,Partner,80134.0,0,0,2014-02-14,11,966,26,282,52,26,26,1,2,7,11,5,0,1,1,1,1,0,0,0,20,1378,20,2,135,1.0,Higher-Value Customers
4216,1981,Graduation,Alone,91065.0,0,0,2013-02-22,33,822,114,108,179,137,114,1,7,9,9,3,0,0,1,1,0,0,1,0,33,1474,25,1,492,1.0,Higher-Value Customers
8581,1971,Master,Partner,49505.0,1,1,2013-03-05,4,604,0,100,19,0,28,9,10,2,8,8,0,0,0,0,0,0,0,2,43,751,20,4,481,1.0,Higher-Value Customers
5929,1973,PhD,Partner,37401.0,1,0,2014-05-06,14,19,3,19,3,1,3,2,2,0,3,7,0,0,0,0,0,0,0,1,41,48,5,3,54,0.0,Lower-Value Customers
3129,1983,Graduation,Partner,30096.0,1,0,2014-05-22,30,5,3,11,12,5,9,1,2,0,3,6,0,0,0,0,0,0,0,1,31,45,5,3,38,0.0,Lower-Value Customers
6528,1982,Master,Partner,18492.0,1,0,2014-06-05,75,2,2,2,2,1,1,1,1,0,2,8,0,0,0,0,0,0,0,1,32,10,3,3,24,0.0,Lower-Value Customers
1361,1974,Master,Partner,82584.0,0,0,2013-06-04,26,1076,68,103,29,91,68,1,3,4,8,1,0,1,1,0,0,0,1,0,40,1435,15,2,390,1.0,Higher-Value Customers
6932,1941,PhD,Partner,93027.0,0,0,2013-04-13,77,1285,42,716,55,0,21,0,7,10,5,2,0,0,1,0,0,0,0,0,73,2119,22,2,442,1.0,Higher-Value Customers
7284,1953,Graduation,Partner,48686.0,1,2,2013-12-04,8,10,0,7,2,0,1,1,1,0,2,8,0,0,0,0,0,0,0,3,61,20,3,5,207,0.0,Lower-Value Customers
1340,1986,Graduation,Partner,92910.0,0,0,2014-04-24,42,551,137,792,179,103,33,1,6,7,13,1,0,1,1,1,0,0,0,0,28,1795,26,2,66,1.0,Higher-Value Customers
8746,1989,Graduation,Partner,75433.0,1,0,2014-04-05,28,800,0,297,0,34,57,2,2,5,10,6,0,1,0,1,0,0,0,1,25,1188,17,3,85,1.0,Higher-Value Customers
5987,1989,2n Cycle,Partner,10404.0,1,0,2014-05-04,52,2,2,11,10,6,12,2,1,0,4,5,0,0,0,0,0,0,0,1,25,43,5,3,56,0.0,Lower-Value Customers
3767,1968,Graduation,Partner,61314.0,0,1,2013-04-25,1,378,0,189,97,172,172,2,5,5,12,3,0,0,0,0,0,0,0,1,46,1008,22,3,430,1.0,Higher-Value Customers
3725,1961,PhD,Alone,84865.0,0,0,2013-05-09,1,1248,16,349,43,16,16,1,2,4,9,4,0,1,1,1,1,0,1,0,53,1688,15,1,416,1.0,Higher-Value Customers
4324,1989,Graduation,Partner,42387.0,1,0,2012-10-29,42,235,0,235,19,4,191,5,8,1,7,8,0,0,0,0,0,0,0,1,25,684,16,3,608,1.0,Higher-Value Customers
238,1967,2n Cycle,Partner,67309.0,1,1,2013-01-23,76,515,47,181,149,95,95,15,9,6,9,7,0,0,0,0,0,0,0,2,47,1082,24,4,522,1.0,Higher-Value Customers
6694,1964,Graduation,Partner,75236.0,0,1,2013-11-25,27,438,66,400,12,38,114,1,8,3,13,4,0,0,0,0,0,0,0,1,50,1068,24,3,216,1.0,Higher-Value Customers
498,1970,Graduation,Alone,30015.0,1,0,2014-02-02,28,25,0,22,2,3,5,2,1,0,4,5,0,0,0,0,0,0,0,1,44,57,5,2,147,0.0,Lower-Value Customers
9347,1956,Master,Partner,50943.0,0,1,2013-06-21,49,31,0,7,2,0,6,1,1,0,3,5,0,0,0,0,0,0,0,1,58,46,4,3,373,0.0,Lower-Value Customers
9699,1966,Graduation,Alone,67272.0,0,1,2013-12-21,12,357,35,271,28,28,14,3,6,2,12,5,0,0,0,0,0,0,0,1,48,733,20,2,190,1.0,Higher-Value Customers
10664,1949,Master,Alone,51529.0,0,1,2013-09-07,14,400,4,35,6,0,22,2,9,1,5,8,0,0,0,0,0,0,0,1,65,467,15,2,295,1.0,Higher-Value Customers
5455,1971,PhD,Partner,32011.0,1,0,2013-08-22,89,99,0,15,2,1,5,3,2,1,4,7,0,0,0,0,0,0,0,1,43,122,7,3,311,0.0,Lower-Value Customers
456,1986,2n Cycle,Partner,7500.0,1,0,2013-02-07,96,1,11,5,4,6,9,2,2,0,3,8,0,0,0,0,0,0,0,1,28,36,5,3,507,0.0,Lower-Value Customers
5012,1989,Graduation,Partner,28691.0,1,0,2013-07-04,56,5,4,13,8,0,4,1,1,0,3,8,0,0,0,0,0,0,0,1,25,34,4,3,360,0.0,Lower-Value Customers
7495,1948,PhD,Partner,56223.0,0,1,2013-12-20,72,77,28,31,16,0,4,2,2,1,5,4,0,0,0,0,0,0,0,1,66,156,8,3,191,0.0,Lower-Value Customers
5029,1946,Graduation,Partner,18100.0,0,0,2013-08-06,14,3,1,2,4,3,1,1,0,0,3,5,0,0,0,0,0,0,0,0,68,14,3,2,327,0.0,Lower-Value Customers
10642,1989,Graduation,Alone,30279.0,1,0,2012-12-30,13,10,4,14,4,4,1,1,1,0,3,8,0,0,0,0,0,0,0,1,25,37,4,2,546,0.0,Lower-Value Customers
2106,1974,2n Cycle,Partner,20130.0,0,0,2014-03-17,99,0,6,3,7,6,12,1,1,0,3,8,0,0,0,0,0,0,0,0,40,34,4,2,104,0.0,Lower-Value Customers
10364,1959,Graduation,Alone,23295.0,0,0,2013-07-13,72,0,0,1,2,12,5,1,1,0,2,8,0,0,0,0,0,0,0,0,55,20,3,1,351,0.0,Lower-Value Customers
5954,1972,Master,Alone,42618.0,1,0,2013-10-09,92,76,14,74,13,5,10,2,5,0,4,8,0,0,0,0,0,0,0,1,42,192,9,2,263,0.0,Lower-Value Customers
1137,1964,Graduation,Alone,81246.0,0,0,2013-12-29,87,398,190,537,61,156,37,1,4,5,7,1,1,0,0,1,0,0,0,0,50,1379,16,1,182,1.0,Higher-Value Customers
2541,1976,Graduation,Partner,24027.0,1,0,2013-06-09,7,14,7,11,11,0,5,2,2,0,3,8,0,0,0,0,0,0,0,1,38,48,5,3,385,0.0,Lower-Value Customers
1142,1953,PhD,Partner,55707.0,0,1,2013-12-22,91,208,7,82,30,66,35,2,3,2,9,3,0,0,0,0,0,0,0,1,61,428,14,3,189,1.0,Higher-Value Customers
2276,1955,Graduation,Alone,57959.0,0,1,2013-05-02,71,430,16,322,43,24,33,5,4,7,11,3,0,0,0,0,0,0,0,1,59,868,22,2,423,1.0,Higher-Value Customers
2807,1969,Graduation,Partner,56796.0,0,1,2013-02-16,24,656,38,161,62,47,37,3,8,9,7,7,0,0,0,0,0,0,0,1,45,1001,24,3,498,1.0,Higher-Value Customers
6471,1971,Master,Alone,36230.0,1,0,2013-10-17,17,14,2,30,8,2,3,1,2,0,4,5,0,0,0,0,0,0,0,1,43,59,6,2,255,0.0,Lower-Value Customers
6131,1980,2n Cycle,Partner,70829.0,1,1,2013-12-01,87,141,70,106,72,19,23,2,4,2,8,3,0,0,0,0,0,0,0,2,34,431,14,4,210,1.0,Higher-Value Customers
6233,1976,Graduation,Partner,65991.0,0,1,2012-09-07,21,507,19,364,25,47,9,3,9,5,10,7,0,0,0,0,0,0,0,1,38,971,24,3,660,1.0,Higher-Value Customers
4148,1972,Graduation,Partner,38988.0,1,2,2012-08-20,90,164,24,103,12,3,42,7,5,1,6,8,0,0,0,0,0,0,0,3,42,348,12,5,678,0.0,Lower-Value Customers
4947,1966,2n Cycle,Alone,89572.0,0,0,2012-09-15,44,606,24,974,197,194,64,1,7,7,9,4,0,1,0,1,0,0,1,0,48,2059,23,1,652,1.0,Higher-Value Customers
3225,1984,Master,Partner,42207.0,1,0,2013-04-01,71,116,11,72,3,17,46,4,4,1,5,6,1,0,0,0,0,0,1,1,30,265,10,3,454,0.0,Lower-Value Customers
7540,1952,Graduation,Partner,50300.0,0,1,2014-05-25,52,143,15,60,24,23,5,2,2,1,8,2,0,0,0,0,0,0,0,1,62,270,11,3,35,0.0,Lower-Value Customers
10648,1982,2n Cycle,Partner,66664.0,0,0,2012-09-25,78,398,96,447,220,96,32,1,5,7,6,3,0,0,0,0,0,0,0,0,32,1289,18,2,642,1.0,Higher-Value Customers
1992,1964,Graduation,Partner,60597.0,0,1,2014-01-01,2,522,0,257,32,16,66,4,2,2,8,7,0,0,0,1,0,0,1,1,50,893,12,3,179,1.0,Higher-Value Customers
7851,1949,Graduation,Alone,70165.0,0,0,2013-09-22,60,161,0,253,199,191,122,1,3,7,11,1,0,0,0,0,0,0,0,0,65,926,21,1,280,1.0,Higher-Value Customers
8594,1958,PhD,Alone,50520.0,0,1,2014-01-28,25,112,0,6,2,1,14,2,3,1,3,6,0,0,0,0,0,0,0,1,56,135,7,2,152,0.0,Lower-Value Customers
7059,1963,Graduation,Partner,80124.0,0,0,2014-06-26,47,483,84,398,205,84,241,1,3,7,8,1,1,0,0,0,0,0,0,0,51,1495,18,2,3,1.0,Higher-Value Customers
2815,1975,Graduation,Partner,33183.0,1,0,2014-02-24,46,7,5,39,17,15,37,2,4,0,3,7,0,0,0,0,0,0,0,1,39,120,7,3,125,0.0,Lower-Value Customers
2416,1969,PhD,Alone,66582.0,0,0,2014-03-03,83,789,25,420,16,38,0,1,2,8,9,1,0,0,0,0,0,0,0,0,45,1288,19,1,118,1.0,Higher-Value Customers
7999,1955,PhD,Partner,75261.0,0,0,2013-04-23,17,1239,17,413,23,34,17,1,5,6,5,2,0,1,1,0,0,0,1,0,59,1743,16,2,432,1.0,Higher-Value Customers
9213,1970,Graduation,Alone,31880.0,1,0,2012-10-31,13,4,1,5,2,0,3,1,1,0,2,8,0,0,0,0,0,0,0,1,44,15,3,2,606,0.0,Lower-Value Customers
9697,1951,Graduation,Partner,53790.0,0,2,2014-03-06,86,335,42,127,28,5,5,3,7,2,8,6,0,0,0,0,0,0,0,2,63,542,17,4,115,1.0,Higher-Value Customers
3916,1971,PhD,Partner,49269.0,1,0,2012-08-15,92,639,8,166,11,8,58,3,7,3,12,7,0,0,0,0,0,0,0,1,43,890,22,3,683,1.0,Higher-Value Customers
2021,1975,Graduation,Partner,61456.0,0,1,2013-03-27,47,563,76,384,84,192,89,4,6,10,13,4,0,0,0,0,0,0,0,1,39,1388,29,3,459,1.0,Higher-Value Customers
1581,1980,Graduation,Partner,37406.0,1,0,2013-10-10,18,2,0,8,2,2,3,1,1,0,2,8,0,0,0,0,0,0,1,1,34,17,3,3,262,0.0,Lower-Value Customers
564,1981,PhD,Partner,56937.0,1,0,2012-08-04,81,746,8,125,11,8,8,7,8,6,9,6,0,1,0,0,0,0,1,1,33,906,23,3,694,1.0,Higher-Value Customers
6619,1978,Graduation,Partner,38415.0,1,1,2013-01-02,91,22,1,13,4,0,4,2,1,0,3,7,0,0,0,0,0,0,0,2,36,44,4,4,543,0.0,Lower-Value Customers
9081,1988,Graduation,Alone,20518.0,1,0,2014-05-18,58,4,1,6,4,1,9,1,1,1,2,5,0,0,0,0,0,0,0,1,26,25,4,2,42,0.0,Lower-Value Customers
178,1956,Graduation,Partner,62503.0,0,1,2013-02-18,40,478,0,193,110,75,117,4,8,3,11,5,0,0,0,0,0,0,0,1,58,973,22,3,496,1.0,Higher-Value Customers
916,1972,PhD,Alone,41644.0,1,1,2014-05-09,67,20,3,4,2,0,2,2,1,0,3,3,0,0,0,0,0,0,0,2,42,31,4,3,51,0.0,Lower-Value Customers
5512,1977,Master,Partner,55842.0,0,1,2014-05-23,19,451,0,39,0,4,24,1,7,1,8,5,0,0,0,0,0,0,0,1,37,518,16,3,37,1.0,Higher-Value Customers
8970,1972,PhD,Partner,62010.0,0,1,2012-10-23,93,371,22,39,6,0,92,4,6,2,7,5,0,0,0,0,0,0,0,1,42,530,15,3,614,1.0,Higher-Value Customers
10581,1977,Graduation,Partner,41124.0,1,0,2012-10-31,41,281,7,84,15,0,119,7,7,3,4,8,0,0,0,0,0,0,0,1,37,506,14,3,606,0.0,Lower-Value Customers
5300,1973,Master,Partner,38961.0,1,0,2013-12-30,60,19,7,19,0,1,24,1,2,1,2,7,0,0,0,0,0,0,0,1,41,70,5,3,181,0.0,Lower-Value Customers
5154,1972,Master,Alone,37760.0,1,0,2013-08-11,54,26,3,13,2,10,0,1,2,0,3,6,0,0,0,0,0,0,0,1,42,54,5,2,322,0.0,Lower-Value Customers
8346,1974,Graduation,Alone,32233.0,1,0,2012-08-19,26,138,15,35,25,11,72,2,6,2,2,9,1,0,0,0,0,0,1,1,40,296,10,2,679,0.0,Lower-Value Customers
1676,1975,Graduation,Partner,43057.0,0,1,2013-10-30,30,213,2,44,0,2,5,4,4,2,5,5,0,0,0,0,0,0,0,1,39,266,11,3,242,0.0,Lower-Value Customers
9286,1960,Master,Partner,83151.0,0,0,2012-10-10,93,407,28,100,120,74,18,1,5,9,4,3,0,0,0,0,0,0,0,0,54,747,18,2,627,1.0,Higher-Value Customers
2426,1964,PhD,Alone,78825.0,0,0,2012-09-14,35,483,74,114,169,37,18,1,5,10,13,3,0,0,0,0,0,0,1,0,50,895,28,1,653,1.0,Higher-Value Customers
5172,1976,Master,Partner,65104.0,0,1,2013-11-14,4,738,0,232,13,20,50,2,3,5,7,7,0,0,0,0,0,0,0,1,38,1053,15,3,227,1.0,Higher-Value Customers
5562,1974,Graduation,Partner,60093.0,0,1,2013-06-26,92,502,12,109,16,6,90,2,7,2,10,6,0,0,0,0,0,0,0,1,40,735,19,3,368,1.0,Higher-Value Customers
3436,1969,Graduation,Partner,14045.0,1,0,2014-01-26,24,11,0,5,2,1,1,1,1,0,3,7,0,0,0,0,0,0,0,1,45,20,4,3,154,0.0,Lower-Value Customers
3921,1952,2n Cycle,Alone,28457.0,0,0,2012-10-28,96,24,1,108,29,29,14,1,4,1,4,8,0,0,0,0,0,0,0,0,62,205,9,1,609,0.0,Lower-Value Customers
3403,1958,PhD,Partner,78952.0,0,1,2012-09-24,11,1170,19,594,99,76,134,2,2,5,12,6,0,0,0,0,0,0,0,1,56,2092,19,3,643,1.0,Higher-Value Customers
22,1976,Graduation,Alone,46310.0,1,0,2012-12-03,99,185,2,88,15,5,14,2,6,1,5,8,0,0,0,0,0,0,0,1,38,309,12,2,573,0.0,Lower-Value Customers
10965,1955,Graduation,Partner,76005.0,0,0,2013-02-22,72,983,20,389,240,50,40,1,3,5,13,6,0,0,0,1,0,0,0,0,59,1722,21,2,492,1.0,Higher-Value Customers
9426,1964,Master,Alone,58308.0,0,1,2013-01-12,77,691,0,69,10,0,130,4,2,6,3,8,0,0,0,0,0,0,0,1,50,900,11,2,533,0.0,Lower-Value Customers
6605,1944,PhD,Alone,55614.0,0,0,2013-11-27,85,504,13,131,8,0,26,1,9,4,6,7,0,1,0,0,0,0,0,0,70,682,19,1,214,1.0,Higher-Value Customers
3136,1962,Master,Alone,59432.0,0,1,2013-04-13,88,317,25,265,25,19,12,3,5,3,11,5,0,0,0,0,0,0,0,1,52,663,19,2,442,1.0,Higher-Value Customers
8737,1978,Graduation,Alone,55563.0,0,1,2014-04-05,22,29,1,9,2,0,2,1,2,0,3,3,0,0,0,0,0,0,0,1,36,43,5,2,85,0.0,Lower-Value Customers
11088,1971,PhD,Partner,78642.0,0,1,2013-04-21,83,1396,0,322,46,35,17,1,4,9,4,6,0,0,0,0,0,0,0,1,43,1816,17,3,434,1.0,Higher-Value Customers
716,1949,PhD,Partner,67911.0,0,1,2014-05-22,63,529,0,356,63,28,0,3,6,7,11,3,0,0,0,0,0,0,0,1,65,976,24,3,38,1.0,Higher-Value Customers
466,1944,Graduation,Partner,65275.0,0,0,2013-04-03,9,388,14,218,91,14,21,1,4,3,13,2,0,0,0,0,0,0,0,0,70,746,20,2,452,1.0,Higher-Value Customers
9135,1950,Graduation,Partner,27203.0,1,1,2012-08-06,92,13,2,21,4,0,24,2,1,1,2,8,0,0,0,0,0,0,0,2,64,64,4,4,692,0.0,Lower-Value Customers
10623,1961,Master,Partner,48330.0,0,1,2013-11-15,2,28,0,4,0,0,0,1,1,0,3,5,0,0,0,0,0,0,0,1,53,32,4,3,226,0.0,Lower-Value Customers
8151,1990,Basic,Partner,24279.0,0,0,2012-12-29,6,16,36,21,20,62,108,1,4,1,3,8,0,0,0,0,0,0,0,0,24,263,8,2,547,0.0,Lower-Value Customers
5140,1985,PhD,Partner,64355.0,1,0,2012-08-24,66,1047,0,140,67,38,153,2,4,3,12,8,0,0,0,0,0,0,0,1,29,1445,19,3,674,1.0,Higher-Value Customers
10160,1956,Master,Partner,50943.0,0,1,2013-06-21,49,31,0,7,2,0,6,1,1,0,3,5,0,0,0,0,0,0,0,1,58,46,4,3,373,0.0,Lower-Value Customers
4945,1953,Graduation,Alone,53653.0,0,0,2012-11-07,29,815,10,239,28,10,108,2,10,4,12,6,0,0,0,0,0,0,0,0,61,1210,26,1,599,1.0,Higher-Value Customers
10584,1976,Graduation,Partner,65665.0,0,1,2013-12-02,77,225,162,387,106,36,29,1,5,10,8,3,0,0,0,0,0,0,0,1,38,945,23,3,209,1.0,Higher-Value Customers
6071,1989,Graduation,Alone,81217.0,0,0,2013-07-19,77,493,70,324,146,40,84,1,3,7,11,1,0,0,0,0,0,0,0,0,25,1157,21,1,345,1.0,Higher-Value Customers
3386,1992,Graduation,Partner,34935.0,0,0,2013-06-21,71,34,4,66,3,10,20,1,2,1,4,7,0,0,0,0,0,0,0,0,22,137,7,2,373,0.0,Lower-Value Customers
8939,1959,Graduation,Alone,61250.0,0,1,2012-12-16,49,382,138,65,60,26,59,6,5,2,12,5,0,0,0,0,0,0,0,1,55,730,19,2,560,1.0,Higher-Value Customers
9925,1981,PhD,Partner,39665.0,1,0,2013-05-25,97,127,1,56,0,1,31,3,4,2,3,7,1,0,0,0,0,0,0,1,33,216,9,3,400,0.0,Lower-Value Customers
4320,1979,Graduation,Alone,60152.0,0,1,2013-03-28,6,325,83,300,86,58,91,1,6,4,12,3,0,0,0,0,0,0,0,1,35,943,22,2,458,1.0,Higher-Value Customers
5389,1964,Graduation,Partner,48920.0,0,2,2013-10-20,93,238,17,68,8,10,6,3,6,2,5,7,0,1,0,0,0,0,0,2,50,347,13,4,252,0.0,Lower-Value Customers
6036,1959,Master,Partner,89120.0,0,0,2014-03-17,78,1168,92,408,72,129,55,1,5,6,7,1,0,0,1,0,0,0,0,0,55,1924,18,2,104,1.0,Higher-Value Customers
182,1946,PhD,Partner,44124.0,0,1,2013-05-11,62,284,0,55,0,6,52,4,6,2,5,8,0,0,0,0,0,0,0,1,68,397,13,3,414,0.0,Lower-Value Customers
203,1975,Master,Alone,81169.0,0,0,2013-04-14,47,1288,20,613,80,61,27,1,5,7,9,2,0,0,0,0,0,0,0,0,39,2089,21,1,441,1.0,Higher-Value Customers
11025,1961,Graduation,Partner,36443.0,1,1,2013-02-03,9,65,0,46,4,3,20,4,3,1,3,8,0,0,0,0,0,0,0,2,53,138,7,4,511,0.0,Lower-Value Customers
10203,1990,Graduation,Alone,26095.0,1,0,2013-06-30,77,11,7,9,3,1,11,1,1,0,3,7,0,0,0,0,0,0,0,1,24,42,4,2,364,0.0,Lower-Value Customers
4607,1959,Graduation,Partner,71367.0,0,0,2013-08-23,24,227,23,389,42,21,75,1,4,5,7,2,0,0,0,0,0,0,0,0,55,777,16,2,310,1.0,Higher-Value Customers
3711,1944,Master,Partner,80184.0,0,0,2014-03-01,19,1035,134,670,25,38,0,1,6,3,10,3,0,0,1,1,0,0,0,0,70,1902,19,2,120,1.0,Higher-Value Customers
3696,1965,Graduation,Alone,30630.0,1,1,2014-01-27,67,27,1,12,2,0,10,2,2,0,3,7,0,0,0,0,0,0,0,2,49,52,5,3,153,0.0,Lower-Value Customers
2532,1987,Master,Alone,73454.0,0,0,2014-03-01,95,982,73,351,56,14,175,1,2,4,6,5,1,0,0,0,0,0,0,0,27,1651,12,1,120,1.0,Higher-Value Customers
9214,1991,Graduation,Partner,42691.0,0,0,2013-08-16,48,179,2,64,38,17,58,1,5,1,6,5,0,0,0,0,0,0,0,0,23,358,12,2,317,0.0,Lower-Value Customers
4943,1953,Graduation,Partner,70503.0,0,0,2012-09-30,73,1379,33,216,0,33,66,1,2,4,9,6,0,1,1,0,0,0,0,0,61,1727,15,2,637,1.0,Higher-Value Customers
35,1987,Graduation,Partner,25545.0,1,0,2012-09-08,35,32,1,64,16,12,85,3,2,2,3,6,0,0,0,0,0,0,1,1,27,210,7,3,659,0.0,Lower-Value Customers
2258,1986,Graduation,Partner,32880.0,1,0,2012-12-04,76,8,4,15,7,6,2,1,1,0,3,8,0,0,0,0,0,0,0,1,28,42,4,3,572,0.0,Lower-Value Customers
4322,1958,PhD,Partner,77863.0,0,0,2013-11-27,20,881,38,319,16,25,12,1,4,5,10,2,0,0,0,0,0,0,0,0,56,1291,19,2,214,1.0,Higher-Value Customers
713,1977,Master,Partner,50353.0,0,0,2014-06-08,72,141,15,153,67,31,35,1,4,4,6,3,0,0,0,0,0,0,0,0,37,442,14,2,21,1.0,Higher-Value Customers
4702,1964,Graduation,Alone,61839.0,0,0,2012-08-12,20,1000,155,379,224,17,120,1,4,8,4,8,0,0,0,0,0,0,0,0,50,1895,16,1,686,1.0,Higher-Value Customers
3281,1960,PhD,Partner,49154.0,1,1,2013-11-03,69,206,10,67,30,27,71,6,4,1,8,6,0,0,0,0,0,0,0,2,54,411,13,4,238,0.0,Lower-Value Customers
702,1975,2n Cycle,Alone,47682.0,0,1,2013-02-15,80,162,61,83,97,57,61,4,4,3,8,5,0,0,0,0,0,0,0,1,39,521,15,2,499,1.0,Higher-Value Customers
2004,1969,Graduation,Alone,72679.0,0,1,2013-09-18,65,619,54,260,127,54,54,1,4,7,5,1,0,0,0,0,0,0,0,1,45,1168,16,2,284,1.0,Higher-Value Customers
4769,1977,Master,Partner,57954.0,1,1,2014-06-18,52,456,4,24,0,0,9,7,8,2,6,7,0,1,0,0,0,0,0,2,37,493,16,4,11,1.0,Higher-Value Customers
4437,1962,Graduation,Partner,65316.0,1,1,2013-04-24,65,112,6,92,3,9,38,2,3,2,5,4,0,0,0,0,0,0,0,2,52,260,10,4,431,0.0,Lower-Value Customers
8724,1982,Graduation,Alone,28567.0,1,0,2013-06-17,57,11,3,22,2,2,6,2,2,0,3,6,0,0,0,0,0,0,0,1,32,46,5,2,377,0.0,Lower-Value Customers
10741,1951,Master,Partner,47352.0,0,1,2013-04-11,70,172,12,112,8,0,15,4,6,1,5,7,0,0,0,0,0,0,0,1,63,319,12,3,444,0.0,Lower-Value Customers
1991,1967,Graduation,Partner,44931.0,0,1,2014-01-18,0,78,0,11,0,0,7,1,2,1,3,5,0,0,0,0,0,0,0,1,47,96,6,3,162,0.0,Lower-Value Customers
6931,1967,Graduation,Alone,76982.0,0,0,2014-02-15,19,464,151,292,65,60,30,1,8,3,4,4,0,0,1,0,0,0,1,0,47,1062,15,1,134,1.0,Higher-Value Customers
11096,1952,2n Cycle,Partner,57247.0,0,1,2013-08-08,50,99,4,32,37,54,6,2,2,1,7,2,0,0,0,0,0,0,0,1,62,232,10,3,325,0.0,Lower-Value Customers
304,1981,Master,Alone,22944.0,1,0,2013-12-23,67,19,3,19,4,5,26,3,3,0,3,7,0,0,0,0,0,0,0,1,33,76,6,2,188,0.0,Lower-Value Customers
3665,1977,2n Cycle,Partner,25315.0,1,0,2013-11-07,46,1,9,8,11,3,22,3,3,0,3,8,0,0,0,0,0,0,0,1,37,54,6,3,234,0.0,Lower-Value Customers
10591,1969,Graduation,Alone,43638.0,0,1,2012-08-06,37,63,10,83,7,19,19,2,4,1,4,7,0,0,0,0,0,0,0,1,45,201,9,2,692,0.0,Lower-Value Customers
5036,1984,PhD,Alone,42710.0,1,0,2012-11-28,38,252,3,42,4,3,102,2,4,5,3,6,0,0,0,0,0,0,0,1,30,406,12,2,578,0.0,Lower-Value Customers
5547,1982,PhD,Partner,84169.0,0,0,2013-08-07,9,1478,19,403,0,19,0,1,7,6,6,3,0,1,1,0,0,0,1,0,32,1919,19,2,326,1.0,Higher-Value Customers
7822,1976,Graduation,Partner,54058.0,0,1,2013-06-04,56,198,18,252,32,108,54,2,4,6,8,3,0,0,0,0,0,0,0,1,38,662,18,3,390,1.0,Higher-Value Customers
8541,1990,2n Cycle,Partner,24683.0,1,0,2014-03-08,98,8,4,10,6,7,6,2,2,0,4,5,0,0,0,0,0,0,0,1,24,41,6,3,113,0.0,Lower-Value Customers
10955,1964,Graduation,Alone,85620.0,0,0,2014-01-07,68,416,46,925,60,107,46,1,3,6,4,1,0,0,0,0,0,0,1,0,50,1600,13,1,173,1.0,Higher-Value Customers
4368,1980,Graduation,Partner,47850.0,1,0,2013-12-03,72,42,7,43,20,12,10,1,3,0,4,6,0,0,0,0,0,0,0,1,34,134,7,3,208,0.0,Lower-Value Customers
9671,1968,Graduation,Partner,19514.0,1,1,2014-01-26,47,14,3,21,2,1,28,4,3,1,2,8,1,0,0,0,0,0,1,2,46,69,6,4,154,0.0,Lower-Value Customers
2256,1973,Master,Partner,27159.0,1,1,2014-03-29,33,17,0,3,0,0,1,2,1,0,3,6,0,0,0,0,0,0,0,2,41,21,4,4,92,0.0,Lower-Value Customers
4279,1963,2n Cycle,Alone,39548.0,1,1,2014-03-31,87,15,4,10,3,4,18,2,1,1,3,3,0,0,0,0,0,0,0,2,51,54,5,3,90,0.0,Lower-Value Customers
5371,1989,Graduation,Alone,21474.0,1,0,2014-04-08,0,6,16,24,11,0,34,2,3,1,2,7,1,0,0,0,0,0,1,1,25,91,6,2,82,0.0,Lower-Value Customers
9240,1971,PhD,Alone,60504.0,0,1,2014-02-07,73,458,0,24,6,4,34,2,6,2,8,6,0,0,0,0,0,0,0,1,43,526,16,2,142,1.0,Higher-Value Customers
9460,1963,Graduation,Partner,22419.0,0,0,2013-04-18,74,30,3,47,19,21,42,1,3,2,2,8,0,0,0,0,0,0,0,0,51,162,7,2,437,0.0,Lower-Value Customers
9504,1949,Master,Partner,81698.0,0,0,2013-11-06,4,179,28,520,111,123,47,1,3,8,13,1,0,0,0,0,0,0,1,0,65,1008,24,2,235,1.0,Higher-Value Customers
8692,1952,Graduation,Partner,43462.0,1,1,2012-09-12,50,90,17,97,15,6,15,6,4,1,5,8,0,0,0,0,0,0,0,2,62,240,10,4,655,0.0,Lower-Value Customers
448,1978,PhD,Alone,54880.0,1,0,2013-03-01,57,308,85,137,102,45,118,2,6,2,11,5,0,0,0,0,0,0,0,1,36,795,19,2,485,1.0,Higher-Value Customers
8314,1982,Graduation,Partner,79908.0,0,0,2013-04-05,30,557,129,761,29,185,111,1,5,6,7,2,0,0,1,0,0,0,0,0,32,1772,18,2,450,1.0,Higher-Value Customers
8420,1970,2n Cycle,Partner,15315.0,0,0,2013-08-03,27,7,4,13,15,8,17,2,2,0,4,5,0,0,0,0,0,0,0,0,44,64,6,2,330,0.0,Lower-Value Customers
3174,1959,Graduation,Partner,87771.0,0,1,2013-05-22,61,1492,38,287,50,57,33,1,5,10,4,6,0,1,1,1,1,0,1,1,55,1957,19,3,403,1.0,Higher-Value Customers
7685,1978,Graduation,Partner,33039.0,1,0,2013-09-09,4,30,8,12,8,8,12,1,2,0,4,5,0,0,0,0,0,0,0,1,36,78,6,3,293,0.0,Lower-Value Customers
3179,1980,Graduation,Alone,81741.0,0,0,2013-06-16,75,249,153,940,58,134,38,0,6,6,7,2,0,0,0,0,0,0,0,0,34,1572,19,1,378,1.0,Higher-Value Customers
9780,1971,Master,Partner,71499.0,0,1,2013-06-25,12,465,25,132,136,0,37,2,8,3,13,4,0,0,0,0,0,0,0,1,43,795,24,3,369,1.0,Higher-Value Customers
10681,1970,2n Cycle,Partner,62466.0,0,1,2014-01-15,13,129,129,259,168,121,83,5,6,3,12,4,0,0,0,0,0,0,0,1,44,889,21,3,165,1.0,Higher-Value Customers
10232,1963,PhD,Alone,48799.0,0,1,2013-11-05,9,174,18,81,28,6,24,3,3,2,7,3,0,0,0,0,0,0,0,1,51,331,12,2,236,0.0,Lower-Value Customers
4184,1950,PhD,Partner,52157.0,0,1,2014-06-07,48,189,2,29,3,2,40,2,3,2,5,4,0,0,0,0,0,0,0,1,64,265,10,3,22,0.0,Lower-Value Customers
9120,1962,Graduation,Alone,66565.0,0,1,2012-12-05,80,747,10,161,65,40,42,4,4,2,9,8,0,0,0,0,0,0,0,1,52,1065,15,2,571,1.0,Higher-Value Customers
891,1951,Master,Partner,29298.0,1,1,2013-09-07,60,6,0,2,2,0,1,1,1,0,2,5,0,0,0,0,0,0,0,2,63,11,3,4,295,0.0,Lower-Value Customers
10381,1979,Graduation,Alone,47691.0,0,1,2013-07-05,43,14,0,3,0,0,4,1,1,0,2,6,0,0,0,0,0,0,0,1,35,21,3,2,359,0.0,Lower-Value Customers
3525,1970,Graduation,Partner,38200.0,1,1,2012-12-07,19,12,0,4,0,0,1,1,1,0,2,7,0,0,0,0,0,0,0,2,44,17,3,4,569,0.0,Lower-Value Customers
6818,1974,Graduation,Partner,44989.0,0,1,2012-09-12,26,98,0,106,49,10,106,5,5,1,5,6,0,0,0,0,0,0,0,1,40,369,11,3,655,0.0,Lower-Value Customers
3526,1968,PhD,Partner,38443.0,1,1,2014-01-27,58,32,0,5,0,0,1,2,1,0,3,7,0,0,0,0,0,0,0,2,46,38,4,4,153,0.0,Lower-Value Customers
8181,1978,2n Cycle,Alone,38593.0,1,0,2013-09-13,42,51,12,49,17,24,24,3,4,1,3,8,0,0,0,0,0,0,0,1,36,177,8,2,289,0.0,Lower-Value Customers
1029,1970,PhD,Partner,64413.0,0,1,2013-08-01,27,200,5,44,0,10,20,1,5,1,5,5,0,0,0,0,0,0,0,1,44,279,11,3,332,0.0,Lower-Value Customers
7369,1981,Master,Partner,36959.0,1,0,2013-10-02,56,25,6,25,6,0,0,2,2,0,3,8,0,0,0,0,0,0,0,1,33,62,5,3,270,0.0,Lower-Value Customers
2574,1977,PhD,Partner,61996.0,0,1,2013-01-31,27,1050,12,144,0,0,24,3,6,4,8,5,0,1,0,1,1,0,1,1,37,1230,18,3,514,1.0,Higher-Value Customers
8159,1968,Graduation,Partner,51287.0,1,1,2014-04-01,10,117,0,22,13,0,30,3,4,1,3,7,0,0,0,0,0,0,0,2,46,182,8,4,89,0.0,Lower-Value Customers
1160,1970,Graduation,Partner,13260.0,1,1,2013-08-23,48,9,4,17,10,2,7,4,3,0,3,8,0,0,0,0,0,0,0,2,44,49,6,4,310,0.0,Lower-Value Customers
10242,1966,PhD,Partner,47472.0,1,1,2013-09-16,39,56,0,11,0,0,8,2,2,0,4,5,0,0,0,0,0,0,0,2,48,75,6,4,286,0.0,Lower-Value Customers
5253,1956,Master,Partner,54603.0,1,1,2013-07-09,85,145,13,46,17,2,4,6,4,2,4,7,0,0,0,0,0,0,0,2,58,227,10,4,355,0.0,Lower-Value Customers
5966,1974,PhD,Partner,45207.0,1,1,2012-11-10,64,203,0,10,0,0,2,5,3,1,6,6,0,1,0,0,0,0,0,2,40,215,10,4,596,0.0,Lower-Value Customers
5314,1951,Graduation,Partner,40689.0,0,1,2013-03-18,69,270,3,27,39,6,99,7,7,1,5,8,0,0,0,0,0,0,0,1,63,444,13,3,468,0.0,Lower-Value Customers
5081,1967,2n Cycle,Partner,47821.0,1,1,2013-10-20,54,9,0,16,6,6,10,1,1,0,3,8,0,0,0,0,0,0,0,2,47,47,4,4,252,0.0,Lower-Value Customers
5123,1951,Master,Partner,27450.0,0,0,2013-04-15,57,37,12,23,8,11,52,1,2,1,3,7,0,0,0,0,0,0,0,0,63,143,6,2,440,0.0,Lower-Value Customers
5756,1983,Graduation,Partner,39453.0,1,0,2014-04-03,64,46,0,7,0,0,2,2,2,0,3,6,0,0,0,0,0,0,0,1,31,55,5,3,87,0.0,Lower-Value Customers
8036,1971,2n Cycle,Partner,26850.0,1,1,2014-04-18,10,31,1,13,7,2,9,4,2,1,4,4,0,0,0,0,0,0,0,2,43,63,7,4,72,0.0,Lower-Value Customers
9058,1955,Graduation,Alone,79800.0,0,0,2012-09-23,65,1060,21,530,32,0,224,1,5,11,5,3,1,0,1,1,0,0,1,0,59,1867,21,1,644,1.0,Higher-Value Customers
5057,1961,Master,Partner,61794.0,0,1,2013-09-14,74,264,47,188,54,47,11,2,4,4,10,2,0,0,0,0,0,0,0,1,53,611,18,3,288,1.0,Higher-Value Customers
254,1955,Graduation,Partner,53863.0,0,1,2014-05-17,4,399,4,30,6,4,30,3,7,1,7,7,0,1,0,0,0,0,0,1,59,473,15,3,43,1.0,Higher-Value Customers
4179,1959,Graduation,Partner,24221.0,0,0,2013-08-20,94,8,9,9,2,5,22,1,1,1,3,4,0,0,0,0,0,0,0,0,55,55,5,2,313,0.0,Lower-Value Customers
3710,1984,PhD,Alone,39684.0,1,0,2012-10-12,41,19,0,35,6,4,17,2,2,1,2,7,0,0,0,0,0,1,1,1,30,81,5,2,625,0.0,Lower-Value Customers
7627,1975,Master,Partner,92163.0,0,0,2012-12-12,25,817,183,797,106,163,20,0,5,11,5,2,0,0,1,1,0,0,1,0,39,2086,21,2,564,1.0,Higher-Value Customers
4501,1965,Master,Alone,69882.0,0,0,2013-11-10,94,292,127,635,132,127,165,1,3,7,9,1,0,0,0,0,0,0,0,0,49,1478,19,1,231,1.0,Higher-Value Customers
6424,1977,Graduation,Partner,33178.0,1,0,2014-01-30,9,12,6,2,11,2,16,1,1,0,3,4,0,0,0,0,0,0,0,1,37,49,4,3,150,0.0,Lower-Value Customers
3075,1972,PhD,Partner,59973.0,0,0,2013-09-11,47,130,30,168,20,34,0,1,3,4,7,1,0,0,0,0,0,0,0,0,42,382,14,2,291,1.0,Higher-Value Customers
4992,1975,Master,Partner,17459.0,1,0,2013-09-19,12,6,4,16,3,10,30,3,3,1,2,7,0,0,0,0,0,0,1,1,39,69,6,3,283,0.0,Lower-Value Customers
5252,1969,Graduation,Alone,23910.0,1,0,2012-10-26,80,16,12,18,7,1,13,1,2,0,3,7,0,0,0,0,0,0,0,1,45,67,5,2,611,0.0,Lower-Value Customers
7444,1969,Master,Partner,42169.0,1,1,2013-10-19,20,19,0,9,0,0,2,2,1,0,3,8,0,0,0,0,0,0,0,2,45,30,4,4,253,0.0,Lower-Value Customers
6919,1978,2n Cycle,Partner,26224.0,1,0,2013-06-04,39,4,7,15,13,9,15,3,2,1,3,6,0,0,0,0,0,0,0,1,36,63,6,3,390,0.0,Lower-Value Customers
3537,1981,Graduation,Partner,31089.0,1,0,2012-08-17,57,31,3,31,2,8,4,3,3,0,4,8,0,0,0,0,0,0,0,1,33,79,7,3,681,0.0,Lower-Value Customers
10277,1961,Graduation,Alone,30081.0,0,1,2013-02-21,27,36,0,2,0,0,4,1,1,0,3,7,0,0,0,0,0,0,0,1,53,42,4,2,493,0.0,Lower-Value Customers
2453,1960,Graduation,Partner,62807.0,0,1,2012-08-31,83,526,28,135,10,21,99,3,5,3,12,5,0,0,0,0,0,0,0,1,54,819,20,3,667,1.0,Higher-Value Customers
7972,1955,Graduation,Alone,72906.0,0,0,2013-09-17,79,400,32,519,71,75,54,1,3,4,9,1,0,0,0,0,0,0,0,0,59,1151,16,1,285,1.0,Higher-Value Customers
895,1948,PhD,Partner,61467.0,0,2,2012-12-09,69,410,16,114,0,5,49,3,5,2,10,5,0,0,0,0,0,0,0,2,66,594,17,4,567,1.0,Higher-Value Customers
1177,1966,Master,Partner,49618.0,1,1,2013-01-26,77,80,3,26,4,2,14,4,3,1,3,7,0,0,0,0,0,0,0,2,48,129,7,4,519,0.0,Lower-Value Customers
7141,1986,Master,Alone,21888.0,1,0,2012-12-29,15,88,10,46,2,3,64,4,5,1,2,10,0,0,0,0,0,0,1,1,28,213,8,2,547,0.0,Lower-Value Customers
7232,1973,Graduation,Alone,42429.0,0,1,2014-02-11,99,55,0,6,2,0,4,2,1,1,3,5,0,0,0,0,0,0,0,1,41,67,5,2,138,0.0,Lower-Value Customers
8477,1956,Graduation,Alone,26150.0,2,1,2013-03-11,61,5,1,13,3,5,1,1,1,0,3,7,0,0,0,0,0,0,0,3,58,28,4,4,475,0.0,Lower-Value Customers
2457,1975,Basic,Partner,30801.0,0,1,2012-10-26,23,8,4,5,15,2,11,2,1,0,3,7,0,0,0,0,0,0,0,1,39,45,4,3,611,0.0,Lower-Value Customers
988,1965,Graduation,Partner,81168.0,0,0,2014-05-07,84,410,0,592,147,22,22,1,6,4,7,3,0,0,0,1,0,0,0,0,49,1193,17,2,53,1.0,Higher-Value Customers
7930,1969,Master,Alone,26877.0,0,0,2013-08-19,74,101,13,76,20,18,40,2,3,1,6,6,0,0,0,0,0,0,0,0,45,268,10,1,314,0.0,Lower-Value Customers
4587,1944,Master,Alone,45006.0,0,0,2013-07-18,90,162,25,53,16,0,10,1,3,1,7,3,0,0,0,0,0,0,0,0,70,266,11,1,346,0.0,Lower-Value Customers
6682,1973,Basic,Partner,18978.0,1,0,2012-12-11,41,2,8,1,4,7,15,1,1,0,3,8,0,0,0,0,0,0,0,1,41,37,4,3,565,0.0,Lower-Value Customers
6222,1967,Graduation,Partner,22574.0,2,1,2013-10-28,28,25,0,8,2,0,2,2,2,0,3,7,0,0,0,0,0,0,0,3,47,37,5,5,244,0.0,Lower-Value Customers
10299,1969,PhD,Alone,48240.0,0,0,2012-11-09,73,389,91,248,64,49,41,3,6,3,13,5,0,0,0,0,0,0,1,0,45,882,22,1,597,1.0,Higher-Value Customers
3083,1974,Graduation,Partner,45837.0,1,1,2013-07-26,88,215,13,87,17,17,24,5,6,2,5,7,0,0,0,0,0,0,0,2,40,373,13,4,338,0.0,Lower-Value Customers
8953,1965,Master,Alone,35791.0,2,1,2013-05-06,94,27,0,5,0,0,3,2,1,0,3,8,0,0,0,0,0,0,0,3,49,35,4,4,419,0.0,Lower-Value Customers
1503,1976,PhD,Partner,162397.0,1,1,2013-06-03,31,85,1,16,2,1,2,0,0,0,1,1,0,0,0,0,0,0,0,2,38,107,1,4,391,0.0,Lower-Value Customers
8650,1978,Graduation,Alone,54162.0,1,1,2013-03-18,31,5,6,10,6,5,10,1,1,0,3,4,0,0,0,0,0,0,0,2,36,42,4,3,468,0.0,Lower-Value Customers
10862,1960,Master,Partner,30522.0,0,1,2012-08-17,6,179,8,83,19,11,26,5,1,2,9,2,0,0,0,0,0,0,0,1,54,326,12,3,681,0.0,Lower-Value Customers
2782,1961,PhD,Partner,54456.0,0,1,2013-07-11,23,352,0,27,10,0,15,3,6,1,7,6,0,0,0,0,0,0,0,1,53,404,14,3,353,1.0,Higher-Value Customers
6941,1971,Graduation,Alone,31632.0,0,0,2013-07-14,92,17,8,12,11,15,32,1,2,1,2,7,0,0,0,0,0,0,0,0,43,95,5,1,350,0.0,Lower-Value Customers
10972,1949,Graduation,Alone,72298.0,0,0,2014-03-10,52,625,35,169,58,17,35,1,4,3,6,1,0,1,1,0,0,0,0,0,65,939,13,1,111,1.0,Higher-Value Customers
10708,1978,2n Cycle,Alone,36975.0,1,0,2013-12-28,50,10,6,11,0,4,2,1,1,0,3,7,0,0,0,0,0,0,0,1,36,33,4,2,183,0.0,Lower-Value Customers
6583,1955,2n Cycle,Partner,72635.0,0,0,2013-06-03,54,390,22,323,104,35,107,1,6,8,6,3,0,0,0,1,0,0,0,0,59,981,20,2,391,1.0,Higher-Value Customers
3641,1976,Graduation,Partner,13624.0,1,0,2013-01-20,93,10,2,15,2,1,6,2,2,0,3,6,0,0,0,0,0,0,0,1,38,36,5,3,525,0.0,Lower-Value Customers
10156,1975,Graduation,Alone,84196.0,0,1,2013-06-03,56,215,63,507,231,31,190,1,8,4,7,3,0,0,0,0,0,0,0,1,39,1237,19,2,391,1.0,Higher-Value Customers
4299,1960,Graduation,Partner,70971.0,0,1,2012-09-21,28,1001,17,572,93,125,17,7,11,11,5,7,0,0,0,0,0,0,1,1,54,1825,27,3,646,1.0,Higher-Value Customers
3469,1977,PhD,Alone,34487.0,1,1,2012-09-06,94,19,18,33,24,1,8,3,3,0,3,9,0,0,0,0,0,0,0,2,37,103,6,3,661,0.0,Lower-Value Customers
5063,1977,Graduation,Alone,28769.0,1,0,2012-12-18,76,41,5,129,10,3,3,3,4,1,4,9,0,0,0,0,0,0,0,1,37,191,9,2,558,0.0,Lower-Value Customers
10727,1970,PhD,Partner,69084.0,1,0,2013-11-19,43,1181,107,199,39,30,30,2,7,3,13,8,0,0,0,0,0,0,0,1,44,1586,23,3,222,1.0,Higher-Value Customers
9624,1958,PhD,Partner,65488.0,0,0,2014-06-13,46,603,45,207,36,18,54,1,3,4,6,1,0,0,0,0,0,0,0,0,56,963,13,2,16,1.0,Higher-Value Customers
5156,1970,2n Cycle,Partner,62466.0,0,1,2014-01-15,13,129,129,259,168,121,83,5,6,3,12,4,0,0,0,0,0,0,0,1,44,889,21,3,165,1.0,Higher-Value Customers
4376,1960,2n Cycle,Alone,32218.0,0,0,2014-02-15,27,10,24,15,13,1,30,1,2,1,3,7,1,0,0,0,0,0,1,0,54,93,6,1,134,0.0,Lower-Value Customers
8923,1973,Graduation,Alone,83917.0,0,0,2013-04-18,12,514,22,732,42,198,79,1,6,7,7,3,0,0,0,0,0,0,1,0,41,1587,20,1,437,1.0,Higher-Value Customers
8461,1962,Graduation,Alone,46102.0,2,1,2014-03-10,3,14,0,1,0,0,1,1,1,0,2,7,0,0,0,0,0,0,0,3,52,16,3,4,111,0.0,Lower-Value Customers
6945,1952,Graduation,Alone,84574.0,0,0,2013-06-04,72,387,20,713,38,54,163,1,9,11,11,5,0,0,0,0,0,0,0,0,62,1375,31,1,390,1.0,Higher-Value Customers
944,1962,Graduation,Partner,56181.0,0,1,2013-01-08,6,121,103,69,8,44,48,1,4,2,7,4,0,0,0,0,0,0,0,1,52,393,13,3,537,0.0,Lower-Value Customers
1907,1950,Master,Alone,63120.0,0,1,2012-09-28,53,965,69,279,54,41,69,5,8,4,9,7,0,0,0,0,0,0,1,1,64,1477,21,2,639,1.0,Higher-Value Customers
701,1971,Graduation,Partner,73691.0,0,1,2013-11-06,58,707,21,250,85,43,73,2,6,2,8,2,1,0,0,0,0,0,0,1,43,1179,16,3,235,1.0,Higher-Value Customers
3856,1960,Graduation,Partner,63381.0,0,1,2012-10-05,78,571,50,142,33,50,159,4,4,5,13,2,0,0,0,0,0,0,0,1,54,1005,22,3,632,1.0,Higher-Value Customers
4149,1948,PhD,Partner,76140.0,0,0,2014-05-13,57,586,66,653,17,0,26,1,5,9,6,2,0,0,0,0,0,0,0,0,66,1348,20,2,47,1.0,Higher-Value Customers
2131,1959,PhD,Alone,62859.0,0,1,2012-12-30,37,1063,89,102,16,12,25,4,9,4,6,6,0,0,0,0,0,0,0,1,55,1307,19,2,546,1.0,Higher-Value Customers
2942,1964,Graduation,Alone,45906.0,0,1,2013-05-07,20,305,3,27,4,3,144,2,5,4,4,5,1,0,0,0,0,0,0,1,50,486,13,2,418,0.0,Lower-Value Customers
1173,1947,Master,Partner,77632.0,0,0,2013-03-10,73,1200,105,758,0,42,147,1,4,2,6,2,0,1,1,0,0,0,1,0,67,2252,12,2,476,1.0,Higher-Value Customers
4381,1971,PhD,Partner,46463.0,1,1,2013-08-18,56,163,2,40,8,11,11,7,3,1,6,6,0,0,0,0,0,0,0,2,43,235,10,4,315,0.0,Lower-Value Customers
4611,1970,Graduation,Partner,105471.0,0,0,2013-01-21,36,1009,181,104,202,21,207,0,9,8,13,3,0,0,1,1,0,0,1,0,44,1724,30,2,524,1.0,Higher-Value Customers
3376,1970,Master,Alone,55282.0,1,0,2013-12-13,9,125,6,73,8,4,19,1,3,1,6,4,0,0,0,0,0,0,0,1,44,235,10,2,198,0.0,Lower-Value Customers
4679,1977,Master,Partner,78710.0,0,1,2014-05-23,42,721,0,152,119,50,50,3,7,6,12,4,0,0,0,0,0,0,0,1,37,1092,25,3,37,1.0,Higher-Value Customers
10928,1958,Graduation,Partner,66886.0,0,1,2013-09-16,28,315,4,62,41,31,146,2,7,1,7,5,0,0,0,0,0,0,0,1,56,599,15,3,286,1.0,Higher-Value Customers
4248,1960,Master,Alone,98777.0,0,0,2014-02-17,23,1000,19,711,125,115,38,0,4,6,9,1,0,1,0,0,0,0,0,0,54,2008,19,1,132,1.0,Higher-Value Customers
6728,1985,Graduation,Partner,29103.0,1,0,2012-08-27,38,16,0,17,6,3,6,2,1,0,3,9,0,0,0,0,0,0,0,1,29,48,4,3,671,0.0,Lower-Value Customers
6661,1974,Graduation,Partner,67445.0,0,1,2012-08-12,63,757,80,217,29,80,11,5,9,6,12,6,0,0,0,0,0,0,0,1,40,1174,27,3,686,1.0,Higher-Value Customers
4725,1950,PhD,Partner,50616.0,0,1,2014-04-13,71,30,2,25,0,1,9,1,1,1,4,2,0,0,0,0,0,0,0,1,64,67,6,3,77,0.0,Lower-Value Customers
3277,1955,Graduation,Alone,49431.0,0,1,2012-08-03,9,219,3,100,26,0,17,2,7,1,5,8,0,0,0,0,0,0,0,1,59,365,13,2,695,0.0,Lower-Value Customers
5555,1975,Graduation,Alone,153924.0,0,0,2014-02-07,81,1,1,1,1,1,1,0,0,0,0,0,0,0,0,0,0,0,0,0,39,6,0,1,142,0.0,Lower-Value Customers
2564,1953,Graduation,Partner,61278.0,0,1,2014-01-04,87,111,3,28,2,6,15,2,3,1,4,6,0,0,0,0,0,0,0,1,61,165,8,3,176,0.0,Lower-Value Customers
946,1958,2n Cycle,Partner,26490.0,0,0,2012-09-22,92,45,47,52,21,20,25,2,3,1,5,6,0,0,0,0,0,0,0,0,56,210,9,2,645,0.0,Lower-Value Customers
3867,1947,PhD,Partner,73059.0,0,1,2013-08-31,36,410,112,420,0,82,71,1,9,3,13,4,0,0,0,0,0,0,0,1,67,1095,25,3,302,1.0,Higher-Value Customers
6940,1966,PhD,Alone,46734.0,1,2,2013-10-21,86,100,1,39,6,1,76,4,3,2,3,6,1,0,0,0,0,0,0,3,48,223,8,4,251,0.0,Lower-Value Customers
55,1963,Graduation,Partner,56253.0,0,1,2012-12-07,83,509,0,65,7,11,5,4,7,2,9,6,0,0,0,0,0,0,0,1,51,597,18,3,569,1.0,Higher-Value Customers
7093,1985,Graduation,Partner,19986.0,1,0,2013-11-14,74,3,6,5,0,2,6,1,0,0,3,7,0,0,0,0,0,0,0,1,29,22,3,3,227,0.0,Lower-Value Customers
5084,1975,Graduation,Alone,58330.0,0,1,2013-12-25,87,445,53,213,104,98,151,1,6,4,13,4,0,0,0,0,0,0,0,1,39,1064,23,2,186,1.0,Higher-Value Customers
1777,1980,Basic,Partner,25965.0,0,0,2012-09-07,29,2,2,11,41,7,11,1,2,0,3,8,0,0,0,0,0,0,0,0,34,74,5,2,660,0.0,Lower-Value Customers
8162,1956,Master,Partner,14661.0,0,0,2013-01-01,88,4,1,11,6,2,2,1,1,0,3,6,0,0,0,0,0,0,0,0,58,26,4,2,544,0.0,Lower-Value Customers
10826,1959,Graduation,Partner,18690.0,0,0,2012-12-28,77,6,1,7,23,4,19,1,1,1,2,8,0,0,0,0,0,0,0,0,55,60,4,2,548,0.0,Lower-Value Customers
8754,1974,PhD,Partner,45068.0,0,1,2013-05-16,25,14,0,3,0,0,3,1,1,0,2,7,0,0,0,0,0,0,0,1,40,20,3,3,409,0.0,Lower-Value Customers
1987,1987,Basic,Alone,21063.0,1,0,2013-09-25,34,1,10,11,19,3,15,2,2,0,3,6,0,0,0,0,0,0,0,1,27,59,5,2,277,0.0,Lower-Value Customers
11007,1968,PhD,Partner,29187.0,1,0,2013-05-09,43,26,0,6,0,0,2,1,1,0,3,8,0,0,0,0,0,0,0,1,46,34,4,3,416,0.0,Lower-Value Customers
7426,1971,2n Cycle,Partner,54690.0,1,1,2013-11-07,76,111,16,37,7,9,18,3,3,1,5,3,0,0,0,0,0,0,0,2,43,198,9,4,234,0.0,Lower-Value Customers
9153,1964,PhD,Partner,59304.0,0,1,2013-07-29,81,418,61,428,80,51,10,3,7,8,10,5,0,0,0,0,0,0,0,1,50,1048,25,3,335,1.0,Higher-Value Customers
10379,1962,Master,Alone,59247.0,0,2,2013-11-08,87,327,9,122,19,14,83,5,5,2,9,6,0,0,0,0,0,0,0,2,52,574,16,3,233,1.0,Higher-Value Customers
9204,1970,Graduation,Alone,66731.0,0,1,2012-09-12,33,371,159,194,58,106,141,4,4,3,6,3,0,0,0,0,0,0,0,1,44,1029,13,2,655,1.0,Higher-Value Customers
3197,1980,Graduation,Partner,77353.0,0,1,2013-12-16,38,275,59,107,69,101,59,2,6,4,8,4,0,0,0,0,0,0,0,1,34,670,18,3,195,1.0,Higher-Value Customers
2920,1975,PhD,Alone,52614.0,0,1,2012-12-01,63,789,0,142,12,9,38,2,2,4,8,8,0,0,0,0,0,0,0,1,39,990,14,2,575,1.0,Higher-Value Customers
6961,1974,Graduation,Partner,26751.0,2,0,2014-05-22,26,1,1,5,0,3,1,1,1,0,2,8,0,0,0,0,0,0,0,2,40,11,3,4,38,0.0,Lower-Value Customers
4673,1963,PhD,Partner,81300.0,0,1,2012-10-30,17,1004,12,145,32,12,36,3,10,3,5,5,0,0,0,1,0,0,1,1,51,1241,18,3,607,1.0,Higher-Value Customers
9937,1979,Graduation,Alone,70337.0,0,0,2014-01-02,75,187,81,149,25,43,91,1,2,2,12,1,0,0,0,0,0,0,0,0,35,576,16,1,178,1.0,Higher-Value Customers
8779,1985,2n Cycle,Partner,36145.0,1,0,2013-06-16,13,56,4,76,17,1,18,4,4,1,3,9,1,0,0,0,0,0,1,1,29,172,8,3,378,0.0,Lower-Value Customers
9596,1980,PhD,Alone,65295.0,0,0,2013-12-23,19,365,32,117,34,110,6,1,3,3,13,2,0,0,0,0,0,0,0,0,34,664,19,1,188,1.0,Higher-Value Customers
2891,1963,Graduation,Alone,68118.0,0,1,2013-10-18,51,595,23,123,10,23,154,2,8,9,4,6,0,0,0,0,0,0,0,1,51,928,21,2,254,1.0,Higher-Value Customers
4910,1967,Graduation,Alone,68743.0,0,0,2012-08-30,81,1132,134,384,175,134,115,1,11,5,13,7,0,0,0,0,0,0,0,0,47,2074,29,1,668,1.0,Higher-Value Customers
75,1982,2n Cycle,Partner,41039.0,0,0,2013-07-25,32,34,11,137,179,61,45,1,8,1,5,8,0,0,0,0,0,0,0,0,32,467,14,2,339,0.0,Lower-Value Customers
10120,1955,Graduation,Partner,38946.0,0,1,2013-10-24,84,116,6,82,6,6,41,2,3,1,6,5,0,0,0,0,0,0,0,1,59,257,10,3,248,0.0,Lower-Value Customers
6327,1967,Graduation,Partner,65777.0,0,0,2013-12-19,87,565,32,435,28,32,54,1,2,8,6,1,0,0,0,0,0,0,0,0,47,1146,16,2,192,1.0,Higher-Value Customers
10142,1976,PhD,Alone,66476.0,0,1,2013-03-07,99,372,18,126,47,48,78,2,5,2,11,4,0,0,0,0,0,0,0,1,38,689,18,2,479,1.0,Higher-Value Customers
9826,1972,PhD,Alone,86857.0,0,0,2012-09-12,96,899,102,838,133,102,40,1,5,6,10,2,0,0,0,0,0,0,1,0,42,2114,21,1,655,1.0,Higher-Value Customers
1501,1982,PhD,Partner,160803.0,0,0,2012-08-04,21,55,16,1622,17,3,4,15,0,28,1,0,0,0,0,0,0,0,0,0,32,1717,29,2,694,1.0,Higher-Value Customers
10767,1989,PhD,Partner,77845.0,0,0,2014-05-16,40,760,40,480,0,40,26,1,3,5,12,1,0,0,1,1,0,0,0,0,25,1346,20,2,44,1.0,Higher-Value Customers
7279,1969,PhD,Partner,69476.0,0,0,2013-09-30,3,260,86,559,63,9,67,1,4,6,4,2,0,0,0,0,0,0,0,0,45,1044,14,2,272,1.0,Higher-Value Customers
7230,1960,PhD,Alone,50611.0,0,1,2012-10-04,98,459,0,24,6,0,4,6,4,5,7,6,0,1,0,0,0,0,1,1,54,493,16,2,633,1.0,Higher-Value Customers
143,1970,Graduation,Alone,61209.0,0,0,2013-08-25,73,466,0,224,119,49,99,1,5,3,4,2,0,0,0,0,0,0,0,0,44,957,12,1,308,1.0,Higher-Value Customers
450,1958,Master,Partner,42315.0,0,1,2013-07-12,90,67,15,80,17,11,80,3,1,4,4,3,0,0,0,0,0,0,0,1,56,270,9,3,352,0.0,Lower-Value Customers
9316,1952,Basic,Partner,13084.0,0,0,2013-11-02,29,2,0,7,3,7,10,1,1,0,3,6,0,0,0,0,0,0,0,0,62,29,4,2,239,0.0,Lower-Value Customers
6379,1949,Master,Alone,47570.0,1,1,2013-05-29,3,67,1,20,0,2,31,3,2,2,2,7,0,0,0,0,0,0,1,2,65,121,6,3,396,0.0,Lower-Value Customers
9239,1961,Master,Partner,61923.0,0,2,2013-07-26,94,92,4,18,3,3,6,1,2,1,4,3,0,0,0,0,0,0,0,2,53,126,7,4,338,0.0,Lower-Value Customers
8315,1995,Graduation,Alone,34824.0,0,0,2014-03-26,65,4,2,11,2,0,4,1,1,0,2,6,0,0,0,0,0,0,0,0,19,23,3,1,95,0.0,Lower-Value Customers
2868,1949,PhD,Alone,26518.0,1,1,2013-04-08,33,20,1,28,3,3,2,3,2,0,3,8,0,0,0,0,0,0,1,2,65,57,5,3,447,0.0,Lower-Value Customers
10888,1961,Graduation,Alone,45938.0,0,0,2013-11-03,46,273,11,178,62,83,29,2,8,4,6,6,0,0,0,0,0,0,0,0,53,636,18,1,238,1.0,Higher-Value Customers
1277,1960,Graduation,Partner,78468.0,0,0,2014-04-09,29,434,22,388,104,22,34,1,10,7,10,4,0,0,0,1,0,0,0,0,54,1004,27,2,81,1.0,Higher-Value Customers
9977,1973,Graduation,Alone,78901.0,0,1,2013-09-17,99,321,11,309,33,26,34,3,9,3,5,4,0,0,0,0,0,0,0,1,41,734,17,2,285,1.0,Higher-Value Customers
10196,1978,Graduation,Partner,71427.0,2,0,2014-03-12,26,212,123,177,15,64,23,2,8,2,8,4,0,0,0,0,0,0,0,2,36,614,18,4,109,1.0,Higher-Value Customers
6384,1978,Graduation,Alone,71022.0,0,1,2014-02-11,30,909,12,278,0,12,242,3,5,2,11,8,1,0,0,0,0,0,0,1,36,1453,18,2,138,1.0,Higher-Value Customers
8029,1988,Master,Alone,90247.0,0,0,2014-04-29,27,1184,32,352,21,16,16,1,3,4,7,1,0,1,1,1,0,0,1,0,26,1621,14,1,61,1.0,Higher-Value Customers
968,1968,Master,Alone,41335.0,1,0,2013-12-26,24,112,19,21,16,14,5,3,4,1,4,7,0,0,0,0,0,0,0,1,46,187,9,2,185,0.0,Lower-Value Customers
6988,1986,Graduation,Partner,71952.0,1,0,2013-01-10,93,656,80,455,52,107,93,2,8,4,8,4,1,0,1,0,0,0,0,1,28,1443,20,3,535,1.0,Higher-Value Customers
4472,1970,PhD,Alone,35682.0,1,0,2014-06-27,34,23,0,8,6,2,18,1,1,1,3,2,0,0,0,0,0,0,0,1,44,57,5,2,2,0.0,Lower-Value Customers
6991,1951,Graduation,Alone,43185.0,0,1,2013-04-10,88,537,6,42,16,6,30,2,9,3,6,8,0,0,0,0,0,0,0,1,63,637,18,2,445,1.0,Higher-Value Customers
3336,1948,PhD,Partner,66375.0,0,1,2013-11-21,96,712,0,45,0,0,191,3,2,4,5,7,1,0,0,0,0,0,0,1,66,948,11,3,220,1.0,Higher-Value Customers
4301,1971,Master,Partner,35178.0,1,0,2013-01-10,10,23,1,13,2,2,18,1,1,1,2,7,1,0,0,0,0,0,1,1,43,59,4,3,535,0.0,Lower-Value Customers
1940,1986,Graduation,Partner,25252.0,1,0,2013-07-12,26,1,3,4,2,2,6,1,1,0,2,8,0,0,0,0,0,0,0,1,28,18,3,3,352,0.0,Lower-Value Customers
1272,1965,Master,Alone,55250.0,0,1,2012-10-21,49,664,58,83,32,0,66,4,7,5,10,5,0,0,0,0,0,0,0,1,49,903,22,2,616,1.0,Higher-Value Customers
1388,1975,Graduation,Alone,33249.0,1,0,2013-02-20,11,6,10,21,19,14,42,2,2,1,3,6,0,0,0,0,0,0,0,1,39,112,6,2,494,0.0,Lower-Value Customers
1044,1953,Graduation,Partner,58398.0,0,0,2013-05-14,44,299,5,201,21,21,49,3,5,4,8,4,0,0,0,0,0,0,0,0,61,596,17,2,411,1.0,Higher-Value Customers
6969,1982,Graduation,Partner,50272.0,1,0,2013-08-07,75,99,13,66,43,8,4,3,4,1,5,7,0,0,0,0,0,0,0,1,32,233,10,3,326,0.0,Lower-Value Customers
10479,1975,PhD,Partner,76618.0,0,0,2012-12-07,64,749,40,294,121,160,147,1,3,2,5,1,0,0,0,0,0,0,0,0,39,1511,10,2,569,1.0,Higher-Value Customers
3619,1960,2n Cycle,Alone,87305.0,0,0,2012-09-23,19,345,25,501,63,138,80,1,5,3,8,2,0,0,1,0,0,0,1,0,54,1152,16,1,644,1.0,Higher-Value Customers
1715,1978,Graduation,Partner,25851.0,1,0,2013-02-11,45,9,4,18,7,5,5,2,2,0,3,7,0,0,0,0,0,0,0,1,36,48,5,3,503,0.0,Lower-Value Customers
10159,1970,Graduation,Alone,58710.0,0,1,2013-03-31,77,440,81,368,0,122,174,6,11,5,9,6,0,0,0,0,0,0,0,1,44,1185,25,2,455,1.0,Higher-Value Customers
1463,1958,Graduation,Alone,45160.0,1,1,2014-03-29,9,8,2,5,3,0,3,1,1,0,2,7,0,0,0,0,0,0,0,2,56,21,3,3,92,0.0,Lower-Value Customers
5114,1965,Master,Partner,74806.0,0,1,2012-12-19,1,670,9,249,0,28,9,2,5,4,5,4,0,0,0,0,0,0,0,1,49,965,14,3,557,1.0,Higher-Value Customers
4990,1954,Graduation,Partner,59111.0,0,0,2013-05-02,90,524,0,134,28,28,155,1,11,1,8,7,0,0,0,0,0,0,0,0,60,869,20,2,423,1.0,Higher-Value Customers
4329,1984,PhD,Partner,18988.0,1,0,2014-05-23,43,6,0,6,2,1,1,2,1,0,3,7,0,0,0,0,0,0,0,1,30,16,4,3,37,0.0,Lower-Value Customers
10936,1965,Graduation,Partner,72190.0,0,0,2013-02-13,79,597,166,597,172,166,249,1,5,6,4,3,0,0,0,0,0,0,0,0,49,1947,15,2,501,1.0,Higher-Value Customers
4692,1976,Graduation,Partner,7500.0,1,0,2012-08-01,19,7,0,12,13,7,32,5,4,1,2,9,1,0,0,0,0,0,1,1,38,71,7,3,697,0.0,Lower-Value Customers
7212,1966,Graduation,Partner,44794.0,0,1,2014-06-08,99,54,0,7,0,0,4,1,2,0,3,6,0,0,0,0,0,0,0,1,48,65,5,3,21,0.0,Lower-Value Customers
6086,1955,Graduation,Partner,80395.0,0,0,2013-11-23,62,445,25,706,80,76,48,1,6,5,12,2,0,0,0,1,0,0,0,0,59,1380,23,2,218,1.0,Higher-Value Customers
437,1976,Master,Alone,75012.0,0,0,2014-01-25,41,294,142,218,164,58,151,1,3,8,11,1,0,0,0,0,0,0,0,0,38,1027,22,1,155,1.0,Higher-Value Customers
11171,1965,Master,Partner,56962.0,2,1,2013-10-11,60,292,3,77,10,3,26,7,6,3,5,7,0,0,0,0,0,0,0,3,49,411,14,5,261,1.0,Higher-Value Customers
11101,1991,Graduation,Partner,89891.0,0,0,2013-04-15,17,412,22,132,59,28,183,1,11,6,8,4,0,0,1,0,0,0,0,0,23,836,25,2,440,1.0,Higher-Value Customers
5329,1949,PhD,Alone,35946.0,1,1,2013-09-27,24,8,0,3,0,0,0,1,0,0,3,5,0,0,0,0,0,0,0,2,65,11,3,3,275,0.0,Lower-Value Customers
610,1953,PhD,Partner,53593.0,1,1,2012-08-07,60,349,4,78,6,0,43,8,7,2,6,8,0,0,0,0,0,0,0,2,61,480,15,4,691,1.0,Higher-Value Customers
9384,1978,Graduation,Partner,66373.0,1,1,2013-06-12,57,328,9,124,12,24,109,7,4,2,10,3,0,0,0,0,0,0,0,2,36,606,16,4,382,1.0,Higher-Value Customers
5956,1948,PhD,Alone,45072.0,1,2,2013-10-16,74,144,2,99,7,2,30,5,6,1,4,8,0,0,0,0,0,0,0,3,66,284,11,4,256,0.0,Lower-Value Customers
10430,1973,Graduation,Alone,89694.0,1,1,2013-10-09,22,1126,28,211,37,28,42,3,4,3,4,5,0,1,1,1,0,0,0,2,41,1472,11,3,263,1.0,Higher-Value Customers
7875,1949,Graduation,Partner,72025.0,0,0,2014-04-29,46,967,0,617,43,50,0,1,4,8,13,2,0,1,1,1,0,0,1,0,65,1677,25,2,61,1.0,Higher-Value Customers
7072,1973,Graduation,Partner,67432.0,0,1,2013-03-29,69,432,79,341,177,136,170,2,8,5,4,4,0,0,0,0,0,0,0,1,41,1335,17,3,457,1.0,Higher-Value Customers
6255,1952,Master,Partner,70545.0,0,1,2014-06-03,29,138,39,63,55,18,21,1,4,1,7,2,0,0,0,0,0,0,0,1,62,334,12,3,26,0.0,Lower-Value Customers
6516,1989,Basic,Partner,17487.0,1,0,2013-03-18,37,0,0,1,7,4,6,1,1,0,2,7,0,0,0,0,0,0,0,1,25,18,3,3,468,0.0,Lower-Value Customers
5564,1969,Graduation,Partner,62882.0,0,1,2012-08-09,26,509,133,497,78,24,97,2,7,5,6,4,0,0,0,0,0,0,0,1,45,1338,18,3,689,1.0,Higher-Value Customers
5682,1953,PhD,Alone,64108.0,0,1,2013-03-23,8,948,10,86,13,21,21,4,6,9,11,5,0,0,0,0,0,0,0,1,61,1099,26,2,463,1.0,Higher-Value Customers
7458,1956,Master,Partner,34941.0,1,1,2013-03-06,26,39,2,25,4,3,24,2,3,0,3,8,0,0,0,0,0,0,0,2,58,97,6,4,480,0.0,Lower-Value Customers
5237,1950,PhD,Alone,48767.0,1,2,2014-01-01,79,28,1,21,3,0,10,3,2,1,3,5,0,0,0,0,0,0,0,3,64,63,6,4,179,0.0,Lower-Value Customers
7761,1978,2n Cycle,Partner,38702.0,1,0,2013-08-01,71,13,11,24,13,8,40,2,3,0,4,6,0,0,0,0,0,0,0,1,36,109,7,3,332,0.0,Lower-Value Customers
5278,1964,Graduation,Partner,82224.0,0,0,2014-01-25,83,307,26,360,138,31,40,1,6,9,5,3,0,0,0,1,0,0,0,0,50,902,20,2,155,1.0,Higher-Value Customers
3560,1952,Graduation,Partner,83844.0,0,0,2013-05-12,57,901,31,345,75,31,191,1,4,4,11,1,0,0,1,0,0,0,0,0,62,1574,19,2,413,1.0,Higher-Value Customers
7235,1975,2n Cycle,Partner,17003.0,1,0,2013-12-09,37,2,5,12,4,8,7,3,2,0,4,5,0,0,0,0,0,0,0,1,39,38,6,3,202,0.0,Lower-Value Customers
10548,1995,Graduation,Alone,71163.0,0,0,2014-03-09,30,283,17,372,138,106,44,1,3,8,12,1,0,0,0,0,0,0,0,0,19,960,23,1,112,1.0,Higher-Value Customers
2281,1970,Graduation,Alone,33697.0,1,0,2013-09-15,34,4,3,7,0,3,11,1,1,0,2,7,1,0,0,0,0,0,0,1,44,28,3,2,287,0.0,Lower-Value Customers
4073,1954,2n Cycle,Partner,63564.0,0,0,2014-01-29,0,769,80,252,15,34,65,1,10,10,7,6,1,0,0,0,0,0,1,0,60,1215,27,2,151,1.0,Higher-Value Customers
6974,1972,PhD,Partner,83443.0,0,0,2013-12-31,89,518,42,742,55,56,84,1,6,10,5,2,0,0,0,0,0,0,0,0,42,1497,21,2,180,1.0,Higher-Value Customers
7938,1958,PhD,Partner,51518.0,0,1,2013-10-03,92,350,8,66,17,4,4,2,3,2,10,3,0,0,0,0,0,0,0,1,56,449,15,3,269,1.0,Higher-Value Customers
7094,1975,Graduation,Alone,58330.0,0,1,2013-12-25,87,445,53,213,104,98,151,1,6,4,13,4,0,0,0,0,0,0,0,1,39,1064,23,2,186,1.0,Higher-Value Customers
3667,1969,Graduation,Partner,80952.0,0,0,2013-02-28,20,778,178,689,41,27,44,1,8,5,11,8,0,1,1,1,0,0,1,0,45,1757,24,2,486,1.0,Higher-Value Customers
7723,1979,Graduation,Partner,75507.0,0,0,2014-05-02,56,709,93,374,104,80,80,1,8,6,6,3,0,0,0,0,0,0,0,0,35,1440,20,2,58,1.0,Higher-Value Customers
3870,1978,2n Cycle,Partner,63855.0,0,0,2013-02-09,28,359,35,314,93,116,89,1,7,3,13,4,0,0,0,0,0,0,0,0,36,1006,23,2,505,1.0,Higher-Value Customers
4012,1972,PhD,Partner,62220.0,0,1,2012-08-11,55,799,12,375,16,12,12,5,7,6,5,6,0,0,0,0,0,0,1,1,42,1226,18,3,687,1.0,Higher-Value Customers
5909,1964,Graduation,Partner,58512.0,0,1,2013-09-19,25,895,10,101,13,0,152,5,3,4,8,8,0,0,0,0,0,0,0,1,50,1171,15,3,283,1.0,Higher-Value Customers
10470,1979,Master,Partner,40662.0,1,0,2013-03-15,0,40,2,23,0,4,23,2,2,1,3,4,0,0,0,0,0,0,0,1,35,92,6,3,471,0.0,Lower-Value Customers
6488,1959,PhD,Partner,38829.0,0,1,2014-04-06,86,76,0,7,0,0,16,1,3,2,2,5,0,0,0,0,0,0,0,1,55,99,7,3,84,0.0,Lower-Value Customers
10270,1981,2n Cycle,Partner,35523.0,1,0,2013-10-03,8,11,5,22,12,5,11,2,3,0,3,7,0,0,0,0,0,0,0,1,33,66,6,3,269,0.0,Lower-Value Customers
6887,1967,Graduation,Alone,79146.0,1,1,2014-04-24,33,245,16,223,21,43,16,2,8,1,8,6,0,0,0,0,0,0,0,2,47,564,17,3,66,1.0,Higher-Value Customers
6406,1988,Master,Partner,78285.0,0,0,2013-10-28,13,647,107,391,175,67,40,1,6,4,10,3,0,0,0,0,0,0,0,0,26,1427,20,2,244,1.0,Higher-Value Customers
7573,1978,PhD,Alone,31626.0,1,0,2013-05-10,12,39,1,9,2,1,34,1,2,1,2,7,1,0,0,0,0,0,1,1,36,86,5,2,415,0.0,Lower-Value Customers
4508,1952,Graduation,Alone,75127.0,0,0,2014-05-22,92,203,35,305,46,17,227,1,2,11,5,1,0,0,0,0,0,0,0,0,62,833,18,1,38,1.0,Higher-Value Customers
221,1955,Graduation,Partner,48726.0,0,1,2013-04-27,90,138,3,38,4,0,59,3,3,2,4,6,0,0,0,0,0,0,0,1,59,242,9,3,428,0.0,Lower-Value Customers
5331,1977,Graduation,Partner,74985.0,0,0,2012-09-11,8,587,51,898,247,0,86,1,3,6,7,2,0,0,0,0,0,0,0,0,37,1869,16,2,656,1.0,Higher-Value Customers
1911,1987,Graduation,Partner,67430.0,0,0,2012-09-05,6,595,97,291,127,133,121,1,11,5,12,6,0,0,0,0,0,0,0,0,27,1364,28,2,662,1.0,Higher-Value Customers
20,1965,2n Cycle,Partner,46891.0,0,1,2013-09-01,91,43,12,23,29,15,61,1,2,1,4,4,0,0,0,0,0,0,0,1,49,183,7,3,301,0.0,Lower-Value Customers
8786,1956,Master,Partner,62058.0,0,1,2013-05-26,52,301,7,74,10,0,58,4,6,1,7,6,0,0,0,0,0,0,0,1,58,450,14,3,399,1.0,Higher-Value Customers
10582,1979,Graduation,Partner,72063.0,0,1,2013-07-03,3,180,32,348,76,32,90,2,5,2,12,2,0,0,0,0,0,0,0,1,35,758,19,3,361,1.0,Higher-Value Customers
1915,1951,PhD,Partner,78939.0,0,0,2013-12-12,57,794,115,243,150,0,205,1,8,5,6,3,0,0,0,0,0,0,0,0,63,1507,19,2,199,1.0,Higher-Value Customers
8897,1965,Graduation,Alone,42720.0,1,1,2013-04-24,9,392,5,91,28,26,112,8,7,3,7,8,0,0,0,0,0,0,1,2,49,654,17,3,431,1.0,Higher-Value Customers
2371,1972,Graduation,Partner,33622.0,1,1,2013-04-13,22,39,1,22,3,4,12,3,2,0,4,7,0,0,0,0,0,0,0,2,42,81,6,4,442,0.0,Lower-Value Customers
4303,1957,PhD,Partner,6835.0,0,1,2012-12-08,76,107,2,12,2,2,12,0,0,0,1,20,0,0,0,0,0,0,0,1,57,137,1,3,568,0.0,Lower-Value Customers
6825,1953,Graduation,Partner,41452.0,1,1,2013-03-06,86,13,0,3,0,0,0,1,1,0,2,7,0,0,0,0,0,0,0,2,61,16,3,4,480,0.0,Lower-Value Customers
1072,1965,PhD,Alone,40760.0,0,1,2013-08-30,64,70,0,17,0,0,6,2,2,1,3,6,0,0,0,0,0,0,0,1,49,93,6,2,303,0.0,Lower-Value Customers
4964,1958,PhD,Partner,74250.0,0,0,2014-01-26,90,680,11,392,75,0,0,1,2,11,4,1,0,0,0,0,0,0,0,0,56,1158,17,2,154,1.0,Higher-Value Customers
2461,1955,Master,Alone,51124.0,1,1,2013-12-18,79,26,1,11,0,1,4,2,1,0,3,3,0,0,0,0,0,0,0,2,59,43,4,3,193,0.0,Lower-Value Customers
10736,1971,Graduation,Alone,72258.0,0,1,2013-09-12,28,522,0,522,227,120,134,2,6,9,5,2,0,0,0,0,0,0,0,1,43,1525,20,2,290,1.0,Higher-Value Customers
3194,1974,PhD,Alone,71466.0,0,0,2014-04-05,86,412,12,546,78,182,0,1,4,4,10,1,0,0,0,0,0,0,0,0,40,1230,18,1,85,1.0,Higher-Value Customers
10839,1976,Graduation,Partner,36283.0,1,1,2014-04-14,42,6,5,5,8,0,5,2,1,0,3,4,0,0,0,0,0,0,0,2,38,29,4,4,76,0.0,Lower-Value Customers
49,1970,Graduation,Alone,20587.0,1,0,2014-05-11,39,2,3,6,4,1,9,1,1,1,2,7,0,0,0,0,0,0,0,1,44,25,4,2,49,0.0,Lower-Value Customers
4290,1972,Graduation,Partner,30467.0,1,0,2014-03-19,8,1,3,8,2,5,5,1,1,0,2,7,0,0,0,0,0,0,0,1,42,24,3,3,102,0.0,Lower-Value Customers
10219,1972,Graduation,Partner,31590.0,1,0,2013-06-18,40,6,2,15,6,6,3,1,1,0,3,8,0,0,0,0,0,0,0,1,42,38,4,3,376,0.0,Lower-Value Customers
4211,1986,Basic,Partner,20425.0,1,0,2012-10-29,5,4,12,5,3,16,17,2,2,0,3,7,0,0,0,0,0,0,0,1,28,57,5,3,608,0.0,Lower-Value Customers
1135,1960,Master,Partner,17144.0,1,1,2014-02-15,96,18,2,19,0,2,6,5,3,0,4,7,0,0,0,0,0,0,0,2,54,47,7,4,134,0.0,Lower-Value Customers
6299,1968,PhD,Alone,42564.0,0,1,2013-01-02,28,324,48,186,39,18,198,6,6,8,4,7,1,0,0,0,0,0,1,1,46,813,18,2,543,1.0,Higher-Value Customers
10846,1978,Master,Partner,43783.0,1,0,2014-05-29,22,327,9,125,25,4,139,6,7,1,8,7,1,0,0,0,0,0,0,1,36,629,16,3,31,1.0,Higher-Value Customers
347,1976,Graduation,Alone,40780.0,0,1,2012-09-08,30,229,27,71,13,3,34,4,7,1,5,9,0,0,0,0,0,0,0,1,38,377,13,2,659,0.0,Lower-Value Customers
6543,1945,Master,Partner,62847.0,0,0,2013-01-15,45,521,168,706,80,76,61,1,3,6,4,2,0,0,0,0,0,0,0,0,69,1612,13,2,530,1.0,Higher-Value Customers
10446,1957,PhD,Partner,82017.0,0,0,2012-11-07,58,184,23,446,30,23,23,1,5,4,7,2,0,1,1,1,0,0,1,0,57,729,16,2,599,1.0,Higher-Value Customers
3479,1950,Graduation,Alone,16813.0,0,0,2013-07-19,49,4,8,11,12,2,13,1,2,0,3,7,1,0,0,0,0,0,0,0,64,50,5,1,345,0.0,Lower-Value Customers
11075,1978,Graduation,Partner,51267.0,1,1,2013-10-29,37,183,2,64,7,2,12,4,3,3,5,4,0,0,0,0,0,0,0,2,36,270,11,4,243,0.0,Lower-Value Customers
4442,1961,Graduation,Alone,46524.0,0,1,2013-04-05,70,31,19,35,26,14,52,2,1,1,5,3,0,0,0,0,0,0,0,1,53,177,7,2,450,0.0,Lower-Value Customers
199,1962,Master,Alone,45183.0,0,0,2013-01-20,33,219,3,60,12,9,12,1,4,1,7,7,0,1,0,0,0,0,0,0,52,315,12,1,525,0.0,Lower-Value Customers
6722,1954,PhD,Partner,70421.0,0,1,2014-06-28,98,479,28,136,75,14,35,3,10,3,7,6,0,0,0,0,0,0,0,1,60,767,20,3,1,1.0,Higher-Value Customers
796,1965,2n Cycle,Alone,60161.0,0,1,2012-10-23,17,584,44,212,46,8,177,3,11,4,8,8,0,0,0,0,0,0,0,1,49,1071,23,2,614,1.0,Higher-Value Customers
3749,1973,Graduation,Partner,73926.0,0,0,2013-03-02,54,627,91,597,159,91,15,1,6,5,12,3,0,0,0,0,0,0,0,0,41,1580,23,2,484,1.0,Higher-Value Customers
8523,1968,Graduation,Partner,19329.0,1,0,2013-12-14,39,24,1,16,12,2,5,3,4,0,3,8,0,0,0,0,0,0,0,1,46,60,7,3,197,0.0,Lower-Value Customers
310,1970,Master,Partner,61872.0,0,1,2013-12-13,81,330,5,159,36,27,16,4,4,4,9,4,0,0,0,0,0,0,0,1,44,573,17,3,198,1.0,Higher-Value Customers
8629,1956,Graduation,Alone,46984.0,1,1,2013-03-26,71,19,1,10,2,1,8,1,1,0,3,5,0,0,0,0,0,0,0,2,58,41,4,3,460,0.0,Lower-Value Customers
236,1951,Graduation,Partner,34838.0,1,1,2013-01-19,62,28,23,29,29,14,47,3,2,1,4,6,0,0,0,0,0,0,0,2,63,170,7,4,526,0.0,Lower-Value Customers
9930,1944,PhD,Alone,82716.0,0,0,2013-11-05,8,606,148,228,15,148,22,1,6,8,13,2,0,0,0,0,0,0,0,0,70,1167,27,1,236,1.0,Higher-Value Customers
3483,1958,Graduation,Partner,48192.0,0,0,2013-04-06,76,1039,43,204,153,58,29,3,2,8,12,8,0,1,0,1,1,0,1,0,56,1526,22,2,449,1.0,Higher-Value Customers
4599,1976,Master,Partner,49681.0,0,2,2013-11-04,66,411,0,26,0,0,21,6,7,1,7,7,0,0,0,0,0,0,0,2,38,458,15,4,237,1.0,Higher-Value Customers
7326,1971,Master,Partner,56850.0,0,1,2014-03-23,83,34,1,19,2,7,0,1,1,1,3,2,0,0,0,0,0,0,0,1,43,63,5,3,98,0.0,Lower-Value Customers
7352,1957,Graduation,Partner,55267.0,0,1,2013-10-21,28,161,28,136,32,3,45,4,3,4,6,3,0,0,0,0,0,0,0,1,57,405,13,3,251,0.0,Lower-Value Customers
2350,1972,Graduation,Partner,59666.0,1,1,2013-03-22,87,623,53,178,23,17,133,7,3,2,8,8,0,1,0,0,0,0,0,2,42,1027,13,4,464,1.0,Higher-Value Customers
9145,1972,Graduation,Alone,72504.0,0,1,2013-04-06,43,604,26,470,123,161,94,2,5,9,6,2,0,0,0,0,0,0,0,1,42,1478,20,2,449,1.0,Higher-Value Customers
2964,1981,Graduation,Partner,26872.0,0,0,2013-10-16,0,3,10,8,3,16,32,1,1,1,2,6,0,0,0,0,0,0,0,0,33,72,4,2,256,0.0,Lower-Value Customers
5585,1972,Graduation,Alone,21359.0,1,0,2013-04-20,1,12,2,17,6,1,10,2,2,0,3,8,0,0,0,0,0,0,1,1,42,48,5,2,435,0.0,Lower-Value Customers
9687,1975,Graduation,Alone,73170.0,0,0,2014-05-31,1,184,174,256,50,30,32,1,5,4,6,2,0,0,0,0,0,0,0,0,39,726,15,1,29,1.0,Higher-Value Customers
3732,1955,Master,Partner,52750.0,0,1,2013-02-04,72,393,0,239,90,69,69,6,5,7,9,4,0,0,0,0,0,0,0,1,59,860,21,3,510,1.0,Higher-Value Customers
6303,1986,PhD,Partner,91820.0,0,0,2013-11-23,72,410,73,747,76,161,30,0,5,5,12,1,0,0,0,0,0,0,0,0,28,1497,22,2,218,1.0,Higher-Value Customers
11176,1970,PhD,Partner,65968.0,0,1,2014-05-12,12,376,9,83,19,4,4,2,5,4,7,3,0,0,0,0,0,0,0,1,44,495,16,3,48,1.0,Higher-Value Customers
2986,1976,Graduation,Partner,30772.0,1,1,2014-03-12,89,7,2,4,2,1,4,1,1,0,2,6,0,0,0,0,0,0,0,2,38,20,3,4,109,0.0,Lower-Value Customers
7462,1954,Graduation,Alone,22507.0,0,0,2012-11-24,67,68,0,226,51,157,68,3,10,2,4,9,0,0,0,0,0,0,0,0,60,570,16,1,582,0.0,Lower-Value Customers
3900,1972,Graduation,Partner,65685.0,0,1,2014-03-29,54,642,14,49,0,7,57,1,9,2,9,5,0,0,0,0,0,0,0,1,42,769,20,3,92,1.0,Higher-Value Customers
7034,1978,2n Cycle,Partner,25804.0,1,0,2013-09-01,34,8,7,9,13,6,12,2,2,0,3,8,0,0,0,0,0,0,0,1,36,55,5,3,301,0.0,Lower-Value Customers
9493,1980,PhD,Alone,76412.0,0,0,2013-05-05,15,840,53,804,23,71,17,1,5,4,8,3,0,0,1,1,0,0,1,0,34,1808,17,1,420,1.0,Higher-Value Customers
1143,1972,Graduation,Partner,22063.0,1,0,2013-08-08,43,7,10,13,3,11,11,2,2,0,3,7,0,0,0,0,0,0,0,1,42,55,5,3,325,0.0,Lower-Value Customers
1,1961,Graduation,Alone,57091.0,0,0,2014-06-15,0,464,5,64,7,0,37,1,7,3,7,5,0,0,0,0,1,0,1,0,53,577,17,1,14,1.0,Higher-Value Customers
3855,1963,Graduation,Partner,22419.0,0,0,2013-04-18,74,30,3,47,19,21,42,1,3,2,2,8,0,0,0,0,0,0,0,0,51,162,7,2,437,0.0,Lower-Value Customers
5536,1959,Graduation,Partner,87771.0,0,1,2013-05-22,61,1492,38,287,50,57,33,1,5,10,4,6,0,1,1,1,1,0,1,1,55,1957,19,3,403,1.0,Higher-Value Customers
5989,1959,2n Cycle,Alone,78353.0,0,1,2013-04-16,51,752,122,476,39,153,34,1,10,2,11,8,0,0,0,0,0,0,0,1,55,1576,23,2,439,1.0,Higher-Value Customers
9499,1954,Graduation,Partner,93404.0,1,2,2013-05-07,97,1279,15,287,20,0,15,3,3,4,7,5,0,1,1,0,0,0,0,3,60,1616,14,5,418,1.0,Higher-Value Customers
6768,1962,Graduation,Alone,37859.0,1,2,2013-01-12,75,22,1,8,2,1,2,2,1,0,3,8,0,0,0,0,0,0,0,3,52,36,4,4,533,0.0,Lower-Value Customers
2150,1958,PhD,Alone,80995.0,0,1,2013-05-11,83,860,28,409,73,56,56,1,8,9,4,4,0,0,0,0,0,0,0,1,56,1482,21,2,414,1.0,Higher-Value Customers
6646,1984,Graduation,Partner,16529.0,1,0,2014-03-01,23,3,0,5,13,0,1,1,1,0,3,6,0,0,0,0,0,0,0,1,30,22,4,3,120,0.0,Lower-Value Customers
4887,1976,PhD,Alone,55412.0,1,1,2013-11-22,65,10,5,28,11,1,8,1,2,0,3,5,0,0,0,0,0,0,0,2,38,63,5,3,219,0.0,Lower-Value Customers
8560,1992,Graduation,Alone,48789.0,0,0,2012-09-10,94,351,16,156,7,5,145,1,6,4,7,6,0,0,0,0,0,0,0,0,22,680,17,1,657,1.0,Higher-Value Customers
3321,1967,PhD,Partner,56575.0,0,2,2013-05-05,42,421,5,90,0,16,10,3,7,3,7,5,0,0,0,0,0,0,0,2,47,542,17,4,420,1.0,Higher-Value Customers
11003,1980,2n Cycle,Partner,25130.0,1,0,2013-10-02,10,2,5,7,0,18,18,2,2,0,3,7,0,0,0,0,0,0,0,1,34,50,5,3,270,0.0,Lower-Value Customers
10402,1967,Graduation,Partner,35441.0,1,1,2013-02-14,94,25,1,9,2,1,1,2,1,0,3,8,0,0,0,0,0,0,0,2,47,39,4,4,500,0.0,Lower-Value Customers
9904,1956,Graduation,Partner,71391.0,0,1,2013-03-29,50,336,123,274,46,123,141,5,6,5,12,3,0,0,0,0,0,0,0,1,58,1043,23,3,457,1.0,Higher-Value Customers
6141,1972,Master,Alone,49494.0,1,0,2013-04-25,46,191,9,97,0,6,82,2,6,1,5,7,0,0,0,0,0,0,0,1,42,385,12,2,430,0.0,Lower-Value Customers
5687,1980,Graduation,Alone,81702.0,0,0,2012-09-23,98,563,50,774,28,31,187,1,7,7,12,3,0,0,0,0,0,0,0,0,34,1633,26,1,644,1.0,Higher-Value Customers
10856,1980,2n Cycle,Alone,45889.0,0,1,2013-07-02,42,31,0,6,0,1,8,1,1,0,3,6,0,0,0,0,0,0,0,1,34,46,4,2,362,0.0,Lower-Value Customers
5121,1977,Graduation,Alone,56628.0,0,1,2014-03-21,30,479,5,82,7,17,171,2,7,6,5,5,1,0,0,0,0,0,0,1,37,761,18,2,100,1.0,Higher-Value Customers
4186,1950,Graduation,Partner,34026.0,1,1,2013-08-05,11,18,6,15,12,8,17,3,2,1,3,5,0,0,0,0,0,0,0,2,64,76,6,4,328,0.0,Lower-Value Customers
368,1974,Graduation,Partner,40049.0,0,1,2012-11-29,61,91,65,52,10,44,28,3,3,2,6,5,0,0,0,0,0,0,0,1,40,290,11,3,577,0.0,Lower-Value Customers
3312,1988,Graduation,Alone,34176.0,1,0,2014-05-12,12,5,7,24,19,14,20,4,3,0,4,6,0,0,0,0,0,0,0,1,26,89,7,2,48,0.0,Lower-Value Customers
11121,1981,Graduation,Partner,19419.0,1,0,2012-11-10,76,2,14,28,16,3,7,4,4,0,3,9,0,0,0,0,0,0,0,1,33,70,7,3,596,0.0,Lower-Value Customers
5332,1960,2n Cycle,Partner,82504.0,0,0,2013-07-27,2,362,50,431,134,35,54,1,3,6,7,1,0,0,0,0,0,0,0,0,54,1066,16,2,337,1.0,Higher-Value Customers
5848,1970,Graduation,Partner,81205.0,0,0,2014-01-13,43,724,74,929,97,55,130,1,5,6,7,2,1,0,1,0,1,0,1,0,44,2009,18,2,167,1.0,Higher-Value Customers
10343,1991,2n Cycle,Alone,61618.0,0,0,2012-09-29,27,605,91,399,0,45,205,2,3,6,8,3,0,0,0,0,0,0,0,0,23,1345,17,1,638,1.0,Higher-Value Customers
5935,1956,Master,Alone,55284.0,0,1,2012-12-24,60,547,7,140,0,7,63,3,7,5,8,5,0,0,0,0,0,0,0,1,58,764,20,2,552,1.0,Higher-Value Customers
2895,1963,Graduation,Alone,49980.0,0,1,2013-10-23,79,104,1,54,13,9,14,2,3,1,5,5,0,0,0,0,0,0,0,1,51,195,9,2,249,0.0,Lower-Value Customers
10262,1980,Graduation,Partner,15072.0,2,0,2013-05-10,96,8,2,15,0,10,18,4,3,1,3,5,0,0,0,0,0,0,0,2,34,53,7,4,415,0.0,Lower-Value Customers
7848,1974,Graduation,Alone,49166.0,0,1,2013-06-13,17,224,2,25,7,0,110,2,5,3,3,6,0,0,0,0,0,0,0,1,40,368,11,2,381,0.0,Lower-Value Customers
9477,1954,PhD,Partner,65324.0,0,1,2014-01-11,0,384,0,102,21,32,5,3,6,2,9,4,0,0,0,0,0,0,0,1,60,544,17,3,169,1.0,Higher-Value Customers
4856,1957,2n Cycle,Partner,82347.0,0,0,2012-11-06,38,556,54,845,202,133,63,1,7,7,10,3,1,0,0,1,0,0,0,0,57,1853,24,2,600,1.0,Higher-Value Customers
7186,1966,PhD,Partner,30843.0,1,1,2014-05-26,43,24,0,2,0,0,9,2,1,1,2,5,1,0,0,0,0,0,0,2,48,35,4,4,34,0.0,Lower-Value Customers
5794,1974,PhD,Partner,46374.0,0,1,2014-03-17,1,408,0,21,0,0,17,3,7,1,7,8,0,1,0,1,0,0,1,1,40,446,15,3,104,1.0,Higher-Value Customers
1456,1979,Graduation,Alone,60474.0,0,1,2013-04-01,25,265,199,303,234,9,170,7,10,2,12,7,0,0,0,0,0,0,0,1,35,1180,24,2,454,1.0,Higher-Value Customers
4877,1973,Master,Partner,38576.0,0,1,2014-03-04,2,34,0,7,0,0,0,1,1,0,3,7,0,0,0,0,0,0,0,1,41,41,4,3,117,0.0,Lower-Value Customers
425,1985,Graduation,Partner,55357.0,2,0,2013-02-19,66,374,64,116,84,25,64,3,6,2,11,5,0,0,0,0,0,0,0,2,29,727,19,4,495,1.0,Higher-Value Customers
3007,1966,Graduation,Partner,37758.0,1,1,2012-10-04,49,27,2,10,0,0,1,2,1,0,3,8,0,0,0,0,0,0,0,2,48,40,4,4,633,0.0,Lower-Value Customers
1031,1989,2n Cycle,Partner,85710.0,0,0,2013-05-05,5,600,20,350,29,30,33,1,6,9,10,2,0,0,1,0,0,0,0,0,25,1062,25,2,420,1.0,Higher-Value Customers
4297,1969,Graduation,Partner,23228.0,1,0,2014-01-26,71,13,2,18,6,1,0,2,2,0,3,8,0,0,0,0,0,0,0,1,45,40,5,3,154,0.0,Lower-Value Customers
807,1969,Master,Partner,44602.0,1,1,2014-02-15,35,167,2,89,0,0,34,6,6,1,4,8,0,0,0,0,0,0,0,2,45,292,11,4,134,0.0,Lower-Value Customers
9553,1987,Graduation,Partner,7500.0,0,0,2013-01-09,94,0,2,3,4,1,5,1,0,0,3,6,0,0,0,0,0,0,0,0,27,15,3,2,536,0.0,Lower-Value Customers
4271,1989,2n Cycle,Partner,38683.0,1,0,2012-10-04,80,46,35,69,84,41,66,6,4,1,6,7,0,0,0,0,0,0,0,1,25,341,11,3,633,0.0,Lower-Value Customers
4120,1975,2n Cycle,Alone,49514.0,1,0,2013-12-17,61,88,39,78,58,13,93,2,6,1,4,7,0,0,0,0,0,0,0,1,39,369,11,2,194,0.0,Lower-Value Customers
2036,1973,PhD,Partner,57906.0,0,1,2013-06-11,29,243,11,119,10,3,15,3,4,2,8,4,0,0,0,0,0,0,0,1,41,401,14,3,383,1.0,Higher-Value Customers
115,1966,Master,Alone,43456.0,0,1,2013-03-26,0,275,11,68,25,7,7,3,5,1,8,5,0,0,0,0,0,0,0,1,48,393,14,2,460,0.0,Lower-Value Customers
4259,1986,Master,Alone,19485.0,2,0,2013-09-24,80,6,0,4,0,0,0,1,1,0,2,7,0,0,0,0,0,0,0,2,28,10,3,3,278,0.0,Lower-Value Customers
8687,1978,Graduation,Partner,53172.0,0,1,2013-05-06,54,121,62,90,68,20,125,3,2,3,8,3,0,0,0,0,0,0,0,1,36,486,13,3,419,0.0,Lower-Value Customers
2447,1979,Graduation,Partner,30545.0,1,0,2012-10-17,71,4,12,15,19,7,12,2,2,0,3,7,0,0,0,0,0,0,0,1,35,69,5,3,620,0.0,Lower-Value Customers
10140,1983,PhD,Partner,70123.0,0,0,2013-09-28,27,1308,0,396,23,0,0,1,5,7,4,3,0,1,0,0,1,0,0,0,31,1727,16,2,274,1.0,Higher-Value Customers
9353,1959,Graduation,Alone,62450.0,0,1,2014-01-06,61,515,47,267,62,66,38,2,5,5,4,3,0,1,0,0,0,0,0,1,55,995,14,2,174,1.0,Higher-Value Customers
3623,1976,Graduation,Partner,21675.0,1,0,2014-06-11,55,4,0,16,17,4,4,3,4,0,3,7,0,0,0,0,0,0,0,1,38,45,7,3,18,0.0,Lower-Value Customers
738,1981,2n Cycle,Alone,42395.0,1,1,2014-04-04,35,48,13,57,24,15,25,4,3,1,4,7,0,0,0,0,0,0,0,2,33,182,8,3,86,0.0,Lower-Value Customers
7631,1978,Master,Partner,61346.0,1,0,2013-10-06,34,562,58,168,43,16,142,1,5,7,10,3,0,0,0,0,0,0,0,1,36,989,22,3,266,1.0,Higher-Value Customers
4789,1953,Graduation,Partner,80812.0,0,0,2013-09-17,95,769,22,500,210,143,33,1,4,8,5,2,1,0,1,1,0,0,0,0,61,1677,17,2,285,1.0,Higher-Value Customers
773,1971,Master,Alone,42835.0,1,1,2013-06-30,64,379,4,93,12,9,98,7,6,6,4,6,0,0,0,0,0,0,0,2,43,595,16,3,364,1.0,Higher-Value Customers
10602,1983,Graduation,Partner,39922.0,1,0,2013-02-14,30,29,12,59,19,1,36,2,3,0,4,8,0,0,0,0,0,0,0,1,31,156,7,3,500,0.0,Lower-Value Customers
1446,1956,Master,Alone,86424.0,0,0,2014-04-05,12,387,68,569,89,45,68,1,6,9,12,1,0,0,0,0,0,0,0,0,58,1226,27,1,85,1.0,Higher-Value Customers
3270,1978,2n Cycle,Partner,17117.0,1,0,2013-01-17,96,12,23,38,30,18,7,4,3,1,3,9,0,0,0,0,0,0,0,1,36,128,7,3,528,0.0,Lower-Value Customers
8443,1972,Graduation,Alone,24762.0,1,0,2014-02-10,16,6,10,12,3,15,40,3,3,1,2,8,1,0,0,0,0,0,1,1,42,86,6,2,139,0.0,Lower-Value Customers
9653,1975,Graduation,Partner,35797.0,0,1,2012-10-16,16,27,1,14,4,1,21,2,2,0,3,8,0,0,0,0,0,0,0,1,39,68,5,3,621,0.0,Lower-Value Customers
8916,1975,Graduation,Alone,36627.0,2,0,2013-07-23,78,9,1,5,0,0,1,1,0,0,3,5,0,0,0,0,0,0,0,2,39,16,3,3,341,0.0,Lower-Value Customers
8017,1981,2n Cycle,Partner,51111.0,1,1,2014-06-19,83,22,0,19,6,5,3,2,2,0,3,6,0,0,0,0,0,0,0,2,33,55,5,4,10,0.0,Lower-Value Customers
5830,1972,PhD,Alone,86857.0,0,0,2012-09-12,96,899,102,838,133,102,40,1,5,6,10,2,0,0,0,0,0,0,1,0,42,2114,21,1,655,1.0,Higher-Value Customers
4597,1970,PhD,Partner,82072.0,0,0,2013-07-02,67,889,55,685,168,92,129,1,3,2,13,1,0,0,0,0,0,0,0,0,44,2018,18,2,362,1.0,Higher-Value Customers
7023,1953,PhD,Alone,46231.0,2,1,2012-11-26,87,189,2,55,0,5,12,4,6,1,4,9,0,0,0,0,0,0,0,3,61,263,11,4,580,0.0,Lower-Value Customers
8086,1959,Graduation,Partner,42243.0,1,1,2013-12-11,34,48,0,2,0,0,5,2,2,0,3,7,0,0,0,0,0,0,0,2,55,55,5,4,200,0.0,Lower-Value Customers
8825,1962,Graduation,Partner,51195.0,1,1,2013-04-01,46,230,14,156,82,24,58,8,9,2,5,8,0,0,0,0,0,0,0,2,52,564,16,4,454,1.0,Higher-Value Customers
2930,1978,Master,Alone,68092.0,0,0,2013-12-16,7,852,60,207,78,36,48,2,2,6,10,5,0,0,0,0,0,0,0,0,36,1281,18,1,195,1.0,Higher-Value Customers
1928,1973,Graduation,Partner,31814.0,1,0,2013-02-09,73,35,3,20,4,1,20,2,2,0,3,9,1,0,0,0,0,0,0,1,41,83,5,3,505,0.0,Lower-Value Customers
7108,1965,Master,Alone,51390.0,1,1,2012-09-08,54,205,20,47,23,2,56,6,5,2,5,5,0,0,0,0,0,0,0,2,49,353,12,3,659,0.0,Lower-Value Customers
10925,1983,Graduation,Partner,76630.0,0,0,2014-01-14,93,255,31,446,40,56,175,1,3,10,11,1,0,0,0,0,0,0,0,0,31,1003,24,2,166,1.0,Higher-Value Customers
9960,1991,Basic,Alone,26868.0,1,0,2014-04-30,52,0,0,1,8,3,2,1,1,0,2,7,0,0,0,0,0,0,0,1,23,14,3,2,60,0.0,Lower-Value Customers
8800,1943,PhD,Alone,48948.0,0,0,2013-02-01,53,437,8,206,160,49,42,2,7,10,5,6,1,0,0,0,0,0,1,0,71,902,22,1,513,1.0,Higher-Value Customers
9224,1972,PhD,Alone,55260.0,0,1,2012-12-12,81,825,8,53,11,0,242,2,8,10,5,6,0,0,0,0,0,0,0,1,42,1139,23,2,564,1.0,Higher-Value Customers
5519,1956,Graduation,Partner,64090.0,0,1,2013-08-07,8,316,58,161,76,51,135,1,6,9,4,5,0,0,0,0,0,0,1,1,58,797,19,3,326,1.0,Higher-Value Customers
5046,1958,Graduation,Alone,78331.0,0,1,2014-01-23,97,756,138,354,160,169,61,2,10,6,7,4,0,0,0,0,0,0,0,1,56,1638,23,2,157,1.0,Higher-Value Customers
7037,1974,PhD,Partner,37087.0,1,0,2013-08-11,50,194,55,134,15,0,3,3,4,2,8,6,0,0,0,0,0,0,0,1,40,401,14,3,322,0.0,Lower-Value Customers
905,1986,Graduation,Alone,21846.0,1,0,2013-10-22,38,7,17,18,6,10,26,4,4,0,3,8,0,0,0,0,0,0,0,1,28,84,7,2,250,0.0,Lower-Value Customers
8624,1958,Graduation,Partner,81320.0,0,0,2013-02-06,61,183,33,493,59,103,57,1,4,3,10,2,0,0,0,0,0,0,0,0,56,928,17,2,508,1.0,Higher-Value Customers
8945,1970,Graduation,Alone,54137.0,0,1,2013-08-16,46,171,0,11,0,1,20,2,4,1,4,6,0,0,0,0,0,0,0,1,44,203,9,2,317,0.0,Lower-Value Customers
6445,1967,Graduation,Partner,66825.0,0,0,2013-07-14,73,243,101,405,29,40,40,1,4,5,6,2,0,0,0,0,0,0,0,0,47,858,15,2,350,1.0,Higher-Value Customers
2727,1973,Graduation,Partner,57100.0,0,0,2013-12-04,19,181,21,69,39,3,96,1,3,3,6,3,0,0,0,0,0,0,0,0,41,409,12,2,207,0.0,Lower-Value Customers
6404,1969,Graduation,Partner,58917.0,1,2,2013-03-24,10,151,7,89,0,7,28,5,4,1,6,5,0,0,0,0,0,0,0,3,45,282,11,5,462,0.0,Lower-Value Customers
11074,1977,Graduation,Alone,85072.0,0,0,2014-04-09,94,494,92,391,194,11,241,1,3,4,10,0,0,0,0,0,0,0,0,0,37,1423,17,1,81,1.0,Higher-Value Customers
10150,1961,Graduation,Alone,86429.0,0,0,2013-11-21,10,464,28,873,29,18,37,0,7,4,7,2,0,0,0,1,0,0,1,0,53,1449,18,1,220,1.0,Higher-Value Customers
1968,1971,Graduation,Alone,45684.0,1,0,2013-12-02,37,5,1,5,10,0,7,1,1,0,2,7,0,0,0,0,0,0,0,1,43,28,3,2,209,0.0,Lower-Value Customers
6534,1974,Graduation,Partner,47889.0,1,0,2014-01-04,94,29,0,29,0,5,4,1,2,0,3,5,0,0,0,0,0,0,0,1,40,67,5,3,176,0.0,Lower-Value Customers
9485,1986,PhD,Partner,45921.0,0,0,2014-03-10,23,102,9,49,24,3,12,1,2,1,6,4,0,0,0,0,0,0,0,0,28,199,9,2,111,0.0,Lower-Value Customers
7053,1966,PhD,Alone,78420.0,0,0,2013-06-29,75,604,28,674,91,28,28,1,3,10,8,1,0,0,0,0,0,0,0,0,48,1453,21,1,365,1.0,Higher-Value Customers
4654,1992,Graduation,Partner,75114.0,0,0,2013-11-07,40,571,12,523,63,60,24,1,3,10,5,2,0,0,0,0,0,0,0,0,22,1253,18,2,234,1.0,Higher-Value Customers
9760,1963,PhD,Alone,52278.0,0,1,2013-01-25,24,953,0,71,0,0,174,6,10,5,10,8,0,0,0,0,0,0,1,1,51,1198,25,2,520,1.0,Higher-Value Customers
1048,1972,Master,Partner,35641.0,1,0,2013-07-14,11,63,3,67,8,9,28,2,3,1,4,7,0,0,0,0,0,0,1,1,42,178,8,3,350,0.0,Lower-Value Customers
10619,1994,Graduation,Alone,95529.0,0,0,2012-12-03,29,770,29,890,250,27,24,1,7,3,7,3,0,0,1,0,0,0,1,0,20,1990,17,1,573,1.0,Higher-Value Customers
9308,1954,Graduation,Partner,62820.0,0,0,2013-05-11,51,398,61,265,138,61,53,1,3,4,6,1,0,0,0,0,0,0,0,0,60,976,13,2,414,1.0,Higher-Value Customers
10505,1960,Master,Partner,73113.0,0,0,2013-12-26,86,741,19,154,50,9,28,1,3,4,7,2,0,0,0,0,0,0,0,0,54,1001,14,2,185,1.0,Higher-Value Customers
8362,1982,PhD,Partner,84169.0,0,0,2013-08-07,9,1478,19,403,0,19,0,1,7,6,6,3,0,1,1,0,0,0,1,0,32,1919,19,2,326,1.0,Higher-Value Customers
2625,1954,2n Cycle,Alone,42607.0,0,1,2013-11-17,30,156,29,56,30,32,47,2,3,2,7,3,0,0,0,0,0,0,0,1,60,350,12,2,224,0.0,Lower-Value Customers
4637,1954,PhD,Alone,74637.0,0,0,2013-05-18,73,960,64,464,146,0,16,1,6,9,9,3,0,0,0,1,0,0,0,0,60,1650,24,1,407,1.0,Higher-Value Customers
9972,1955,PhD,Partner,46015.0,1,1,2014-04-13,25,38,0,2,0,0,6,1,1,0,3,7,1,0,0,0,1,0,0,2,59,46,4,4,77,0.0,Lower-Value Customers
4483,1993,Graduation,Alone,72354.0,0,0,2013-04-17,67,315,26,473,220,12,182,1,2,10,6,1,0,0,0,0,0,0,0,0,21,1228,18,1,438,1.0,Higher-Value Customers
4487,1969,Master,Alone,39858.0,1,0,2013-01-24,67,15,20,25,2,7,26,1,2,0,4,6,0,0,0,0,0,0,1,1,45,95,6,2,521,0.0,Lower-Value Customers
4988,1948,PhD,Partner,34469.0,1,1,2014-05-04,58,19,6,20,0,5,12,3,1,1,4,4,0,0,0,0,0,0,0,2,66,62,6,4,56,0.0,Lower-Value Customers
8931,1986,Graduation,Partner,83033.0,1,0,2014-05-18,82,812,99,431,237,149,33,1,11,4,10,5,0,0,0,1,0,0,0,1,28,1761,25,3,42,1.0,Higher-Value Customers
5871,1979,Master,Partner,24401.0,0,0,2012-08-31,98,73,28,217,10,24,115,3,6,1,6,8,0,0,0,0,0,0,0,0,35,467,13,2,667,0.0,Lower-Value Customers
2008,1978,Graduation,Partner,77583.0,0,0,2014-02-10,93,372,23,384,250,12,108,1,4,5,9,2,0,0,0,1,0,0,0,0,36,1149,18,2,139,1.0,Higher-Value Customers
3139,1982,2n Cycle,Alone,74116.0,0,0,2013-12-30,53,871,111,704,145,55,166,1,4,4,10,2,0,1,0,0,0,0,0,0,32,2052,18,1,181,1.0,Higher-Value Customers
10037,1993,Graduation,Alone,74293.0,0,0,2014-05-04,66,375,152,335,93,91,81,1,5,4,6,2,0,0,0,0,0,0,0,0,21,1127,15,1,56,1.0,Higher-Value Customers
10673,1976,PhD,Partner,68397.0,0,1,2013-11-17,6,760,80,466,17,13,80,1,6,9,5,3,0,0,0,0,0,0,0,1,38,1416,20,3,224,1.0,Higher-Value Customers
5303,1974,PhD,Partner,79632.0,0,0,2014-04-08,42,471,0,510,99,21,12,1,6,4,9,2,0,0,0,0,0,0,0,0,40,1113,19,2,82,1.0,Higher-Value Customers
538,1989,Graduation,Alone,46107.0,1,0,2014-02-10,78,31,9,27,16,9,33,1,1,1,4,3,0,0,0,0,0,0,0,1,25,125,6,2,139,0.0,Lower-Value Customers
7922,1951,PhD,Alone,64950.0,0,1,2012-08-12,29,819,0,72,12,0,63,2,11,2,10,7,0,1,0,0,0,0,0,1,63,966,23,2,686,1.0,Higher-Value Customers
5692,1989,Basic,Partner,25443.0,1,0,2012-12-22,82,1,4,3,8,9,7,1,1,0,3,8,0,0,0,0,0,0,0,1,25,32,4,3,554,0.0,Lower-Value Customers
4843,1952,Graduation,Alone,75127.0,0,0,2014-05-22,92,203,35,305,46,17,227,1,2,11,5,1,0,0,0,0,0,0,0,0,62,833,18,1,38,1.0,Higher-Value Customers
6383,1971,PhD,Partner,32892.0,1,0,2014-05-25,78,26,0,15,2,1,2,2,3,0,3,8,0,0,0,0,0,0,0,1,43,46,6,3,35,0.0,Lower-Value Customers
1628,1971,Graduation,Partner,71796.0,0,0,2013-10-24,54,354,21,311,167,75,32,1,9,3,4,4,0,0,0,0,0,0,0,0,43,960,16,2,248,1.0,Higher-Value Customers
1204,1970,PhD,Partner,67536.0,0,1,2013-05-22,45,1253,0,447,23,71,35,3,11,5,11,8,0,0,0,1,0,0,0,1,44,1829,27,3,403,1.0,Higher-Value Customers
3673,1971,Graduation,Alone,55239.0,0,1,2013-07-14,59,371,17,238,23,24,106,3,7,5,11,5,0,0,0,0,0,0,0,1,43,779,23,2,350,1.0,Higher-Value Customers
760,1975,PhD,Alone,60554.0,1,0,2013-08-09,8,588,7,76,110,15,15,2,8,4,9,6,0,0,0,0,0,0,0,1,39,811,21,2,324,1.0,Higher-Value Customers
8957,1952,2n Cycle,Alone,64831.0,1,1,2013-06-10,51,480,86,249,75,86,144,8,6,3,5,6,0,0,0,0,0,0,0,2,62,1120,14,3,384,1.0,Higher-Value Customers
4128,1962,PhD,Partner,56067.0,0,1,2013-07-20,51,517,12,54,16,6,120,2,7,4,7,5,0,0,0,0,0,0,0,1,52,725,18,3,344,1.0,Higher-Value Customers
6810,1983,Graduation,Alone,82025.0,0,0,2013-05-28,76,267,98,606,48,70,98,1,3,2,6,1,0,0,1,0,0,0,1,0,31,1187,11,1,397,1.0,Higher-Value Customers
5386,1953,Graduation,Partner,94384.0,0,0,2013-03-04,62,1111,24,790,160,45,172,0,5,8,5,2,0,1,1,1,0,0,1,0,61,2302,18,2,482,1.0,Higher-Value Customers
8700,1986,Basic,Alone,14906.0,0,0,2012-12-22,86,7,7,14,7,16,15,3,2,1,3,7,0,0,0,0,0,0,0,0,28,66,6,1,554,0.0,Lower-Value Customers
3202,1987,PhD,Partner,51563.0,0,0,2012-10-01,60,1166,0,48,0,0,36,1,4,4,10,8,0,1,1,0,0,0,0,0,27,1250,18,2,636,1.0,Higher-Value Customers
1328,1982,2n Cycle,Partner,57937.0,0,1,2014-02-16,56,261,42,144,55,48,133,3,4,4,9,3,0,0,0,0,0,0,0,1,32,683,17,3,133,1.0,Higher-Value Customers
8405,1979,Graduation,Alone,68274.0,1,1,2013-09-30,83,135,25,51,23,25,46,2,4,2,5,3,0,0,0,0,0,0,0,2,35,305,11,3,272,0.0,Lower-Value Customers
6515,1977,Graduation,Partner,39771.0,1,0,2013-12-06,92,6,2,18,2,8,14,1,2,0,3,4,0,0,0,0,0,0,0,1,37,50,5,3,205,0.0,Lower-Value Customers
2882,1975,2n Cycle,Alone,67893.0,0,1,2012-10-01,31,711,28,142,49,18,47,2,3,2,9,8,0,0,0,0,0,0,0,1,39,995,14,2,636,1.0,Higher-Value Customers
7574,1979,PhD,Partner,27922.0,1,0,2014-05-10,80,11,0,13,2,4,11,1,2,0,3,4,0,0,0,0,0,0,0,1,35,41,5,3,50,0.0,Lower-Value Customers
6387,1976,PhD,Partner,52190.0,1,1,2014-05-08,39,42,0,17,0,0,18,3,2,1,3,5,1,0,0,0,0,0,0,2,38,77,6,4,52,0.0,Lower-Value Customers
5320,1973,Master,Alone,44051.0,1,1,2013-01-29,20,79,7,58,6,3,18,4,3,1,4,6,0,0,0,0,0,0,1,2,41,171,8,3,516,0.0,Lower-Value Customers
5048,1971,PhD,Alone,42767.0,2,0,2013-05-11,53,20,6,43,19,5,38,1,3,1,2,8,0,0,0,0,0,0,0,2,43,131,6,3,414,0.0,Lower-Value Customers
8146,1976,Master,Partner,46106.0,1,1,2014-05-11,84,30,0,8,2,0,14,1,1,1,2,6,0,0,0,0,0,0,0,2,38,54,4,4,49,0.0,Lower-Value Customers
10031,1976,PhD,Partner,16927.0,1,1,2013-02-10,50,20,2,23,3,1,4,5,3,0,4,8,0,0,0,0,0,0,0,2,38,53,7,4,504,0.0,Lower-Value Customers
5748,1965,Graduation,Partner,59754.0,0,1,2012-12-01,96,115,27,44,4,146,139,3,5,2,6,5,0,0,0,0,0,0,1,1,49,475,13,3,575,1.0,Higher-Value Customers
2134,1952,Graduation,Alone,53700.0,0,1,2012-08-17,94,263,5,233,69,41,83,4,5,5,8,5,0,0,0,0,0,0,0,1,62,694,18,2,681,1.0,Higher-Value Customers
1523,1973,Graduation,Partner,59041.0,1,1,2014-05-07,25,69,2,15,2,2,6,2,2,0,4,5,0,0,0,0,0,0,0,2,41,96,6,4,53,0.0,Lower-Value Customers
9665,1957,PhD,Alone,54237.0,0,1,2013-04-27,48,267,3,30,4,0,57,4,5,2,5,6,0,0,0,0,0,0,0,1,57,361,12,2,428,0.0,Lower-Value Customers
4640,1967,Graduation,Alone,70647.0,0,1,2012-09-21,65,561,85,171,25,123,114,2,4,7,13,2,0,0,0,0,0,0,0,1,47,1079,24,2,646,1.0,Higher-Value Customers
3635,1962,PhD,Alone,52597.0,0,1,2014-05-07,69,492,0,37,7,0,42,3,6,3,8,5,0,0,0,0,0,0,0,1,52,578,17,2,53,1.0,Higher-Value Customers
3547,1969,Master,Partner,41021.0,1,0,2012-12-30,12,14,7,9,6,16,12,2,2,0,3,6,0,0,0,0,0,0,1,1,45,64,5,3,546,0.0,Lower-Value Customers
2456,1975,PhD,Partner,40233.0,0,1,2013-10-14,84,80,4,46,0,17,2,5,2,1,5,6,0,0,0,0,0,0,0,1,39,149,8,3,258,0.0,Lower-Value Customers
5633,1980,Graduation,Partner,50183.0,1,1,2014-06-25,47,97,12,84,13,10,15,7,3,1,6,5,0,0,0,0,0,0,0,2,34,231,10,4,4,0.0,Lower-Value Customers
7801,1959,Graduation,Partner,54753.0,0,1,2013-09-12,87,197,107,227,7,59,131,3,5,2,11,4,0,0,0,0,0,0,0,1,55,728,18,3,290,1.0,Higher-Value Customers
10489,1973,Graduation,Partner,92955.0,0,0,2013-08-19,35,693,21,925,31,24,84,1,6,7,9,2,0,0,1,1,0,0,1,0,41,1778,22,2,314,1.0,Higher-Value Customers
7011,1973,Graduation,Partner,33471.0,1,0,2012-10-12,47,43,2,27,0,9,12,3,3,0,4,7,0,0,0,0,0,0,0,1,41,93,7,3,625,0.0,Lower-Value Customers
2620,1974,PhD,Partner,34596.0,1,0,2013-04-13,48,14,0,2,0,0,7,1,1,0,2,8,0,0,0,0,0,0,1,1,40,23,3,3,442,0.0,Lower-Value Customers
3933,1980,Graduation,Partner,44010.0,1,0,2012-10-13,46,186,36,234,86,72,48,6,10,2,6,9,0,0,0,0,0,0,0,1,34,662,18,3,624,1.0,Higher-Value Customers
10981,1988,Graduation,Partner,84219.0,0,0,2014-02-02,27,434,137,400,45,137,45,1,3,4,10,1,0,0,0,0,0,0,0,0,26,1198,17,2,147,1.0,Higher-Value Customers
1734,1968,PhD,Partner,40706.0,2,1,2013-01-17,37,59,0,11,4,2,5,4,3,0,4,7,0,0,0,0,0,0,0,3,46,81,7,5,528,0.0,Lower-Value Customers
10995,1988,2n Cycle,Partner,15716.0,1,0,2012-11-12,8,16,5,30,8,7,26,3,3,0,4,8,0,0,0,0,0,1,0,1,26,92,7,3,594,0.0,Lower-Value Customers
6357,1959,2n Cycle,Alone,59052.0,0,1,2013-11-17,29,230,35,75,63,57,31,3,7,1,7,5,0,0,0,0,0,0,0,1,55,491,15,2,224,1.0,Higher-Value Customers
9209,1971,Master,Partner,80573.0,0,0,2012-10-14,85,829,138,430,60,92,15,1,4,6,13,2,0,0,0,0,0,0,0,0,43,1564,23,2,623,1.0,Higher-Value Customers
10286,1962,Graduation,Partner,83715.0,0,0,2014-02-03,2,318,8,407,150,35,8,1,2,8,13,0,0,0,0,0,0,0,0,0,52,926,23,2,146,1.0,Higher-Value Customers
2611,1959,Master,Partner,82576.0,0,0,2012-08-01,66,1206,55,445,168,18,18,1,2,4,12,1,0,0,1,0,0,0,0,0,55,1910,18,2,697,1.0,Higher-Value Customers
1600,1965,Master,Partner,56962.0,2,1,2013-10-11,60,292,3,77,10,3,26,7,6,3,5,7,0,0,0,0,0,0,0,3,49,411,14,5,261,1.0,Higher-Value Customers
3308,1952,Graduation,Partner,35704.0,1,1,2014-01-03,54,30,9,12,2,11,30,3,2,0,4,4,0,0,0,0,0,0,0,2,62,94,6,4,177,0.0,Lower-Value Customers
5407,1954,Graduation,Partner,53103.0,0,1,2013-09-12,70,729,17,133,11,0,195,5,10,6,7,7,1,0,0,0,0,0,0,1,60,1085,23,3,290,1.0,Higher-Value Customers
2166,1960,2n Cycle,Alone,46779.0,1,1,2013-07-12,55,12,1,3,0,0,7,1,0,1,2,4,0,0,0,0,0,0,0,2,54,23,3,3,352,0.0,Lower-Value Customers
3955,1965,Graduation,Alone,4861.0,0,0,2014-06-22,20,2,1,1,1,0,1,0,0,0,0,14,0,0,0,0,0,0,0,0,49,6,0,1,7,0.0,Lower-Value Customers
6634,1979,Master,Alone,33462.0,1,0,2013-08-07,78,22,3,18,0,0,11,1,2,0,3,7,0,0,0,0,0,0,0,1,35,54,5,2,326,0.0,Lower-Value Customers
3056,1978,Graduation,Alone,63693.0,0,1,2013-10-14,63,587,43,337,42,87,54,3,11,6,9,6,0,0,0,0,0,0,0,1,36,1150,26,2,258,1.0,Higher-Value Customers
5718,1950,Graduation,Partner,80763.0,0,0,2013-08-15,17,674,168,108,192,42,231,1,5,11,6,3,0,0,1,1,0,0,1,0,64,1415,22,2,318,1.0,Higher-Value Customers
6872,1974,PhD,Partner,65352.0,0,1,2013-08-21,43,284,3,84,4,7,23,2,4,2,8,4,0,0,0,0,0,0,0,1,40,405,14,3,312,1.0,Higher-Value Customers
8164,1978,PhD,Partner,82170.0,0,0,2013-11-25,13,1023,93,651,49,55,37,1,5,6,7,2,0,0,0,0,0,0,0,0,36,1908,18,2,216,1.0,Higher-Value Customers
4580,1969,Graduation,Partner,75759.0,0,0,2013-10-25,46,1394,22,708,89,91,182,1,9,7,9,5,1,0,1,1,0,0,1,0,45,2486,25,2,247,1.0,Higher-Value Customers
9305,1976,2n Cycle,Alone,79689.0,0,0,2013-05-12,65,311,26,640,180,37,121,1,4,9,13,2,0,0,0,0,0,0,0,0,38,1315,26,1,413,1.0,Higher-Value Customers
453,1956,PhD,Alone,35340.0,1,1,2014-06-29,1,27,0,12,0,1,5,2,2,0,3,5,0,0,0,0,0,0,0,2,58,45,5,3,0,0.0,Lower-Value Customers
8545,1954,Graduation,Alone,85683.0,0,0,2014-03-21,6,1296,17,311,45,69,51,1,2,4,10,1,0,1,1,1,1,0,1,0,60,1789,16,1,100,1.0,Higher-Value Customers
9850,1972,2n Cycle,Partner,24884.0,1,0,2012-11-29,32,3,6,7,0,0,3,1,0,0,3,7,0,0,0,0,0,0,0,1,42,19,3,3,577,0.0,Lower-Value Customers
7378,1981,Master,Partner,42021.0,1,0,2012-08-31,34,393,5,136,7,5,27,5,10,1,6,9,1,0,0,0,0,0,0,1,33,573,17,3,667,1.0,Higher-Value Customers
7646,1989,Graduation,Alone,64449.0,1,0,2014-02-18,70,218,63,282,137,35,70,4,5,3,12,4,0,0,0,0,0,0,0,1,25,805,20,2,131,1.0,Higher-Value Customers
1640,1954,Graduation,Alone,64587.0,1,1,2014-06-22,49,66,0,16,0,6,20,2,1,1,4,3,0,0,0,0,0,0,0,2,60,108,6,3,7,0.0,Lower-Value Customers
5184,1995,Graduation,Alone,34824.0,0,0,2014-03-26,65,4,2,11,2,0,4,1,1,0,2,6,0,0,0,0,0,0,0,0,19,23,3,1,95,0.0,Lower-Value Customers
8492,1978,Graduation,Partner,75437.0,0,0,2013-11-09,25,795,0,545,95,58,0,1,8,4,10,6,0,0,0,1,0,0,0,0,36,1493,22,2,232,1.0,Higher-Value Customers
11188,1957,Graduation,Partner,26091.0,1,1,2014-02-25,84,15,10,19,8,17,20,3,2,1,3,5,0,0,0,0,0,0,0,2,57,89,6,4,124,0.0,Lower-Value Customers
1212,1973,Graduation,Partner,52845.0,1,0,2013-08-13,7,384,25,292,130,41,64,3,8,8,6,6,1,0,0,0,0,0,0,1,41,936,22,3,320,1.0,Higher-Value Customers
9097,1956,Graduation,Alone,46086.0,0,1,2013-11-03,34,244,8,32,7,2,50,4,3,1,8,4,0,0,0,0,0,0,0,1,58,343,12,2,238,0.0,Lower-Value Customers
10473,1956,PhD,Alone,78028.0,0,1,2012-09-10,38,158,19,288,25,0,38,1,6,4,9,7,0,1,1,0,0,0,1,1,58,528,19,2,657,1.0,Higher-Value Customers
7962,1987,PhD,Alone,95169.0,0,0,2013-10-09,1,1285,21,449,106,20,20,1,4,3,4,1,0,0,1,1,0,0,1,0,27,1901,11,1,263,1.0,Higher-Value Customers
9984,1981,2n Cycle,Partner,56337.0,1,1,2013-03-27,25,349,16,144,28,5,182,5,8,5,4,8,1,0,0,1,0,0,1,2,33,724,17,4,459,1.0,Higher-Value Customers
5527,1987,Graduation,Partner,22434.0,1,0,2013-02-13,25,4,12,11,3,13,15,2,2,0,3,8,0,0,0,0,0,0,0,1,27,58,5,3,501,0.0,Lower-Value Customers
6374,1954,PhD,Partner,36930.0,0,1,2013-05-17,50,223,2,31,0,2,39,5,5,2,4,8,0,0,0,0,0,0,0,1,60,297,11,3,408,0.0,Lower-Value Customers
7453,1954,Graduation,Alone,36130.0,0,1,2013-02-02,46,157,43,127,68,56,37,6,3,8,4,4,1,0,0,0,0,0,1,1,60,488,15,2,512,1.0,Higher-Value Customers
8952,1953,Master,Partner,65569.0,0,1,2012-11-05,96,397,46,288,20,38,70,2,6,5,10,3,0,0,0,0,0,0,0,1,61,859,21,3,601,1.0,Higher-Value Customers
241,1952,Graduation,Partner,83844.0,0,0,2013-05-12,57,901,31,345,75,31,191,1,4,4,11,1,0,0,1,0,0,0,0,0,62,1574,19,2,413,1.0,Higher-Value Customers
8975,1968,Graduation,Partner,19514.0,1,1,2014-01-26,47,14,3,21,2,1,28,4,3,1,2,8,1,0,0,0,0,0,0,2,46,69,6,4,154,0.0,Lower-Value Customers
6119,1963,PhD,Alone,36736.0,1,1,2013-05-10,52,10,0,3,0,0,4,1,1,0,2,6,0,0,0,0,0,0,0,2,51,17,3,3,415,0.0,Lower-Value Customers
5236,1979,Graduation,Partner,77568.0,0,1,2012-08-25,30,1230,0,396,232,178,158,1,10,2,8,5,0,1,1,1,0,0,0,1,35,2194,20,3,673,1.0,Higher-Value Customers
5723,1976,PhD,Partner,49187.0,0,1,2014-01-11,63,81,1,31,2,1,0,1,1,1,5,2,0,0,0,0,0,0,0,1,38,116,7,3,169,0.0,Lower-Value Customers
1710,1978,Graduation,Alone,30168.0,1,0,2013-03-07,51,154,20,66,0,12,27,7,6,1,4,9,0,0,0,0,0,0,0,1,36,279,11,2,479,0.0,Lower-Value Customers
1970,1968,Master,Partner,34053.0,0,1,2012-09-10,14,63,0,21,7,0,12,1,3,0,3,8,0,0,0,0,0,0,0,1,46,103,6,3,657,0.0,Lower-Value Customers
5313,1971,Master,Partner,38196.0,1,1,2014-04-18,20,30,0,11,0,0,3,3,2,0,4,5,0,0,0,0,0,0,0,2,43,44,6,4,72,0.0,Lower-Value Customers
10634,1951,Master,Partner,59412.0,0,0,2014-04-19,56,90,67,165,30,43,11,1,4,2,8,3,0,0,0,0,0,0,0,0,63,406,14,2,71,1.0,Higher-Value Customers
7010,1965,2n Cycle,Partner,70924.0,0,0,2014-04-07,41,635,114,254,132,152,76,1,6,6,7,3,0,0,1,0,0,0,0,0,49,1363,19,2,83,1.0,Higher-Value Customers
8562,1969,Graduation,Partner,54165.0,0,0,2013-05-28,72,127,4,73,15,6,11,1,2,1,7,2,0,0,0,0,0,0,0,0,45,236,10,2,397,0.0,Lower-Value Customers
3158,1973,Graduation,Partner,32300.0,1,0,2013-01-03,1,13,3,6,6,5,6,1,1,0,3,8,0,0,0,0,0,0,0,1,41,39,4,3,542,0.0,Lower-Value Customers
4436,1976,Graduation,Alone,20180.0,0,0,2013-02-20,27,18,42,24,15,20,18,1,2,1,4,7,0,0,0,0,0,0,0,0,38,137,7,1,494,0.0,Lower-Value Customers
5287,1973,Graduation,Partner,34961.0,1,0,2014-06-19,77,45,2,26,4,1,1,3,3,1,3,7,0,0,0,0,0,0,0,1,41,79,7,3,10,0.0,Lower-Value Customers
2445,1974,PhD,Partner,28440.0,1,0,2013-07-07,87,38,1,24,0,0,0,1,2,0,3,8,0,0,0,0,0,0,0,1,40,63,5,3,357,0.0,Lower-Value Customers
6059,1953,PhD,Partner,64504.0,1,2,2013-03-04,81,986,36,168,16,0,108,7,11,3,4,7,0,0,0,0,0,0,1,3,61,1314,18,5,482,1.0,Higher-Value Customers
4550,1966,Master,Partner,33564.0,0,1,2014-06-24,51,61,0,3,0,0,7,1,1,1,3,5,0,0,0,0,0,0,0,1,48,71,5,3,5,0.0,Lower-Value Customers
4240,1978,Graduation,Partner,17345.0,1,0,2012-11-03,79,4,9,16,17,0,12,2,2,1,2,8,0,0,0,0,0,0,0,1,36,58,5,3,603,0.0,Lower-Value Customers
8911,1967,PhD,Partner,56320.0,0,1,2013-04-08,11,201,53,172,116,77,83,3,5,4,9,4,0,0,0,0,0,0,0,1,47,702,18,3,447,1.0,Higher-Value Customers
3706,1978,Graduation,Alone,28647.0,1,0,2013-08-21,54,19,8,29,0,12,26,1,2,2,2,7,1,0,0,0,0,0,1,1,36,94,6,2,312,0.0,Lower-Value Customers
3628,1987,Basic,Alone,15038.0,1,0,2013-01-29,93,4,8,11,19,12,26,2,2,1,2,9,0,0,0,0,0,0,0,1,27,80,5,2,516,0.0,Lower-Value Customers
10175,1958,PhD,Alone,32173.0,0,1,2013-08-01,0,18,0,2,0,0,2,1,1,0,3,4,0,0,0,0,0,0,0,1,56,22,4,2,332,0.0,Lower-Value Customers
8985,1964,2n Cycle,Partner,68316.0,0,1,2012-11-04,54,806,80,161,120,11,33,5,10,7,10,6,0,0,0,0,0,0,0,1,50,1211,27,3,602,1.0,Higher-Value Customers
5204,1971,Graduation,Partner,74538.0,0,0,2013-06-29,21,380,98,733,110,112,28,1,8,8,5,3,0,0,1,0,0,0,1,0,43,1461,21,2,365,1.0,Higher-Value Customers
9220,1971,Graduation,Alone,91700.0,0,0,2013-01-17,58,576,172,961,125,115,19,1,8,6,5,3,0,0,0,0,0,0,1,0,43,1968,19,1,528,1.0,Higher-Value Customers
9888,1969,Graduation,Partner,68695.0,0,0,2014-06-25,3,458,81,356,106,50,40,1,4,4,7,2,0,0,0,0,0,0,0,0,45,1091,15,2,4,1.0,Higher-Value Customers
5263,1977,2n Cycle,Partner,31056.0,1,0,2013-01-22,99,5,10,13,3,8,16,1,1,0,3,8,0,0,0,0,0,0,0,1,37,55,4,3,523,0.0,Lower-Value Customers
1020,1973,Graduation,Partner,79593.0,0,0,2014-05-12,70,350,60,568,110,133,145,1,5,6,7,2,0,0,1,0,0,0,0,0,41,1366,18,2,48,1.0,Higher-Value Customers
9503,1980,Graduation,Alone,28071.0,0,0,2012-08-29,65,39,33,130,41,26,44,2,5,1,5,8,0,0,0,0,0,0,0,0,34,313,11,1,669,0.0,Lower-Value Customers
10613,1958,PhD,Partner,37334.0,1,1,2014-02-26,44,26,1,16,2,2,15,4,3,0,4,4,0,0,0,0,0,0,0,2,56,62,7,4,123,0.0,Lower-Value Customers
67,1972,Master,Alone,46423.0,1,1,2013-09-18,6,68,0,16,0,0,8,3,2,0,4,7,0,0,0,0,0,0,0,2,42,92,6,3,284,0.0,Lower-Value Customers
6019,1971,PhD,Partner,37126.0,1,0,2014-03-30,9,45,3,9,4,4,7,1,1,2,2,6,1,0,0,0,0,0,1,1,43,72,5,3,91,0.0,Lower-Value Customers
5863,1953,Graduation,Partner,47703.0,0,1,2013-05-29,95,359,0,134,13,26,123,4,6,3,8,5,0,0,0,0,0,0,0,1,61,655,17,3,396,1.0,Higher-Value Customers
3717,1959,Graduation,Partner,61180.0,0,1,2014-04-23,70,403,24,29,6,24,218,2,5,5,6,3,1,0,0,0,0,0,0,1,55,704,16,3,67,1.0,Higher-Value Customers
6730,1954,Graduation,Partner,38998.0,1,1,2012-11-03,92,34,1,14,0,0,5,3,2,0,3,8,0,0,0,0,0,1,0,2,60,54,5,4,603,0.0,Lower-Value Customers
10749,1991,Graduation,Alone,8028.0,0,0,2012-09-18,62,73,18,66,7,12,2,15,0,1,0,19,0,0,0,0,0,0,0,0,23,178,1,1,649,0.0,Lower-Value Customers
4998,1962,Graduation,Partner,76081.0,0,0,2014-05-23,85,292,30,415,63,33,200,1,4,5,4,2,0,0,0,1,0,0,0,0,52,1033,13,2,37,1.0,Higher-Value Customers
6287,1986,Graduation,Partner,34728.0,1,0,2013-07-30,2,14,0,16,0,0,6,1,1,1,2,6,0,0,0,0,0,0,1,1,28,36,4,3,334,0.0,Lower-Value Customers
5985,1965,Master,Alone,33168.0,0,1,2012-10-13,0,80,1,37,0,1,3,3,2,1,4,7,0,0,0,0,0,0,0,1,49,122,7,2,624,0.0,Lower-Value Customers
4754,1966,Master,Partner,33585.0,0,1,2013-09-25,91,30,11,33,13,6,29,1,2,0,4,4,0,0,0,0,0,0,0,1,48,122,6,3,277,0.0,Lower-Value Customers
4002,1960,PhD,Partner,77037.0,0,1,2013-10-13,3,463,96,333,168,53,10,1,7,7,12,3,0,0,0,0,0,0,0,1,54,1123,26,3,259,1.0,Higher-Value Customers
8870,1984,Graduation,Partner,35196.0,1,0,2012-11-13,68,75,12,141,43,39,187,6,6,1,5,8,0,0,0,0,0,0,1,1,30,497,12,3,593,0.0,Lower-Value Customers
966,1966,Graduation,Partner,44529.0,0,1,2013-07-05,98,538,13,91,17,6,26,6,6,2,11,5,0,1,0,0,0,0,0,1,48,691,19,3,359,1.0,Higher-Value Customers
4767,1965,2n Cycle,Partner,70924.0,0,0,2014-04-07,41,635,114,254,132,152,76,1,6,6,7,3,0,0,1,0,0,0,0,0,49,1363,19,2,83,1.0,Higher-Value Customers
9725,1966,PhD,Partner,28764.0,1,1,2014-06-05,16,8,0,3,0,0,1,1,1,0,2,8,1,0,0,0,0,0,0,2,48,12,3,4,24,0.0,Lower-Value Customers
4475,1949,PhD,Partner,69098.0,0,0,2013-02-16,82,1315,22,780,145,0,178,1,7,8,9,5,0,0,0,0,0,0,0,0,65,2440,24,2,498,1.0,Higher-Value Customers
5740,1970,2n Cycle,Alone,25959.0,1,1,2013-02-14,1,4,2,12,7,5,26,2,1,2,2,6,0,0,0,0,0,0,1,2,44,56,5,3,500,0.0,Lower-Value Customers
5731,1983,Master,Partner,27100.0,1,0,2013-04-05,64,12,0,13,2,0,10,1,1,0,3,7,0,0,0,0,0,0,0,1,31,37,4,3,450,0.0,Lower-Value Customers
7290,1985,Graduation,Alone,70596.0,0,0,2012-10-05,68,347,44,534,17,0,26,1,3,5,12,2,0,0,0,0,0,0,0,0,29,968,20,1,632,1.0,Higher-Value Customers
3846,1974,Graduation,Partner,42557.0,0,1,2012-08-29,98,192,5,53,0,5,15,4,6,1,4,8,0,0,0,0,0,0,0,1,40,270,11,3,669,0.0,Lower-Value Customers
8104,1951,PhD,Partner,53312.0,0,0,2013-08-09,32,241,0,12,0,0,25,1,5,1,5,7,0,0,0,0,0,0,0,0,63,278,11,2,324,0.0,Lower-Value Customers
4507,1952,Graduation,Alone,72228.0,0,0,2012-11-27,87,631,28,491,30,14,56,1,6,7,8,3,0,0,0,0,0,0,0,0,62,1250,21,1,579,1.0,Higher-Value Customers
11013,1987,Graduation,Partner,67605.0,0,0,2013-03-31,84,336,28,282,184,54,54,1,2,8,6,1,0,0,0,0,0,0,0,0,27,938,16,2,455,1.0,Higher-Value Customers
4491,1949,Master,Partner,62845.0,1,1,2012-10-01,3,1099,0,45,0,0,34,11,3,4,10,8,0,1,0,0,0,0,0,2,65,1178,17,4,636,1.0,Higher-Value Customers
3759,1958,Graduation,Partner,65196.0,0,2,2013-07-25,34,743,19,181,12,0,200,2,7,6,11,5,1,0,0,0,0,0,0,2,56,1155,24,4,339,1.0,Higher-Value Customers
1162,1987,PhD,Alone,42000.0,0,0,2013-01-10,23,124,83,267,85,59,35,2,5,2,11,5,0,0,0,0,0,0,1,0,27,653,18,1,535,1.0,Higher-Value Customers
2055,1973,PhD,Alone,35860.0,1,1,2014-05-19,37,15,0,8,4,2,20,2,1,1,2,5,1,0,0,0,0,0,0,2,41,49,4,3,41,0.0,Lower-Value Customers
10766,1964,PhD,Partner,65526.0,0,1,2014-04-11,22,397,19,69,12,0,9,1,4,4,8,2,0,0,0,0,0,0,0,1,50,506,16,3,79,1.0,Higher-Value Customers
4415,1961,Graduation,Partner,16860.0,1,1,2012-09-12,19,10,4,4,3,3,14,3,1,1,3,7,0,0,0,0,0,0,0,2,53,38,5,4,655,0.0,Lower-Value Customers
3005,1992,Graduation,Alone,83528.0,0,0,2014-05-01,7,530,117,678,134,44,147,1,4,10,8,1,1,0,0,1,0,0,1,0,22,1650,22,1,59,1.0,Higher-Value Customers
2223,1965,2n Cycle,Alone,64176.0,0,1,2012-08-03,52,1215,33,249,64,116,149,8,8,9,8,6,0,0,0,0,0,0,0,1,49,1826,25,2,695,1.0,Higher-Value Customers
4817,1956,Graduation,Alone,22304.0,0,0,2012-08-04,91,3,2,7,0,4,2,1,1,0,2,8,0,0,0,0,0,0,0,0,58,18,3,1,694,0.0,Lower-Value Customers
2875,1978,Graduation,Partner,67023.0,0,0,2014-03-04,93,444,44,382,11,8,17,1,3,7,13,2,0,0,0,0,0,1,0,0,36,906,23,2,117,1.0,Higher-Value Customers
10536,1971,PhD,Partner,32892.0,1,0,2014-05-25,78,26,0,15,2,1,2,2,3,0,3,8,0,0,0,0,0,0,0,1,43,46,6,3,35,0.0,Lower-Value Customers
11112,1966,Graduation,Partner,70713.0,0,1,2012-12-03,23,736,114,279,82,76,190,6,5,6,8,3,0,0,0,0,0,0,0,1,48,1477,19,3,573,1.0,Higher-Value Customers
3807,1955,Graduation,Partner,59925.0,0,1,2012-11-30,83,473,21,176,19,21,56,3,9,2,9,6,0,0,0,0,0,0,0,1,59,766,20,3,576,1.0,Higher-Value Customers
9197,1953,Graduation,Partner,39722.0,0,1,2014-02-24,92,32,0,5,2,0,8,2,2,0,3,5,0,0,0,0,0,0,0,1,61,47,5,3,125,0.0,Lower-Value Customers
10832,1958,Graduation,Partner,46610.0,0,0,2013-07-18,4,288,10,30,4,10,125,1,6,1,6,6,0,0,0,0,0,0,0,0,56,467,13,2,346,0.0,Lower-Value Customers
6421,1961,Graduation,Partner,88347.0,0,0,2013-07-03,32,1050,178,555,77,138,118,1,4,7,9,1,0,0,0,1,0,0,0,0,53,2116,20,2,361,1.0,Higher-Value Customers
4207,1981,PhD,Partner,87171.0,0,0,2013-05-01,27,1001,44,107,58,44,44,1,6,7,11,2,1,0,1,0,0,0,0,0,33,1298,24,2,424,1.0,Higher-Value Customers
577,1976,2n Cycle,Partner,26907.0,1,1,2013-08-20,10,9,1,7,0,3,2,2,1,0,3,7,0,0,0,0,0,0,0,2,38,22,4,4,313,0.0,Lower-Value Customers
10855,1968,Master,Alone,50014.0,1,0,2014-01-22,9,234,14,77,19,10,42,2,4,1,8,5,0,0,0,0,0,0,0,1,46,396,13,2,158,0.0,Lower-Value Customers
3081,1978,PhD,Partner,41014.0,1,0,2013-04-22,65,7,2,6,2,0,3,1,1,0,2,7,0,0,0,0,0,0,0,1,36,20,3,3,433,0.0,Lower-Value Customers
3535,1965,Graduation,Alone,66294.0,0,0,2014-03-17,68,251,108,334,65,92,117,1,4,3,5,2,0,0,0,0,0,0,0,0,49,967,12,1,104,1.0,Higher-Value Customers
247,1971,Graduation,Partner,36715.0,1,0,2012-11-17,16,172,10,125,21,13,16,6,7,2,4,9,0,0,0,0,0,0,1,1,43,357,13,3,589,0.0,Lower-Value Customers
8707,1956,Graduation,Partner,79456.0,0,0,2012-08-22,12,565,42,548,64,83,99,1,5,6,4,3,0,0,0,0,0,0,1,0,58,1401,15,2,676,1.0,Higher-Value Customers
9523,1982,Graduation,Partner,40479.0,1,0,2013-08-17,95,5,0,8,2,0,0,1,0,0,3,4,0,0,0,0,0,0,0,1,32,15,3,3,316,0.0,Lower-Value Customers
6072,1970,Master,Alone,75345.0,0,0,2013-02-02,16,918,57,842,99,38,133,1,5,8,6,3,0,0,0,1,0,0,1,0,44,2087,19,1,512,1.0,Higher-Value Customers
6295,1977,Graduation,Partner,54233.0,0,1,2013-02-04,46,652,8,158,21,0,142,4,11,6,5,8,0,0,0,0,0,0,0,1,37,981,22,3,510,1.0,Higher-Value Customers
10914,1970,Graduation,Alone,24163.0,1,1,2013-10-12,3,4,1,7,2,1,2,2,1,0,3,4,0,0,0,0,0,0,0,2,44,17,4,3,260,0.0,Lower-Value Customers
1509,1958,PhD,Partner,84460.0,0,0,2013-01-04,80,152,27,103,106,54,81,0,9,9,4,5,0,1,1,1,1,0,1,0,56,523,22,2,541,1.0,Higher-Value Customers
5577,1983,Graduation,Partner,43776.0,1,0,2014-05-03,77,8,0,9,2,1,3,1,1,0,2,6,0,0,0,0,0,0,0,1,31,23,3,3,57,0.0,Lower-Value Customers
7348,1958,PhD,Alone,71691.0,0,0,2014-03-17,0,336,130,411,240,32,43,1,4,7,5,2,0,0,0,0,0,0,1,0,56,1192,16,1,104,1.0,Higher-Value Customers
1127,1973,PhD,Partner,85844.0,0,0,2014-05-29,62,938,19,843,25,95,38,1,6,6,7,2,0,0,1,0,0,0,0,0,41,1958,19,2,31,1.0,Higher-Value Customers
1833,1974,PhD,Alone,39190.0,1,0,2014-04-26,91,68,8,18,19,8,12,2,2,1,4,5,0,0,0,0,0,0,0,1,40,133,7,2,64,0.0,Lower-Value Customers
4944,1959,Graduation,Partner,71367.0,0,0,2013-08-23,24,227,23,389,42,21,75,1,4,5,7,2,0,0,0,0,0,0,0,0,55,777,16,2,310,1.0,Higher-Value Customers
9080,1972,PhD,Alone,38578.0,1,1,2013-06-22,2,38,4,22,3,3,3,3,3,0,3,8,0,0,0,0,0,0,0,2,42,73,6,3,372,0.0,Lower-Value Customers
6466,1965,PhD,Partner,57236.0,1,1,2014-03-12,22,105,0,9,2,1,4,3,2,1,4,3,0,0,0,0,0,0,0,2,49,121,7,4,109,0.0,Lower-Value Customers
9964,1979,Graduation,Alone,61825.0,0,1,2013-08-07,56,162,50,100,55,30,27,1,4,2,8,4,0,0,0,0,0,0,0,1,35,424,14,2,326,1.0,Higher-Value Customers
4790,1958,Graduation,Alone,79803.0,0,1,2014-06-02,54,574,8,216,21,16,33,1,4,3,5,1,0,0,0,0,0,0,0,1,56,868,12,2,27,1.0,Higher-Value Customers
10245,1986,2n Cycle,Alone,80910.0,0,0,2012-10-31,71,160,80,369,67,39,41,1,3,3,8,1,0,0,0,0,0,0,0,0,28,756,14,1,606,1.0,Higher-Value Customers
1109,1982,Master,Partner,27590.0,1,0,2013-04-23,38,6,0,5,0,0,1,1,1,0,2,7,0,0,0,0,0,0,0,1,32,12,3,3,432,0.0,Lower-Value Customers
6001,1979,Graduation,Partner,56775.0,0,1,2013-01-02,62,614,35,160,58,35,35,2,5,8,10,5,0,0,0,0,0,0,0,1,35,937,23,3,543,1.0,Higher-Value Customers
5538,1975,Graduation,Alone,83829.0,0,0,2013-10-08,78,897,161,430,186,161,27,0,4,7,6,1,1,0,1,1,0,0,1,0,39,1862,17,1,264,1.0,Higher-Value Customers
10552,1979,2n Cycle,Partner,54210.0,0,1,2013-05-20,18,70,54,109,80,9,45,2,4,1,7,5,0,0,0,0,0,0,0,1,35,367,12,3,405,0.0,Lower-Value Customers
1545,1986,Graduation,Partner,38508.0,1,0,2013-08-02,95,120,19,206,25,19,54,6,7,2,5,8,0,0,0,0,0,0,0,1,28,443,14,3,331,0.0,Lower-Value Customers
7409,1970,Graduation,Partner,53187.0,1,0,2013-10-26,66,211,2,30,7,7,10,2,4,1,6,5,0,0,0,0,0,0,0,1,44,267,11,3,246,0.0,Lower-Value Customers
4444,1972,Graduation,Partner,30023.0,1,0,2014-03-24,28,11,0,16,7,6,21,1,2,0,3,8,0,0,0,0,0,0,0,1,42,61,5,3,97,0.0,Lower-Value Customers
146,1960,PhD,Alone,76045.0,0,0,2013-11-15,78,760,53,400,17,93,0,1,4,5,11,2,0,0,0,1,0,0,0,0,54,1323,20,1,226,1.0,Higher-Value Customers
6271,1952,PhD,Partner,50870.0,0,1,2014-06-19,13,53,0,8,0,0,2,1,2,0,3,5,0,0,0,0,0,0,0,1,62,63,5,3,10,0.0,Lower-Value Customers
10065,1970,2n Cycle,Partner,15315.0,0,0,2013-08-03,27,7,4,13,15,8,17,2,2,0,4,5,0,0,0,0,0,0,0,0,44,64,6,2,330,0.0,Lower-Value Customers
4741,1974,2n Cycle,Partner,65463.0,1,0,2014-01-30,17,391,32,70,21,32,16,2,6,2,9,5,0,1,0,0,0,0,0,1,40,562,17,3,150,1.0,Higher-Value Customers
246,1965,Graduation,Partner,66480.0,1,1,2014-05-31,71,199,9,57,20,21,6,7,4,1,7,4,0,0,0,0,0,0,0,2,49,312,12,4,29,0.0,Lower-Value Customers
375,1954,Graduation,Alone,76773.0,0,0,2013-02-25,79,516,56,449,86,33,16,1,2,2,11,1,0,0,0,0,0,0,0,0,60,1156,15,1,489,1.0,Higher-Value Customers
1524,1983,2n Cycle,Alone,81698.0,0,0,2013-03-01,1,709,45,115,30,160,45,1,8,2,5,5,0,0,0,1,0,0,1,0,31,1104,15,1,485,1.0,Higher-Value Customers
10022,1973,PhD,Alone,54466.0,1,1,2014-02-09,78,12,0,4,0,0,0,1,1,0,2,5,0,0,0,0,0,0,0,2,41,16,3,3,140,0.0,Lower-Value Customers
7451,1960,Master,Alone,98777.0,0,0,2014-02-17,23,1000,19,711,125,115,38,0,4,6,9,1,0,1,0,0,0,0,0,0,54,2008,19,1,132,1.0,Higher-Value Customers
11010,1984,PhD,Alone,16269.0,1,0,2013-08-30,75,19,3,18,3,1,0,3,3,0,3,8,0,0,0,0,0,0,0,1,30,44,6,2,303,0.0,Lower-Value Customers
4356,1971,Graduation,Partner,71819.0,0,1,2013-08-28,70,1224,28,140,0,14,168,3,3,3,5,6,0,1,1,0,0,0,0,1,43,1574,11,3,305,1.0,Higher-Value Customers
3885,1983,PhD,Partner,33569.0,1,0,2013-10-16,10,16,2,18,3,0,24,1,1,1,2,8,1,0,0,0,0,0,1,1,31,63,4,3,256,0.0,Lower-Value Customers
1175,1983,Master,Partner,36262.0,0,0,2013-09-20,24,88,39,54,64,28,153,1,3,5,3,6,1,0,0,0,0,0,1,0,31,426,11,2,282,0.0,Lower-Value Customers
880,1966,Basic,Partner,22634.0,0,0,2013-01-16,47,2,23,11,8,6,46,1,2,1,2,8,0,0,0,0,0,0,0,0,48,96,5,2,529,0.0,Lower-Value Customers
2320,1978,2n Cycle,Partner,47025.0,0,1,2013-09-12,98,508,11,59,23,5,29,5,11,1,6,9,0,0,0,0,0,0,0,1,36,635,18,3,290,1.0,Higher-Value Customers
850,1968,Graduation,Alone,70566.0,0,1,2013-10-06,4,381,28,215,84,28,21,2,6,5,9,3,0,0,0,0,0,0,0,1,46,757,20,2,266,1.0,Higher-Value Customers
4713,1979,PhD,Partner,31605.0,1,0,2012-11-22,15,74,0,42,2,1,6,2,2,1,4,7,0,0,0,0,0,0,0,1,35,125,7,3,584,0.0,Lower-Value Customers
675,1973,Master,Alone,52034.0,1,1,2013-05-17,67,146,0,93,7,13,73,5,4,2,5,7,0,0,0,0,0,0,0,2,41,332,11,3,408,0.0,Lower-Value Customers
5025,1979,Graduation,Alone,48526.0,1,0,2013-12-24,32,23,17,23,43,20,9,1,2,1,4,3,0,0,0,0,0,0,0,1,35,135,7,2,187,0.0,Lower-Value Customers
2308,1954,Graduation,Partner,46734.0,0,1,2012-11-18,40,110,5,137,26,23,29,2,6,1,5,7,0,0,0,0,0,0,0,1,60,330,12,3,588,0.0,Lower-Value Customers
5995,1962,Graduation,Alone,39552.0,1,1,2012-12-18,54,165,3,147,4,24,41,7,6,2,5,8,0,0,0,0,0,0,1,2,52,384,13,3,558,0.0,Lower-Value Customers
6749,1966,Graduation,Alone,86358.0,1,1,2012-08-08,78,957,47,494,82,47,95,4,5,3,6,8,0,0,0,0,0,0,0,2,48,1722,14,3,690,1.0,Higher-Value Customers
1010,1977,Graduation,Partner,46931.0,2,1,2014-04-24,94,41,0,17,3,1,16,2,1,1,3,3,0,0,0,0,0,0,0,3,37,78,5,5,66,0.0,Lower-Value Customers
8977,1985,Basic,Alone,16581.0,0,0,2013-01-12,51,1,3,4,2,3,11,1,0,0,3,4,0,0,0,0,0,0,0,0,29,24,3,1,533,0.0,Lower-Value Customers
4756,1952,2n Cycle,Alone,63998.0,0,0,2013-12-20,42,176,29,818,0,33,112,1,7,6,11,4,0,0,0,0,0,0,1,0,62,1168,24,1,191,1.0,Higher-Value Customers
3412,1951,Master,Partner,67381.0,0,1,2013-01-15,67,815,8,53,11,0,70,4,2,2,9,7,0,1,0,0,0,0,0,1,63,957,13,3,530,1.0,Higher-Value Customers
606,1967,Graduation,Alone,25930.0,1,1,2013-10-10,87,6,1,2,2,0,4,1,1,0,2,7,0,0,0,0,0,0,0,2,47,15,3,3,262,0.0,Lower-Value Customers
5961,1978,Graduation,Partner,42693.0,1,0,2014-06-07,29,8,4,20,6,3,16,1,1,0,3,5,0,0,0,0,0,0,0,1,36,57,4,3,22,0.0,Lower-Value Customers
2975,1976,Graduation,Partner,85606.0,0,1,2012-11-12,89,717,42,864,219,30,84,2,6,7,9,3,0,0,0,1,0,0,0,1,38,1956,22,3,594,1.0,Higher-Value Customers
2894,1985,Graduation,Alone,72903.0,0,0,2013-10-29,74,1067,138,750,0,19,39,1,7,5,8,4,0,1,1,1,0,0,1,0,29,2013,20,1,243,1.0,Higher-Value Customers
7613,1974,2n Cycle,Partner,49669.0,1,0,2014-05-24,97,166,5,107,11,8,29,2,5,1,6,6,0,0,0,0,0,0,0,1,40,326,12,3,36,0.0,Lower-Value Customers
10542,1968,PhD,Partner,36778.0,1,1,2012-08-05,63,29,4,34,2,4,4,3,3,0,3,9,0,0,0,0,0,0,0,2,46,77,6,4,693,0.0,Lower-Value Customers
8015,1962,PhD,Alone,85696.0,0,0,2013-05-03,88,714,76,395,116,0,12,1,4,6,9,1,0,0,0,0,0,0,1,0,52,1313,19,1,422,1.0,Higher-Value Customers
10617,1989,Master,Alone,10979.0,0,0,2014-05-22,34,8,4,10,2,2,4,2,3,0,3,5,0,0,0,0,0,0,0,0,25,30,6,1,38,0.0,Lower-Value Customers
11166,1961,Graduation,Partner,49678.0,0,1,2013-02-02,81,229,5,56,3,2,20,2,6,2,4,7,0,0,0,0,0,0,0,1,53,315,12,3,512,0.0,Lower-Value Customers
849,1953,Master,Partner,56129.0,0,1,2013-06-20,65,320,48,133,39,72,48,4,6,2,10,4,0,0,0,0,0,0,0,1,61,660,18,3,374,1.0,Higher-Value Customers
523,1989,Graduation,Partner,37155.0,1,0,2013-01-31,51,23,0,26,7,15,3,1,2,0,4,5,0,0,0,0,0,0,0,1,25,74,6,3,514,0.0,Lower-Value Customers
4066,1978,2n Cycle,Alone,21282.0,1,0,2014-05-11,76,1,5,8,4,8,20,2,2,1,2,6,0,0,0,0,0,0,0,1,36,46,5,2,49,0.0,Lower-Value Customers
8414,1962,PhD,Alone,33419.0,0,1,2013-08-17,76,56,0,12,0,0,18,2,2,0,4,7,0,0,0,0,0,0,0,1,52,86,6,2,316,0.0,Lower-Value Customers
819,1945,Graduation,Alone,63285.0,0,0,2013-11-05,84,508,124,249,50,38,134,1,6,5,13,3,0,0,0,0,0,0,0,0,69,1103,24,1,236,1.0,Higher-Value Customers
4961,1974,Master,Partner,21255.0,1,0,2014-01-21,56,29,0,25,2,2,3,4,2,1,4,4,0,0,0,0,0,0,0,1,40,61,7,3,159,0.0,Lower-Value Customers
749,1981,Graduation,Partner,42162.0,1,0,2013-11-19,31,46,7,59,2,4,27,2,3,1,3,6,1,0,0,0,0,0,1,1,33,145,7,3,222,0.0,Lower-Value Customers
5430,1956,Graduation,Partner,54450.0,1,1,2012-09-14,0,454,0,171,8,19,32,12,9,2,8,8,0,0,0,0,0,0,0,2,58,684,19,4,653,1.0,Higher-Value Customers
7755,1954,PhD,Partner,57744.0,0,1,2013-11-12,91,350,3,39,0,0,19,2,9,1,4,8,0,0,0,0,0,0,0,1,60,411,14,3,229,1.0,Higher-Value Customers
10525,1986,Graduation,Alone,26576.0,1,0,2012-10-13,40,10,0,8,0,0,9,1,1,0,2,9,1,0,0,0,0,0,1,1,28,27,3,2,624,0.0,Lower-Value Customers
1453,1943,PhD,Alone,57513.0,0,0,2013-07-06,59,735,40,183,52,20,30,2,9,3,13,6,0,0,0,0,0,0,0,0,71,1060,25,1,358,1.0,Higher-Value Customers
8310,1964,Graduation,Partner,68142.0,0,1,2012-08-29,96,897,126,196,91,112,37,3,10,4,7,6,0,0,0,0,0,0,0,1,50,1459,21,3,669,1.0,Higher-Value Customers
10710,1979,Graduation,Partner,7500.0,0,1,2012-08-29,61,5,2,3,3,0,5,1,1,0,2,8,0,0,0,0,0,0,0,1,35,18,3,3,669,0.0,Lower-Value Customers
5031,1974,Graduation,Partner,83145.0,0,0,2012-09-22,14,777,35,731,39,137,114,1,5,9,11,2,0,0,1,0,0,0,1,0,40,1833,25,2,645,1.0,Higher-Value Customers
2613,1960,Master,Partner,54197.0,0,1,2014-04-03,16,162,6,37,6,13,13,2,1,3,6,1,0,0,0,0,0,0,0,1,54,237,10,3,87,0.0,Lower-Value Customers
213,1963,PhD,Alone,23091.0,1,1,2014-05-28,98,35,0,11,0,0,2,4,2,1,3,7,0,0,0,0,0,0,0,2,51,48,6,3,32,0.0,Lower-Value Customers
967,1976,Graduation,Partner,46049.0,1,1,2013-07-21,11,342,9,112,19,14,19,10,5,2,9,7,0,0,0,0,0,0,1,2,38,515,16,4,343,1.0,Higher-Value Customers
1077,1974,Graduation,Partner,56715.0,0,0,2012-12-05,52,258,105,239,237,172,9,1,7,3,4,4,0,0,0,0,0,0,0,0,40,1020,14,2,571,1.0,Higher-Value Customers
7959,1961,Graduation,Partner,79410.0,0,0,2014-05-29,19,658,80,483,123,13,13,1,3,2,5,1,0,0,0,0,0,0,0,0,53,1370,10,2,31,1.0,Higher-Value Customers
640,1951,Graduation,Partner,57304.0,0,1,2013-03-11,61,356,80,329,138,17,106,2,7,6,10,5,0,0,0,0,0,0,0,1,63,1026,23,3,475,1.0,Higher-Value Customers
4252,1965,Graduation,Partner,44375.0,0,1,2014-03-23,73,213,5,28,7,7,41,1,4,1,6,5,0,0,0,0,0,0,0,1,49,301,11,3,98,0.0,Lower-Value Customers
8432,1956,Graduation,Partner,54450.0,1,1,2012-09-14,0,454,0,171,8,19,32,12,9,2,8,8,0,0,0,0,0,0,0,2,58,684,19,4,653,1.0,Higher-Value Customers
6218,1965,Graduation,Partner,59594.0,0,1,2012-10-20,74,457,4,29,0,0,9,1,8,1,7,7,0,1,0,0,0,0,0,1,49,499,16,3,617,1.0,Higher-Value Customers
6905,1994,Graduation,Partner,80685.0,0,0,2012-08-22,55,241,45,604,34,26,54,1,6,4,10,2,0,0,0,0,0,0,0,0,20,1004,20,2,676,1.0,Higher-Value Customers
5922,1974,PhD,Partner,40344.0,0,1,2013-10-13,48,210,0,6,0,0,2,2,4,1,5,7,0,0,0,0,0,0,0,1,40,218,10,3,259,0.0,Lower-Value Customers
3598,1972,Graduation,Partner,62710.0,0,1,2013-05-23,53,441,35,83,7,29,11,4,4,2,12,4,0,0,0,0,0,0,0,1,42,606,18,3,402,1.0,Higher-Value Customers
6116,1968,2n Cycle,Partner,48985.0,0,1,2013-07-05,13,19,13,18,10,7,8,1,1,1,3,3,0,0,0,0,0,0,0,1,46,75,5,3,359,0.0,Lower-Value Customers
6263,1968,Graduation,Partner,35322.0,1,2,2012-08-22,34,28,9,37,12,7,13,3,2,0,4,8,0,0,0,0,0,0,0,3,46,106,6,5,676,0.0,Lower-Value Customers
10486,1948,Graduation,Partner,77142.0,0,0,2013-05-29,54,476,75,162,29,151,97,1,4,4,8,2,0,0,0,0,0,0,0,0,66,990,16,2,396,1.0,Higher-Value Customers
2410,1969,Graduation,Alone,81657.0,0,0,2014-01-22,69,364,40,425,158,60,50,1,3,4,8,1,0,0,0,0,0,0,0,0,45,1097,15,1,158,1.0,Higher-Value Customers
193,1996,Basic,Partner,14421.0,0,0,2014-02-17,81,0,0,2,3,3,8,1,1,0,2,5,1,0,0,0,0,0,0,0,18,16,3,2,132,0.0,Lower-Value Customers
3363,1974,2n Cycle,Partner,20130.0,0,0,2014-03-17,99,0,6,3,7,6,12,1,1,0,3,8,0,0,0,0,0,0,0,0,40,34,4,2,104,0.0,Lower-Value Customers
8278,1990,PhD,Partner,74214.0,0,0,2012-08-26,3,863,83,547,86,99,33,1,8,2,5,5,0,0,0,0,0,0,0,0,24,1711,15,2,672,1.0,Higher-Value Customers
10660,1957,Master,Partner,66726.0,1,1,2014-01-12,61,349,7,35,0,0,47,3,8,2,4,7,0,1,0,0,0,0,0,2,57,438,14,4,168,1.0,Higher-Value Customers
8686,1979,Basic,Partner,23724.0,1,0,2013-01-08,65,5,23,15,0,18,14,2,2,0,3,8,0,0,0,0,0,0,0,1,35,75,5,3,537,0.0,Lower-Value Customers
1604,1960,Master,Partner,47353.0,0,1,2013-11-13,93,184,2,19,8,8,4,3,2,2,6,5,0,0,0,0,0,0,0,1,54,225,10,3,228,0.0,Lower-Value Customers
5907,1952,Master,Partner,33444.0,1,1,2012-11-03,24,8,0,8,0,0,2,1,1,0,2,8,0,0,0,0,0,0,0,2,62,18,3,4,603,0.0,Lower-Value Customers
10669,1981,Graduation,Partner,54386.0,0,1,2013-05-17,8,277,21,64,62,21,25,2,3,2,10,3,0,0,0,0,0,0,0,1,33,470,15,3,408,1.0,Higher-Value Customers
2918,1981,Graduation,Alone,28510.0,1,1,2013-04-13,72,44,5,19,0,4,19,3,2,0,4,5,0,0,0,0,0,0,0,2,33,91,6,3,442,0.0,Lower-Value Customers
5735,1991,Master,Alone,90638.0,0,0,2014-02-13,29,1156,120,915,94,144,96,1,3,4,10,1,0,0,1,0,0,0,0,0,23,2525,17,1,136,1.0,Higher-Value Customers
359,1950,Graduation,Partner,48070.0,0,1,2013-01-13,33,373,14,83,6,9,19,3,8,2,6,7,0,0,0,0,0,1,0,1,64,504,16,3,532,1.0,Higher-Value Customers
8387,1957,Graduation,Partner,43140.0,0,1,2013-01-05,68,134,8,76,6,0,11,1,4,1,5,6,0,0,0,0,0,0,0,1,57,235,10,3,540,0.0,Lower-Value Customers
1829,1961,PhD,Alone,54959.0,0,1,2013-01-19,55,1148,0,60,0,0,24,3,9,5,4,7,0,1,0,0,0,0,1,1,53,1232,18,2,526,1.0,Higher-Value Customers
3839,1958,Basic,Alone,15056.0,1,1,2013-05-03,76,6,12,3,21,6,40,5,2,2,3,5,0,0,0,0,0,0,0,2,56,88,7,3,422,0.0,Lower-Value Customers
9392,1971,Graduation,Alone,26954.0,1,0,2014-05-08,17,4,1,11,0,0,1,1,1,0,2,7,0,0,0,0,0,0,0,1,43,17,3,2,52,0.0,Lower-Value Customers
2292,1985,Graduation,Alone,22327.0,1,0,2013-08-02,94,5,4,8,2,0,5,1,1,0,3,5,0,0,0,0,0,0,0,1,29,24,4,2,331,0.0,Lower-Value Customers
10466,1965,Graduation,Partner,44393.0,1,1,2013-08-22,86,24,2,20,2,2,10,2,1,0,4,4,0,0,0,0,0,0,0,2,49,60,5,4,311,0.0,Lower-Value Customers
9855,1952,PhD,Alone,62000.0,0,1,2013-08-25,25,899,0,101,0,0,20,1,6,6,13,4,0,0,0,1,0,0,0,1,62,1020,25,2,308,1.0,Higher-Value Customers
4088,1962,PhD,Partner,31497.0,0,1,2012-12-06,22,108,1,28,13,1,4,2,3,1,4,8,0,0,0,0,0,0,0,1,52,155,8,3,570,0.0,Lower-Value Customers
5231,1974,2n Cycle,Partner,45894.0,0,2,2014-02-27,15,27,2,7,0,2,13,1,1,0,3,5,0,0,0,0,0,0,0,2,40,51,4,4,122,0.0,Lower-Value Customers
590,1970,Master,Alone,78579.0,0,0,2012-12-22,35,816,66,549,216,66,99,1,5,6,4,3,0,0,0,0,0,0,1,0,44,1812,15,1,554,1.0,Higher-Value Customers
8732,1969,Master,Alone,67369.0,0,1,2012-11-17,81,1298,0,70,37,14,42,4,7,4,10,4,0,1,1,0,0,0,1,1,45,1461,21,2,589,1.0,Higher-Value Customers
2315,1960,Graduation,Alone,58401.0,0,1,2014-04-20,55,10,0,11,17,29,29,1,1,2,2,4,0,0,0,0,0,0,0,1,54,96,5,2,70,0.0,Lower-Value Customers
3515,1952,Graduation,Alone,62307.0,0,1,2014-02-17,94,87,13,34,10,6,10,1,4,0,4,5,0,0,0,0,0,0,0,1,62,160,8,2,132,0.0,Lower-Value Customers
2245,1969,Master,Partner,43641.0,1,1,2013-04-22,50,57,2,51,4,2,23,3,2,1,4,6,0,0,0,0,0,0,0,2,45,139,7,4,433,0.0,Lower-Value Customers
6283,1968,Master,Alone,63841.0,0,1,2013-04-21,64,635,15,100,20,7,131,1,9,3,9,6,0,0,0,0,0,0,0,1,46,908,21,2,434,1.0,Higher-Value Customers
2246,1965,2n Cycle,Partner,46891.0,0,1,2013-09-01,91,43,12,23,29,15,61,1,2,1,4,4,0,0,0,0,0,0,0,1,49,183,7,3,301,0.0,Lower-Value Customers
6606,1969,Master,Partner,70091.0,1,0,2013-03-31,11,964,34,137,15,0,11,2,5,2,10,8,0,1,0,0,0,0,0,1,45,1161,17,3,455,1.0,Higher-Value Customers
5545,1972,PhD,Partner,78075.0,0,0,2014-04-05,72,572,8,259,34,35,80,1,3,5,5,1,0,0,0,0,0,0,0,0,42,988,13,2,85,1.0,Higher-Value Customers
7342,1961,2n Cycle,Alone,59184.0,0,1,2012-09-09,6,341,142,113,259,151,66,3,6,6,12,5,0,0,0,0,0,0,0,1,53,1072,24,2,658,1.0,Higher-Value Customers
837,1977,Graduation,Partner,54809.0,1,1,2013-09-11,0,63,6,57,13,13,22,4,2,1,5,4,0,0,0,0,0,0,0,2,37,174,8,4,291,0.0,Lower-Value Customers
9500,1959,Graduation,Partner,58113.0,0,1,2013-01-25,66,221,104,169,102,78,84,3,9,2,8,7,0,0,0,0,0,1,0,1,55,758,19,3,520,1.0,Higher-Value Customers
3602,1958,Master,Partner,51412.0,0,1,2013-12-31,42,140,3,29,4,5,14,2,3,2,4,4,0,0,0,0,0,0,0,1,56,195,9,3,180,0.0,Lower-Value Customers
234,1979,Graduation,Alone,15287.0,1,0,2012-10-10,60,1,2,8,4,3,13,2,1,1,2,7,1,0,0,0,0,0,1,1,35,31,4,2,627,0.0,Lower-Value Customers
2995,1957,Master,Partner,66636.0,0,0,2013-08-17,64,291,10,689,84,10,0,1,3,4,9,1,0,0,0,0,0,0,0,0,57,1084,16,2,316,1.0,Higher-Value Customers
1118,1956,Master,Partner,50965.0,0,1,2013-02-20,87,544,13,85,8,6,29,3,10,4,5,8,1,0,0,0,0,0,0,1,58,685,19,3,494,1.0,Higher-Value Customers
7789,1965,PhD,Partner,84618.0,0,0,2013-11-22,96,684,100,801,21,66,0,1,6,9,10,2,0,0,1,0,0,0,0,0,49,1672,25,2,219,1.0,Higher-Value Customers
3068,1990,Graduation,Partner,18351.0,0,0,2013-10-29,1,1,12,9,0,14,7,1,2,0,3,7,0,0,0,0,0,0,0,0,24,43,5,2,243,0.0,Lower-Value Customers
8955,1957,PhD,Partner,40451.0,0,2,2014-02-16,54,35,0,4,0,0,10,1,1,1,2,5,1,0,0,0,0,0,0,2,57,49,4,4,133,0.0,Lower-Value Customers
945,1965,Graduation,Partner,36317.0,0,1,2013-05-22,53,87,3,25,3,2,13,2,3,0,4,7,0,0,0,0,0,0,0,1,49,133,7,3,403,0.0,Lower-Value Customers
5644,1957,Graduation,Partner,42213.0,0,1,2013-10-12,96,309,3,24,4,3,20,2,5,1,7,7,0,1,0,0,0,0,0,1,57,363,13,3,260,0.0,Lower-Value Customers
7192,1955,Graduation,Partner,65748.0,0,1,2013-04-15,58,172,73,93,95,78,34,2,2,4,10,1,0,0,0,0,0,1,0,1,59,545,16,3,440,1.0,Higher-Value Customers
2324,1972,Graduation,Partner,77044.0,0,1,2013-10-27,12,625,38,242,50,34,76,2,7,11,11,4,1,0,0,0,0,0,0,1,42,1065,29,3,245,1.0,Higher-Value Customers
697,1969,Graduation,Partner,74918.0,0,0,2013-03-12,78,972,59,913,25,19,59,1,5,9,6,3,0,0,1,0,0,0,0,0,45,2047,20,2,474,1.0,Higher-Value Customers
3439,1972,Graduation,Partner,56721.0,1,1,2012-10-31,64,157,6,39,6,13,75,5,4,1,5,6,0,0,0,0,0,0,0,2,42,296,10,4,606,0.0,Lower-Value Customers
1506,1975,Graduation,Alone,42160.0,1,1,2013-06-28,26,48,9,45,3,15,20,4,2,1,4,6,0,0,0,0,0,0,1,2,39,140,7,3,366,0.0,Lower-Value Customers
232,1965,Graduation,Alone,61559.0,0,1,2013-07-17,8,279,83,88,32,14,34,1,4,2,10,3,0,0,0,0,0,0,0,1,49,530,16,2,347,1.0,Higher-Value Customers
8876,1963,PhD,Partner,33629.0,1,1,2012-08-08,49,132,0,16,0,0,4,5,3,1,4,9,0,0,0,0,0,0,0,2,51,152,8,4,690,0.0,Lower-Value Customers
4500,1991,PhD,Partner,68682.0,0,0,2013-10-06,56,919,0,505,99,30,45,1,4,9,10,2,0,0,0,0,0,0,0,0,23,1598,23,2,266,1.0,Higher-Value Customers
9739,1963,Graduation,Alone,34377.0,0,1,2013-01-19,55,62,0,22,3,1,26,2,2,2,2,7,0,0,0,0,0,0,0,1,51,114,6,2,526,0.0,Lower-Value Customers
10395,1986,Basic,Alone,8940.0,1,0,2012-08-22,25,1,45,3,4,6,42,3,3,1,3,8,0,0,0,0,0,0,0,1,28,101,7,2,676,0.0,Lower-Value Customers
1176,1973,Graduation,Partner,26228.0,1,0,2013-09-22,50,2,6,4,3,1,9,1,1,0,2,8,0,0,0,0,0,0,0,1,41,25,3,3,280,0.0,Lower-Value Customers
1627,1957,2n Cycle,Alone,77297.0,0,0,2013-01-26,84,408,61,109,48,122,41,1,5,7,9,4,0,0,0,1,0,0,0,0,57,789,21,1,519,1.0,Higher-Value Customers
938,1981,Graduation,Partner,40211.0,1,1,2013-07-30,30,51,1,7,2,1,25,2,2,1,2,8,1,0,0,0,0,0,0,2,33,87,5,4,334,0.0,Lower-Value Customers
2740,1958,PhD,Alone,33438.0,1,1,2013-09-22,81,62,1,16,3,2,6,4,2,1,4,5,0,0,0,0,0,0,0,2,56,90,7,3,280,0.0,Lower-Value Customers
257,1959,PhD,Partner,75032.0,0,1,2013-04-28,74,952,12,180,47,12,12,2,5,4,9,3,0,0,0,0,0,0,0,1,55,1215,18,3,427,1.0,Higher-Value Customers
4058,1955,PhD,Alone,61284.0,0,0,2013-10-12,76,618,15,106,20,7,45,1,11,2,8,6,0,1,0,0,0,0,0,0,59,811,21,1,260,1.0,Higher-Value Customers
7736,1986,Graduation,Partner,22518.0,1,0,2012-10-22,36,11,7,12,2,2,27,2,2,1,2,5,1,0,0,0,0,0,1,1,28,61,5,3,615,0.0,Lower-Value Customers
8210,1975,Master,Partner,54730.0,0,1,2013-08-15,64,318,3,17,4,7,56,5,4,1,8,4,0,0,0,0,0,0,0,1,39,405,13,3,318,0.0,Lower-Value Customers
833,1955,Master,Partner,38452.0,1,1,2014-03-30,62,56,0,14,0,0,2,3,3,0,3,7,0,0,0,0,0,0,0,2,59,72,6,4,91,0.0,Lower-Value Customers
6230,1971,Graduation,Alone,44421.0,1,1,2013-02-15,53,110,5,59,7,1,7,5,5,0,4,8,0,0,0,0,0,0,0,2,43,189,9,3,499,0.0,Lower-Value Customers
7325,1986,PhD,Partner,38197.0,1,0,2013-06-29,86,23,0,11,2,1,3,1,1,0,3,5,0,0,0,0,0,0,0,1,28,40,4,3,365,0.0,Lower-Value Customers
1307,1978,Graduation,Alone,41986.0,0,1,2014-02-09,15,27,5,8,8,3,12,3,3,0,4,4,0,0,0,0,0,0,0,1,36,63,7,2,140,0.0,Lower-Value Customers
1502,1983,Graduation,Partner,28427.0,1,0,2013-03-21,67,18,3,19,3,3,6,2,2,0,3,8,0,0,0,0,0,0,0,1,31,52,5,3,465,0.0,Lower-Value Customers
6211,1976,PhD,Partner,37395.0,1,0,2014-05-02,47,18,0,9,0,1,11,1,1,0,3,6,0,0,0,0,0,0,0,1,38,39,4,3,58,0.0,Lower-Value Customers
843,1971,Graduation,Partner,64722.0,1,0,2014-05-26,47,303,0,280,60,147,15,4,8,2,11,6,0,0,0,0,0,0,0,1,43,805,21,3,34,1.0,Higher-Value Customers
4174,1956,Master,Partner,55249.0,0,1,2014-04-17,81,97,1,19,2,0,11,1,2,1,4,3,0,0,0,0,0,0,0,1,58,130,7,3,73,0.0,Lower-Value Customers
9757,1972,Graduation,Partner,84906.0,0,0,2013-10-04,98,997,15,414,99,30,76,1,5,6,12,2,0,1,1,0,1,0,0,0,42,1631,23,2,268,1.0,Higher-Value Customers
6918,1989,Graduation,Partner,28691.0,1,0,2013-07-04,56,5,4,13,8,0,4,1,1,0,3,8,0,0,0,0,0,0,0,1,25,34,4,3,360,0.0,Lower-Value Customers
286,1952,Graduation,Alone,44213.0,1,1,2013-11-29,48,95,11,35,0,4,7,4,2,1,5,6,0,0,0,0,0,0,0,2,62,152,8,3,212,0.0,Lower-Value Customers
11086,1984,Basic,Alone,25707.0,1,0,2014-01-18,18,1,6,2,3,6,3,1,1,0,3,7,0,0,0,0,0,0,0,1,30,21,4,2,162,0.0,Lower-Value Customers
1921,1967,PhD,Partner,59062.0,2,1,2013-10-03,74,46,1,12,3,0,9,2,2,0,3,4,0,0,0,0,0,0,0,3,47,71,5,5,269,0.0,Lower-Value Customers
4138,1962,Graduation,Alone,76624.0,0,1,2014-05-24,68,411,106,147,54,115,66,1,5,10,7,1,1,0,0,0,0,0,0,1,52,899,22,2,36,1.0,Higher-Value Customers
7718,1947,Master,Partner,66000.0,0,0,2014-04-20,36,244,51,270,101,0,45,1,1,3,5,1,0,0,0,0,0,0,0,0,67,711,9,2,70,0.0,Lower-Value Customers
1291,1978,PhD,Partner,27683.0,1,0,2012-08-04,90,152,9,121,12,12,45,4,6,2,4,8,0,0,0,0,0,0,0,1,36,351,12,3,694,0.0,Lower-Value Customers
6862,1971,Graduation,Alone,1730.0,0,0,2014-05-18,65,1,1,3,1,1,1,15,0,0,0,20,0,0,0,0,0,0,0,0,43,8,0,1,42,0.0,Lower-Value Customers
4136,1992,Basic,Alone,7500.0,1,0,2012-12-03,63,10,17,18,8,26,40,4,3,2,2,9,0,0,0,0,0,0,0,1,22,119,7,2,573,0.0,Lower-Value Customers
803,1968,Graduation,Partner,40521.0,1,1,2013-04-05,82,12,0,5,0,0,4,1,0,1,2,5,0,0,0,0,0,0,0,2,46,21,3,4,450,0.0,Lower-Value Customers
4298,1973,PhD,Partner,20427.0,1,0,2014-03-24,63,5,0,4,0,0,1,1,1,0,2,8,0,0,0,0,0,0,0,1,41,10,3,3,97,0.0,Lower-Value Customers
10833,1975,Graduation,Partner,65106.0,0,1,2014-05-24,55,790,19,133,12,0,19,3,8,3,13,6,0,1,0,0,0,0,0,1,39,973,24,3,36,1.0,Higher-Value Customers
9606,1965,PhD,Partner,69969.0,0,0,2013-08-27,64,882,29,514,38,29,44,1,4,2,6,3,0,0,1,1,0,0,1,0,49,1536,12,2,306,1.0,Higher-Value Customers
8534,1952,Graduation,Partner,67433.0,0,2,2013-07-16,51,615,28,259,12,48,30,4,6,5,13,4,0,1,0,0,0,0,0,2,62,992,24,4,348,1.0,Higher-Value Customers
5153,1967,PhD,Partner,77766.0,0,1,2013-02-22,97,1004,59,265,115,59,27,2,11,10,11,6,1,0,0,0,0,0,1,1,47,1529,32,3,492,1.0,Higher-Value Customers
961,1972,Graduation,Partner,74716.0,0,1,2013-09-12,92,133,27,421,13,195,71,2,7,3,5,4,0,0,0,0,0,0,0,1,42,860,15,3,290,1.0,Higher-Value Customers
5011,1963,Graduation,Alone,68118.0,0,1,2013-10-18,51,595,23,123,10,23,154,2,8,9,4,6,0,0,0,0,0,0,0,1,51,928,21,2,254,1.0,Higher-Value Customers
6653,1970,PhD,Partner,55158.0,1,1,2012-07-30,72,293,0,87,4,11,23,4,7,2,5,7,0,0,0,0,0,0,1,2,44,418,14,4,699,1.0,Higher-Value Customers
9094,1955,2n Cycle,Partner,62972.0,0,1,2012-08-03,39,313,15,47,20,0,192,2,7,4,3,6,0,0,0,0,0,0,1,1,59,587,14,3,695,1.0,Higher-Value Customers
810,1975,Graduation,Partner,74190.0,0,1,2014-05-12,49,151,81,86,168,91,64,2,4,2,11,2,0,0,0,0,0,0,0,1,39,641,17,3,48,1.0,Higher-Value Customers
5493,1976,Graduation,Partner,39356.0,1,1,2014-03-19,21,15,0,2,0,0,6,1,1,0,2,6,1,0,0,0,0,0,0,2,38,23,3,4,102,0.0,Lower-Value Customers
2147,1969,Graduation,Partner,76653.0,0,0,2013-08-16,91,736,63,946,219,189,126,1,4,7,11,2,0,0,1,1,0,0,0,0,45,2279,22,2,317,1.0,Higher-Value Customers
5107,1973,PhD,Alone,35860.0,1,1,2014-05-19,37,15,0,8,4,2,20,2,1,1,2,5,1,0,0,0,0,0,0,2,41,49,4,3,41,0.0,Lower-Value Customers
3979,1983,PhD,Alone,90687.0,0,0,2013-05-22,98,982,17,672,23,34,51,1,6,2,8,2,0,0,1,0,0,0,1,0,31,1779,16,1,403,1.0,Higher-Value Customers
6049,1982,Master,Partner,73450.0,0,0,2013-12-05,85,1142,51,415,90,69,37,1,7,8,11,3,1,0,0,1,0,0,0,0,32,1804,26,2,206,1.0,Higher-Value Customers
8147,1960,Graduation,Partner,31454.0,1,1,2013-07-06,40,28,0,11,0,0,9,3,2,0,3,8,0,0,0,0,0,0,0,2,54,48,5,4,358,0.0,Lower-Value Customers
1857,1952,Graduation,Alone,47139.0,1,1,2014-03-06,2,46,0,12,0,2,23,2,2,1,2,7,0,0,0,0,0,0,1,2,62,83,5,3,115,0.0,Lower-Value Customers
3910,1975,Graduation,Alone,83829.0,0,0,2013-10-08,78,897,161,430,186,161,27,0,4,7,6,1,1,0,1,1,0,0,1,0,39,1862,17,1,264,1.0,Higher-Value Customers
5207,1963,PhD,Partner,53378.0,1,1,2012-09-24,41,489,6,152,8,6,132,10,9,4,6,8,0,0,0,0,0,0,1,2,51,793,19,4,643,1.0,Higher-Value Customers
11114,1970,Graduation,Partner,19656.0,1,0,2013-02-08,94,25,4,9,6,8,32,3,2,1,3,7,0,0,0,0,0,0,0,1,44,84,6,3,506,0.0,Lower-Value Customers
5429,1948,PhD,Partner,45579.0,0,1,2013-08-20,10,145,1,33,2,1,1,1,4,1,4,6,0,0,0,0,0,0,0,1,66,183,9,3,313,0.0,Lower-Value Customers
9400,1958,2n Cycle,Alone,85485.0,0,0,2014-06-21,73,630,26,611,44,18,54,1,6,6,6,2,0,0,0,0,0,0,0,0,56,1383,18,1,8,1.0,Higher-Value Customers
1740,1944,Graduation,Partner,55956.0,0,0,2014-04-07,22,760,38,104,50,9,38,2,7,3,4,4,0,1,0,0,0,0,0,0,70,999,14,2,83,1.0,Higher-Value Customers
7488,1963,Master,Alone,64191.0,0,1,2013-01-22,30,420,15,186,151,38,15,3,5,3,13,3,0,0,0,0,0,0,0,1,51,825,21,2,523,1.0,Higher-Value Customers
195,1972,Graduation,Alone,38808.0,1,0,2012-08-26,21,125,17,52,3,19,30,4,5,1,4,8,1,0,0,0,0,0,1,1,42,246,10,2,672,0.0,Lower-Value Customers
635,1966,Master,Partner,57183.0,1,1,2013-03-19,51,464,5,64,7,0,70,8,9,1,7,8,0,0,0,0,0,0,0,2,48,610,17,4,467,1.0,Higher-Value Customers
7527,1968,Master,Alone,23748.0,1,0,2012-11-21,97,6,6,29,12,15,8,3,2,1,3,8,0,0,0,0,0,0,0,1,46,76,6,2,585,0.0,Lower-Value Customers
10319,1971,Graduation,Partner,66303.0,0,1,2013-02-26,56,1090,12,96,16,12,60,4,3,4,11,8,0,1,0,0,0,0,0,1,43,1286,18,3,488,1.0,Higher-Value Customers
2296,1975,Master,Partner,37368.0,1,0,2013-12-16,4,3,2,11,2,2,10,1,1,0,2,6,1,0,0,0,0,0,0,1,39,30,3,3,195,0.0,Lower-Value Customers
10637,1964,Graduation,Partner,40800.0,1,2,2013-01-01,77,24,0,27,8,30,10,2,3,0,3,7,0,0,0,0,0,1,0,3,50,99,6,5,544,0.0,Lower-Value Customers
2931,1978,Graduation,Alone,71847.0,0,0,2012-09-21,95,737,21,106,55,63,210,0,6,7,9,3,0,0,0,1,0,0,0,0,36,1192,22,1,646,1.0,Higher-Value Customers
907,1975,Graduation,Partner,46149.0,0,1,2013-11-29,36,254,6,71,4,0,27,5,5,1,7,5,0,0,0,0,0,0,0,1,39,362,13,3,212,0.0,Lower-Value Customers
3698,1983,Graduation,Partner,78687.0,0,0,2012-08-09,13,817,185,687,145,55,241,1,4,6,8,2,0,0,1,0,0,0,1,0,31,2130,18,2,689,1.0,Higher-Value Customers
9516,1971,2n Cycle,Alone,49118.0,0,0,2012-08-18,90,620,54,239,99,98,119,2,9,7,10,7,0,1,0,0,1,0,1,0,43,1229,26,1,680,1.0,Higher-Value Customers
679,1957,PhD,Partner,37633.0,1,1,2012-09-20,49,13,4,20,0,0,1,2,1,0,3,9,0,0,0,0,0,0,0,2,57,38,4,4,647,0.0,Lower-Value Customers
7384,1951,Master,Partner,39767.0,0,0,2013-07-21,18,113,61,204,34,26,47,2,7,1,7,8,0,0,0,0,0,0,0,0,63,485,15,2,343,1.0,Higher-Value Customers
5043,1951,Basic,Partner,26997.0,0,0,2012-11-05,89,7,23,78,133,49,144,2,4,2,5,7,0,0,0,0,0,0,0,0,63,434,11,2,601,0.0,Lower-Value Customers
5267,1970,Graduation,Alone,33986.0,1,0,2013-03-14,43,16,2,18,2,1,5,1,1,0,3,7,0,0,0,0,0,0,0,1,44,44,4,2,472,0.0,Lower-Value Customers
339,1972,PhD,Partner,57091.0,0,1,2012-11-23,82,462,0,24,6,0,4,2,9,2,5,7,0,1,0,0,0,0,1,1,42,496,16,3,583,1.0,Higher-Value Customers
2516,1969,2n Cycle,Partner,46831.0,1,1,2013-06-08,84,22,2,10,6,4,34,2,1,2,2,4,0,0,0,0,0,0,0,2,45,78,5,4,386,0.0,Lower-Value Customers
9010,1972,Master,Partner,83151.0,0,0,2013-02-10,80,968,147,842,137,42,210,1,5,7,10,2,1,0,1,1,0,0,1,0,42,2346,22,2,504,1.0,Higher-Value Customers
378,1971,Graduation,Partner,52531.0,0,0,2012-12-30,68,283,112,151,51,72,125,2,7,2,10,6,0,0,0,0,0,0,0,0,43,794,19,2,546,1.0,Higher-Value Customers
4808,1956,Graduation,Partner,15759.0,0,0,2013-09-05,12,1,2,5,6,0,3,1,1,0,2,7,0,0,0,0,0,0,0,0,58,17,3,2,297,0.0,Lower-Value Customers
5068,1971,Graduation,Alone,22804.0,1,0,2013-07-31,75,14,1,7,2,1,1,1,2,0,2,9,0,0,0,0,0,0,0,1,43,26,4,2,333,0.0,Lower-Value Customers
7628,1973,2n Cycle,Partner,43050.0,1,0,2014-03-18,10,30,5,24,6,3,8,2,2,0,4,5,0,0,0,0,0,0,0,1,41,76,6,3,103,0.0,Lower-Value Customers
7128,1977,PhD,Alone,42997.0,1,1,2013-12-07,91,4,0,5,0,1,5,1,1,0,2,7,0,0,0,0,0,0,0,2,37,15,3,3,204,0.0,Lower-Value Customers
2811,1963,PhD,Alone,48918.0,1,1,2014-04-12,21,52,0,9,0,0,1,2,1,0,4,4,0,0,0,0,0,0,0,2,51,62,5,3,78,0.0,Lower-Value Customers
3551,1954,Master,Partner,60033.0,0,1,2014-03-29,28,62,1,57,19,11,48,2,2,1,5,2,0,0,0,0,0,0,0,1,60,198,8,3,92,0.0,Lower-Value Customers
1663,1978,PhD,Partner,34043.0,1,0,2013-10-25,97,20,2,14,3,0,10,1,2,0,2,9,0,0,0,0,0,0,0,1,36,49,4,3,247,0.0,Lower-Value Customers
5543,1966,Graduation,Partner,57811.0,0,1,2013-06-24,49,545,7,114,37,21,78,5,7,2,11,5,0,1,0,0,0,0,0,1,48,802,20,3,370,1.0,Higher-Value Customers
1577,1946,Graduation,Partner,78569.0,0,0,2014-02-19,14,558,79,622,207,175,95,1,4,6,4,1,0,0,1,0,0,0,1,0,68,1736,14,2,130,1.0,Higher-Value Customers
10641,1978,Graduation,Alone,7500.0,1,1,2012-12-27,5,6,5,4,13,4,25,4,2,1,3,6,0,0,0,0,0,0,0,2,36,57,6,3,549,0.0,Lower-Value Customers
5336,1971,Master,Partner,157733.0,1,0,2013-06-04,37,39,1,9,2,0,8,0,1,0,1,1,0,0,0,0,0,0,0,1,43,59,2,3,390,0.0,Lower-Value Customers
6024,1953,Graduation,Partner,94384.0,0,0,2013-03-04,62,1111,24,790,160,45,172,0,5,8,5,2,0,1,1,1,0,0,1,0,61,2302,18,2,482,1.0,Higher-Value Customers
1878,1985,2n Cycle,Partner,23148.0,0,0,2014-02-18,83,4,6,8,6,3,10,1,2,0,3,7,0,0,0,0,0,0,0,0,29,37,5,2,131,0.0,Lower-Value Customers
3099,1970,Graduation,Alone,44267.0,1,1,2013-02-25,48,183,5,65,3,5,49,5,5,2,4,9,0,0,0,0,0,0,0,2,44,310,11,3,489,0.0,Lower-Value Customers
6055,1979,Graduation,Partner,71626.0,0,0,2012-11-01,94,546,72,376,94,145,72,1,5,5,8,3,0,1,0,0,0,0,0,0,35,1305,18,2,605,1.0,Higher-Value Customers
5841,1966,Graduation,Partner,60894.0,0,1,2013-06-28,61,606,7,155,10,0,54,5,10,3,8,7,0,0,0,0,0,0,0,1,48,832,21,3,366,1.0,Higher-Value Customers
3972,1976,Graduation,Partner,50200.0,1,1,2013-04-03,70,266,6,51,8,6,64,6,7,1,5,8,0,0,0,0,0,0,0,2,38,401,13,4,452,0.0,Lower-Value Customers
4394,1965,PhD,Partner,81051.0,0,0,2014-05-23,43,1142,29,249,38,29,14,1,5,5,12,2,0,1,1,0,0,0,0,0,49,1501,22,2,37,1.0,Higher-Value Customers
5758,1982,Graduation,Partner,65169.0,0,0,2014-01-14,23,1074,0,69,0,0,46,1,10,4,13,6,1,0,1,1,1,0,1,0,32,1189,27,2,166,1.0,Higher-Value Customers
6658,1972,Graduation,Partner,59868.0,0,1,2013-07-22,37,771,51,154,54,10,154,7,11,2,12,6,0,0,0,0,0,0,0,1,42,1194,25,3,342,1.0,Higher-Value Customers
4603,1960,PhD,Partner,65695.0,0,1,2014-01-31,50,371,32,189,0,58,6,2,5,4,10,4,0,0,0,0,0,0,0,1,54,656,19,3,149,1.0,Higher-Value Customers
8427,1956,Master,Alone,64857.0,0,0,2012-11-23,78,556,14,717,210,0,43,1,7,5,10,4,0,0,0,0,0,0,0,0,58,1540,22,1,583,1.0,Higher-Value Customers
10260,1965,Master,Partner,45143.0,0,1,2013-08-26,74,202,5,74,11,5,14,3,6,1,5,7,0,0,0,0,0,0,0,1,49,311,12,3,307,0.0,Lower-Value Customers
7143,1955,2n Cycle,Partner,74805.0,0,1,2013-11-06,14,209,162,209,41,162,37,5,4,7,10,2,0,0,0,0,0,0,0,1,59,820,21,3,235,1.0,Higher-Value Customers
8789,1989,2n Cycle,Partner,59060.0,1,0,2014-01-11,77,35,40,111,36,40,12,3,3,1,7,4,0,0,0,0,0,0,0,1,25,274,11,3,169,0.0,Lower-Value Customers
6197,1962,PhD,Alone,27238.0,1,1,2013-04-20,39,37,0,17,0,0,3,3,3,0,3,9,0,0,0,0,0,0,0,2,52,57,6,3,435,0.0,Lower-Value Customers
4554,1965,Graduation,Partner,47009.0,0,1,2013-10-01,89,171,45,73,59,10,90,4,3,2,8,4,0,0,0,0,0,0,0,1,49,448,13,3,271,0.0,Lower-Value Customers
4937,1973,2n Cycle,Partner,46094.0,1,1,2014-06-10,62,12,2,20,3,2,5,1,1,0,3,7,0,0,0,0,0,0,0,2,41,44,4,4,19,0.0,Lower-Value Customers
1920,1972,Graduation,Partner,40321.0,1,1,2013-07-29,59,44,4,21,6,0,27,2,3,0,3,7,0,0,0,0,0,0,0,2,42,102,6,4,335,0.0,Lower-Value Customers
8749,1984,Graduation,Partner,37235.0,1,0,2014-02-01,68,20,2,9,4,6,20,1,1,1,2,4,0,0,0,0,0,0,0,1,30,61,4,3,148,0.0,Lower-Value Customers
1650,1960,Master,Partner,81843.0,0,0,2013-04-22,13,779,86,537,34,69,138,1,5,9,12,3,0,0,0,0,0,0,0,0,54,1643,26,2,433,1.0,Higher-Value Customers
10377,1958,Master,Partner,46692.0,0,1,2013-06-06,37,170,6,97,24,12,88,3,6,1,5,6,0,0,0,0,0,0,0,1,56,397,12,3,388,0.0,Lower-Value Customers
9206,1968,Graduation,Partner,77382.0,0,1,2014-01-07,36,491,48,231,112,105,134,2,5,7,12,1,0,0,1,0,0,0,0,1,46,1121,24,3,173,1.0,Higher-Value Customers
10971,1977,Graduation,Alone,37774.0,2,0,2012-09-03,28,173,8,107,7,2,176,4,7,2,3,9,1,0,0,0,0,1,1,2,37,473,12,3,664,0.0,Lower-Value Customers
6398,1974,Basic,Partner,18393.0,1,0,2014-03-29,2,7,10,13,16,0,4,2,3,0,3,8,0,0,0,0,0,0,0,1,40,50,6,3,92,0.0,Lower-Value Customers
9212,1962,Master,Partner,72828.0,0,1,2013-02-14,17,1205,0,235,19,14,205,6,6,3,13,7,0,0,0,0,0,0,0,1,52,1678,22,3,500,1.0,Higher-Value Customers
7937,1982,Graduation,Partner,24711.0,0,0,2014-04-18,86,10,7,25,6,3,7,1,3,0,3,7,0,0,0,0,0,0,0,0,32,58,6,2,72,0.0,Lower-Value Customers
839,1975,PhD,Partner,45503.0,1,0,2013-09-25,54,97,4,44,6,1,18,1,3,1,4,5,0,0,0,0,0,0,0,1,39,170,8,3,277,0.0,Lower-Value Customers
4246,1982,Master,Alone,6560.0,0,0,2013-12-12,2,67,11,26,4,3,262,0,1,0,1,17,0,0,0,0,0,0,0,0,32,373,2,1,199,0.0,Lower-Value Customers
158,1945,PhD,Partner,71604.0,0,0,2013-11-17,3,345,53,528,98,75,97,1,8,3,5,4,1,0,0,0,0,0,1,0,69,1196,16,2,224,1.0,Higher-Value Customers
4832,1979,Graduation,Partner,27244.0,1,0,2014-03-07,84,6,5,17,3,24,46,2,2,2,2,7,0,0,0,0,0,0,0,1,35,101,6,3,114,0.0,Lower-Value Customers
5621,1969,Graduation,Partner,48752.0,1,1,2012-12-12,8,73,57,100,71,15,0,5,6,1,5,9,0,0,0,0,0,0,1,2,45,316,12,4,564,0.0,Lower-Value Customers
1945,1962,Graduation,Partner,71434.0,0,1,2013-09-18,4,711,36,217,172,96,168,3,7,4,7,4,0,1,0,1,0,0,0,1,52,1400,18,3,284,1.0,Higher-Value Customers
5147,1948,Graduation,Alone,90842.0,0,0,2013-07-29,57,774,70,118,182,187,93,1,4,9,13,1,0,0,0,0,0,0,0,0,66,1424,26,1,335,1.0,Higher-Value Customers
2535,1978,Master,Partner,88097.0,1,0,2012-08-18,24,163,0,480,0,126,75,1,6,5,8,9,0,1,1,1,0,0,1,1,36,844,19,3,680,1.0,Higher-Value Customers
11039,1975,Graduation,Partner,51948.0,0,1,2013-09-17,51,82,33,54,71,30,41,2,5,2,4,5,0,0,0,0,0,0,0,1,39,311,11,3,285,0.0,Lower-Value Customers
9495,1982,Graduation,Partner,71853.0,0,0,2013-05-08,29,358,108,413,141,97,32,1,2,8,6,1,0,0,0,0,0,0,0,0,32,1149,16,2,417,1.0,Higher-Value Customers
9635,1983,Master,Partner,35876.0,0,0,2014-04-20,13,66,2,40,4,3,14,1,3,1,3,6,0,0,0,0,0,0,0,0,31,129,7,2,70,0.0,Lower-Value Customers
2173,1952,Graduation,Alone,40049.0,0,1,2013-10-16,23,13,6,7,0,3,3,1,1,0,3,6,0,0,0,0,0,0,0,1,62,32,4,2,256,0.0,Lower-Value Customers
942,1982,Graduation,Alone,39660.0,1,0,2012-08-08,36,139,13,78,20,13,36,3,7,1,3,9,0,0,0,0,0,0,1,1,32,299,11,2,690,0.0,Lower-Value Customers
9386,1962,Graduation,Partner,50127.0,0,1,2014-05-29,88,274,0,21,4,6,15,1,5,1,6,6,0,1,0,0,0,0,0,1,52,320,12,3,31,0.0,Lower-Value Customers
5510,1977,Master,Partner,43263.0,0,1,2012-11-21,2,262,6,61,0,10,102,3,5,2,6,5,0,0,0,0,0,0,0,1,37,441,13,3,585,0.0,Lower-Value Customers
873,1949,Master,Partner,62845.0,1,1,2012-10-01,3,1099,0,45,0,0,34,11,3,4,10,8,0,1,0,0,0,0,1,2,65,1178,17,4,636,1.0,Higher-Value Customers
2253,1990,Graduation,Partner,18929.0,0,0,2013-02-16,15,32,0,8,23,4,18,1,1,0,4,6,0,0,0,0,0,0,0,0,24,85,5,2,498,0.0,Lower-Value Customers
5181,1982,Basic,Alone,24367.0,1,0,2013-03-20,58,2,4,2,0,11,5,1,1,0,2,9,0,0,0,0,0,0,0,1,32,24,3,2,466,0.0,Lower-Value Customers
979,1975,Graduation,Alone,33249.0,1,0,2013-02-20,11,6,10,21,19,14,42,2,2,1,3,6,0,0,0,0,0,0,0,1,39,112,6,2,494,0.0,Lower-Value Customers
10390,1959,2n Cycle,Partner,26887.0,0,1,2013-02-10,27,6,7,4,3,4,6,1,1,0,3,6,0,0,0,0,0,0,0,1,55,30,4,3,504,0.0,Lower-Value Customers
4698,1983,PhD,Partner,50150.0,0,0,2013-06-20,32,135,46,92,65,61,11,2,5,2,7,5,0,0,0,0,0,0,0,0,31,410,14,2,374,0.0,Lower-Value Customers
7793,1976,Graduation,Partner,62061.0,0,1,2013-08-31,12,641,7,84,0,30,38,3,10,4,7,6,0,1,0,0,0,0,0,1,38,800,21,3,302,1.0,Higher-Value Customers
1745,1962,PhD,Alone,85696.0,0,0,2013-05-03,88,714,76,395,116,0,12,1,4,6,9,1,0,0,0,0,0,0,1,0,52,1313,19,1,422,1.0,Higher-Value Customers
10590,1956,PhD,Partner,76542.0,0,0,2013-03-30,91,794,73,573,0,29,14,1,4,8,10,2,0,0,0,0,0,0,0,0,58,1483,22,2,456,1.0,Higher-Value Customers
5080,1993,Graduation,Alone,70515.0,0,0,2013-10-21,12,420,0,452,182,64,140,1,6,6,4,2,0,0,0,0,0,0,1,0,21,1258,16,1,251,1.0,Higher-Value Customers
8369,1987,Graduation,Partner,18227.0,1,0,2012-11-08,21,1,2,7,4,3,11,1,0,1,2,8,0,0,0,0,0,0,0,1,27,28,3,3,598,0.0,Lower-Value Customers
5232,1965,Graduation,Partner,69139.0,0,1,2014-01-27,23,86,12,75,33,15,6,1,4,1,5,4,0,0,0,0,0,0,0,1,49,227,10,3,153,0.0,Lower-Value Customers
2407,1982,Graduation,Partner,69109.0,0,0,2012-11-09,10,823,25,459,124,29,95,1,6,6,7,4,0,0,1,0,0,0,1,0,32,1555,19,2,597,1.0,Higher-Value Customers
3834,1962,Graduation,Alone,69627.0,0,1,2013-03-17,35,231,161,215,171,30,53,2,8,2,11,5,0,0,0,0,0,0,0,1,52,861,21,2,469,1.0,Higher-Value Customers
7912,1978,Graduation,Partner,38136.0,1,0,2013-04-22,69,8,15,27,0,20,33,2,3,1,2,8,1,0,0,0,0,0,0,1,36,103,6,3,433,0.0,Lower-Value Customers
7712,1946,PhD,Alone,62159.0,0,0,2014-04-28,68,182,17,259,77,70,29,1,6,2,10,4,0,0,0,0,0,0,0,0,68,634,18,1,62,1.0,Higher-Value Customers
1065,1963,Graduation,Alone,80695.0,0,0,2013-12-29,85,557,129,984,193,37,18,1,5,8,5,2,0,0,0,0,0,0,0,0,51,1918,18,1,182,1.0,Higher-Value Customers
7275,1971,Master,Alone,33316.0,1,1,2013-10-04,34,79,1,31,4,4,12,3,2,1,4,6,0,0,0,0,0,0,0,2,43,131,7,3,268,0.0,Lower-Value Customers
1343,1968,Graduation,Partner,58554.0,1,1,2012-09-26,55,368,24,68,38,0,88,6,8,2,6,7,0,0,0,0,0,0,0,2,46,586,16,4,641,1.0,Higher-Value Customers
1384,1992,Basic,Partner,17256.0,1,0,2013-11-23,10,6,4,14,8,8,22,2,2,1,2,8,1,0,0,0,0,0,0,1,22,62,5,3,218,0.0,Lower-Value Customers
9967,1974,Graduation,Alone,53034.0,1,1,2013-05-30,30,160,15,196,15,11,50,8,6,1,7,8,0,0,0,0,0,0,0,2,40,447,14,3,395,1.0,Higher-Value Customers
6181,1950,2n Cycle,Partner,52203.0,0,0,2012-07-31,36,488,21,238,56,108,28,1,8,7,11,6,0,0,0,0,0,0,0,0,64,939,26,2,698,1.0,Higher-Value Customers
10507,1977,2n Cycle,Alone,59601.0,0,1,2013-07-25,14,691,7,69,0,7,23,4,2,2,7,8,0,1,0,0,0,0,0,1,37,797,11,2,339,0.0,Lower-Value Customers
2674,1958,Master,Alone,75154.0,0,1,2012-09-04,79,543,10,205,160,143,82,1,6,3,6,3,0,0,0,0,0,0,1,1,56,1143,15,2,663,1.0,Higher-Value Customers
2698,1976,Graduation,Alone,47025.0,0,1,2013-11-07,52,254,7,108,20,0,26,3,6,3,5,6,0,0,0,0,0,0,0,1,38,415,14,2,234,0.0,Lower-Value Customers
3231,1973,Graduation,Partner,37971.0,1,0,2013-11-25,97,5,4,10,2,2,7,1,1,0,3,8,0,0,0,0,0,0,0,1,41,30,4,3,216,0.0,Lower-Value Customers
4096,1968,Master,Alone,41335.0,1,0,2013-12-26,24,112,19,21,16,14,5,3,4,1,4,7,0,0,0,0,0,0,0,1,46,187,9,2,185,0.0,Lower-Value Customers
10476,1958,Graduation,Partner,67267.0,0,1,2014-05-13,0,134,11,59,15,2,30,1,3,2,5,2,0,0,0,0,0,0,0,1,56,251,10,3,47,0.0,Lower-Value Customers
5948,1975,Graduation,Alone,57338.0,0,1,2014-04-29,96,143,6,52,11,8,17,2,4,1,5,5,0,0,0,0,0,0,0,1,39,237,10,2,61,0.0,Lower-Value Customers
9140,1960,2n Cycle,Partner,50523.0,1,1,2013-12-25,89,51,4,24,4,7,1,2,2,0,4,6,0,0,0,0,0,0,0,2,54,91,6,4,186,0.0,Lower-Value Customers
10258,1965,Master,Alone,35791.0,2,1,2013-05-06,94,27,0,5,0,0,3,2,1,0,3,8,0,0,0,0,0,0,0,3,49,35,4,4,419,0.0,Lower-Value Customers
5675,1960,PhD,Alone,50611.0,0,1,2012-10-04,98,459,0,24,6,0,4,6,4,5,7,6,0,1,0,0,0,0,0,1,54,493,16,2,633,1.0,Higher-Value Customers
4743,1969,PhD,Partner,56242.0,0,1,2013-03-03,72,689,8,167,11,8,88,5,8,4,11,6,0,0,0,0,0,0,0,1,45,971,23,3,483,1.0,Higher-Value Customers
8805,1960,Graduation,Alone,48904.0,0,1,2012-12-02,1,283,10,38,0,13,27,4,7,2,4,8,0,0,0,0,0,0,0,1,54,371,13,2,574,0.0,Lower-Value Customers
1542,1975,Graduation,Alone,56243.0,1,2,2013-12-30,26,347,0,35,4,3,7,6,4,2,8,5,0,0,0,0,0,0,0,3,39,396,14,4,181,1.0,Higher-Value Customers
6770,1985,Graduation,Partner,21355.0,1,0,2013-08-20,5,5,13,14,0,5,31,2,2,1,2,6,1,0,0,0,0,0,1,1,29,68,5,3,313,0.0,Lower-Value Customers
8773,1971,Master,Partner,57420.0,0,1,2013-06-25,22,280,0,18,0,0,24,3,5,1,6,7,0,1,0,0,0,0,0,1,43,322,12,3,369,0.0,Lower-Value Customers
10475,1970,Master,Partner,51381.5,0,1,2013-04-01,39,187,5,65,26,20,14,2,4,2,6,5,0,0,0,0,0,0,0,1,44,317,12,3,454,0.0,Lower-Value Customers
10420,1955,Master,Alone,46390.0,0,1,2014-05-05,56,95,14,64,2,9,38,1,4,2,3,7,0,0,0,0,0,0,0,1,59,222,9,2,55,0.0,Lower-Value Customers
7514,1956,2n Cycle,Partner,54342.0,1,1,2013-07-03,74,84,10,34,11,10,28,4,3,1,4,6,0,0,0,0,0,0,0,2,58,177,8,4,361,0.0,Lower-Value Customers
2902,1958,Graduation,Partner,51381.5,1,1,2012-09-03,87,19,4,12,2,2,6,1,1,0,3,5,0,0,0,0,0,0,0,2,56,45,4,4,664,0.0,Lower-Value Customers
4345,1964,2n Cycle,Alone,51381.5,1,1,2014-01-12,49,5,1,9,2,0,4,1,1,0,2,7,0,0,0,0,0,0,0,2,50,21,3,3,168,0.0,Lower-Value Customers
793,1973,Graduation,Partner,20895.0,1,0,2012-10-06,24,18,3,17,3,0,4,1,2,0,3,9,0,0,0,0,0,0,0,1,41,45,5,3,631,0.0,Lower-Value Customers
10909,1948,Graduation,Partner,92344.0,0,0,2014-01-15,9,992,24,694,51,19,119,0,5,10,5,1,1,0,1,0,0,0,0,0,66,1899,20,2,165,1.0,Higher-Value Customers
3769,1972,PhD,Partner,51381.5,1,0,2014-03-02,17,25,1,13,0,0,3,1,1,0,3,7,0,0,0,0,0,0,0,1,42,42,4,3,119,0.0,Lower-Value Customers
8702,1976,2n Cycle,Partner,26907.0,1,1,2013-08-20,10,9,1,7,0,3,2,2,1,0,3,7,0,0,0,0,0,0,0,2,38,22,4,4,313,0.0,Lower-Value Customers
4791,1980,Graduation,Partner,44964.0,1,1,2012-12-16,35,19,1,17,2,0,2,1,1,0,3,8,0,0,0,0,0,0,0,2,34,41,4,4,560,0.0,Lower-Value Customers
2963,1979,Graduation,Partner,75507.0,0,0,2014-05-02,56,709,93,374,104,80,80,1,8,6,6,3,0,0,0,0,0,0,0,0,35,1440,20,2,58,1.0,Higher-Value Customers
8216,1972,Master,Partner,53761.0,1,1,2013-10-11,7,158,0,76,13,7,71,6,4,4,3,5,0,0,0,0,0,0,0,2,42,325,11,4,261,0.0,Lower-Value Customers
8140,1973,Graduation,Partner,22682.0,1,0,2013-10-03,51,10,14,29,4,2,36,3,2,1,4,4,0,0,0,0,0,0,0,1,41,95,7,3,269,0.0,Lower-Value Customers
10146,1972,PhD,Partner,38887.0,1,0,2014-03-02,17,25,1,13,0,0,3,1,1,0,3,7,0,0,0,0,0,0,0,1,42,42,4,3,119,0.0,Lower-Value Customers
5289,1975,2n Cycle,Alone,41658.0,1,1,2012-11-09,30,8,4,12,15,4,29,2,1,1,2,4,0,0,0,0,0,0,0,2,39,72,4,3,597,0.0,Lower-Value Customers
2587,1972,PhD,Partner,29791.0,1,0,2014-05-15,21,14,0,6,0,0,0,2,2,0,3,5,0,0,0,0,0,0,0,1,42,20,5,3,45,0.0,Lower-Value Customers
4405,1956,Master,Partner,63915.0,0,2,2013-07-30,2,622,7,115,30,0,15,2,6,3,12,5,0,0,0,0,0,0,0,2,58,789,21,4,334,1.0,Higher-Value Customers
8663,1974,Graduation,Alone,39996.0,1,1,2014-05-22,85,11,0,3,0,0,1,1,1,0,2,6,0,0,0,0,0,0,0,2,40,15,3,3,38,0.0,Lower-Value Customers
2589,1972,Graduation,Alone,26759.0,1,0,2014-02-07,65,25,3,16,8,5,2,2,2,1,3,6,0,0,0,0,0,0,0,1,42,59,6,2,142,0.0,Lower-Value Customers
3421,1968,Master,Alone,63841.0,0,1,2013-04-21,64,635,15,100,20,7,131,1,9,3,9,6,0,0,0,0,0,0,0,1,46,908,21,2,434,1.0,Higher-Value Customers
10490,1969,PhD,Partner,51039.0,1,1,2012-12-10,11,100,64,79,65,0,109,2,6,2,4,7,0,0,0,0,0,0,0,2,45,417,12,4,566,0.0,Lower-Value Customers
4094,1961,Graduation,Partner,60544.0,1,1,2012-08-25,92,201,2,43,3,5,35,4,5,1,5,6,0,0,0,0,0,0,0,2,53,289,11,4,673,0.0,Lower-Value Customers
9958,1972,Graduation,Partner,65685.0,0,1,2014-03-29,54,642,14,49,0,7,57,1,9,2,9,5,0,0,0,0,0,0,0,1,42,769,20,3,92,1.0,Higher-Value Customers
2534,1953,Graduation,Partner,37716.0,0,1,2014-04-21,4,97,1,41,6,2,41,2,4,1,3,7,0,0,0,0,0,0,0,1,61,188,8,3,69,0.0,Lower-Value Customers
4188,1957,Graduation,Alone,36864.0,0,1,2012-08-13,53,204,5,39,17,0,89,3,5,2,4,8,0,0,0,0,0,0,1,1,57,354,11,2,685,0.0,Lower-Value Customers
6613,1970,Master,Partner,44511.0,1,0,2012-10-12,39,513,7,133,46,14,14,6,8,4,8,8,0,0,0,0,0,0,0,1,44,727,20,3,625,1.0,Higher-Value Customers
10827,1967,PhD,Partner,36947.0,1,1,2012-08-07,49,88,3,21,4,1,29,4,3,0,4,9,0,0,0,0,0,0,0,2,47,146,7,4,691,0.0,Lower-Value Customers
5491,1951,Master,Partner,47352.0,0,1,2013-04-11,70,172,12,112,8,0,15,4,6,1,5,7,0,0,0,0,0,0,0,1,63,319,12,3,444,0.0,Lower-Value Customers
8402,1953,Master,Partner,67087.0,0,1,2013-12-17,40,329,35,222,130,35,43,2,7,5,8,4,0,0,0,0,0,0,0,1,61,794,20,3,194,1.0,Higher-Value Customers
8783,1950,Graduation,Partner,57045.0,0,1,2012-09-08,40,296,13,104,11,13,17,3,4,2,9,3,0,0,0,0,0,0,0,1,64,454,15,3,659,1.0,Higher-Value Customers
10010,1953,PhD,Alone,36957.0,1,1,2012-09-06,43,100,2,16,2,1,31,4,3,2,2,9,0,0,0,0,0,0,1,2,61,152,7,3,661,0.0,Lower-Value Customers
618,1977,PhD,Partner,69389.0,0,1,2012-09-28,17,422,7,238,69,46,15,1,7,2,12,4,0,0,0,0,0,0,0,1,37,797,21,3,639,1.0,Higher-Value Customers
9121,1972,Graduation,Partner,80134.0,1,0,2013-05-20,40,1218,16,272,104,0,80,2,5,3,6,6,0,1,1,1,0,0,1,1,42,1690,14,3,405,1.0,Higher-Value Customers
361,1969,Master,Partner,43142.0,1,1,2014-02-18,84,5,1,7,2,1,4,1,1,0,2,7,0,0,0,0,0,0,0,2,45,20,3,4,131,0.0,Lower-Value Customers
4310,1944,Graduation,Partner,80589.0,0,0,2014-01-22,25,507,93,520,242,40,26,1,5,10,5,1,0,0,0,1,0,0,1,0,70,1428,20,2,158,1.0,Higher-Value Customers
2678,1990,Graduation,Alone,34412.0,1,0,2013-02-13,62,52,12,50,4,36,55,3,5,0,3,9,0,0,0,0,0,0,0,1,24,209,8,2,501,0.0,Lower-Value Customers
6376,1979,Graduation,Alone,57537.0,1,0,2013-06-10,83,191,56,139,51,8,100,4,4,3,8,4,0,0,0,0,0,0,0,1,35,545,15,2,384,1.0,Higher-Value Customers
524,1966,Basic,Partner,22634.0,0,0,2013-01-16,47,2,23,11,8,6,46,1,2,1,2,8,0,0,0,0,0,0,0,0,48,96,5,2,529,0.0,Lower-Value Customers
10341,1948,Graduation,Partner,51315.0,0,0,2014-02-23,45,68,28,39,16,30,41,1,2,2,5,2,0,0,0,0,0,0,0,0,66,222,9,2,126,0.0,Lower-Value Customers
5654,1972,Graduation,Partner,36026.0,2,1,2014-03-16,34,20,4,10,6,4,17,2,2,0,3,6,0,0,0,0,0,0,0,3,42,61,5,5,105,0.0,Lower-Value Customers
4098,1973,Graduation,Partner,24639.0,1,1,2014-01-28,3,20,3,16,0,4,1,3,2,0,4,6,0,0,0,0,0,0,0,2,41,44,6,4,152,0.0,Lower-Value Customers
5824,1972,PhD,Partner,34578.0,2,1,2014-04-11,1,7,0,1,0,0,0,1,1,0,2,6,0,0,0,0,0,0,0,3,42,8,3,5,79,0.0,Lower-Value Customers
7000,1972,2n Cycle,Alone,65704.0,0,0,2013-10-13,18,279,172,74,38,8,246,1,2,10,10,1,0,0,0,0,0,0,0,0,42,817,22,1,259,1.0,Higher-Value Customers
2561,1966,Graduation,Alone,63810.0,0,1,2012-11-11,45,977,12,253,16,12,101,4,4,3,12,8,0,1,0,0,0,0,0,1,48,1371,19,2,595,1.0,Higher-Value Customers
5229,1969,PhD,Partner,54132.0,0,1,2014-02-16,81,30,1,8,0,0,3,1,1,0,3,7,0,0,0,0,0,0,0,1,45,42,4,3,133,0.0,Lower-Value Customers
4086,1959,Graduation,Partner,18690.0,0,0,2012-12-28,77,6,1,7,23,4,19,1,1,1,2,8,0,0,0,0,0,0,0,0,55,60,4,2,548,0.0,Lower-Value Customers
2428,1970,Graduation,Partner,28164.0,1,0,2013-05-04,23,3,18,26,11,8,12,3,2,0,4,7,0,0,0,0,0,0,0,1,44,78,6,3,421,0.0,Lower-Value Customers
8254,1974,PhD,Partner,34596.0,1,0,2013-04-13,48,14,0,2,0,0,7,1,1,0,2,8,0,0,0,0,0,0,0,1,40,23,3,3,442,0.0,Lower-Value Customers
2836,1972,PhD,Partner,43269.0,1,0,2013-09-16,61,10,1,7,0,0,1,1,1,0,2,8,0,0,0,0,0,0,0,1,42,19,3,3,286,0.0,Lower-Value Customers
8418,1958,2n Cycle,Alone,38741.0,1,1,2014-03-30,60,7,10,17,8,6,13,2,2,0,3,7,0,0,0,0,0,0,0,2,56,61,5,3,91,0.0,Lower-Value Customers
1362,1972,Graduation,Alone,31907.0,0,0,2013-03-04,75,33,87,64,175,16,74,1,6,1,6,7,0,0,0,0,0,0,0,0,42,449,13,1,482,0.0,Lower-Value Customers
7152,1983,Master,Partner,27100.0,1,0,2013-04-05,64,12,0,13,2,0,10,1,1,0,3,7,0,0,0,0,0,0,0,1,31,37,4,3,450,0.0,Lower-Value Customers
10033,1973,2n Cycle,Alone,31163.0,1,0,2014-02-13,54,2,3,10,11,2,10,1,1,0,3,6,0,0,0,0,0,0,0,1,41,38,4,2,136,0.0,Lower-Value Customers
9349,1985,Graduation,Partner,92533.0,0,0,2013-12-19,84,693,21,118,110,147,42,1,6,5,11,2,0,0,1,1,0,0,0,0,29,1131,22,2,192,1.0,Higher-Value Customers
274,1973,Graduation,Alone,34853.0,1,1,2013-12-23,75,9,3,15,2,3,2,2,2,0,3,6,0,0,0,0,0,0,0,2,41,34,5,3,188,0.0,Lower-Value Customers
3388,1967,Graduation,Alone,70844.0,1,1,2013-10-30,16,129,26,67,3,67,2,5,6,1,5,7,0,0,0,0,0,0,0,2,47,294,12,3,242,0.0,Lower-Value Customers
922,1979,2n Cycle,Partner,31086.0,1,1,2013-05-04,79,16,2,11,3,0,16,2,1,1,2,8,1,0,0,0,0,0,0,2,35,48,4,4,421,0.0,Lower-Value Customers
8588,1961,Graduation,Partner,60544.0,1,1,2012-08-25,92,201,2,43,3,5,35,4,5,1,5,6,0,0,0,0,0,0,0,2,53,289,11,4,673,0.0,Lower-Value Customers
2518,1986,2n Cycle,Partner,20491.0,0,0,2013-01-25,16,5,4,5,4,2,10,1,0,1,2,7,0,0,0,0,0,0,0,0,28,30,3,2,520,0.0,Lower-Value Customers
574,1964,Graduation,Partner,42523.0,0,0,2014-04-23,96,14,36,11,3,26,35,1,1,1,4,2,0,0,0,0,0,0,0,0,50,125,6,2,67,0.0,Lower-Value Customers
3220,1983,Graduation,Partner,39922.0,1,0,2013-02-14,30,29,12,59,19,1,36,2,3,0,4,8,0,0,0,0,0,0,0,1,31,156,7,3,500,0.0,Lower-Value Customers
5967,1952,Graduation,Partner,33402.0,1,1,2013-07-18,60,26,2,19,10,5,8,3,2,1,3,8,0,0,0,0,0,0,0,2,62,70,6,4,346,0.0,Lower-Value Customers
1183,1949,Master,Partner,36408.0,1,1,2013-09-21,11,9,1,4,3,2,3,1,1,0,2,6,0,0,0,0,0,0,0,2,65,22,3,4,281,0.0,Lower-Value Customers
6856,1979,Graduation,Partner,21645.0,1,0,2012-09-03,75,14,0,23,4,5,19,3,3,0,3,9,0,0,0,0,0,0,1,1,35,65,6,3,664,0.0,Lower-Value Customers
4530,1948,Master,Alone,78427.0,0,0,2012-10-24,36,972,19,595,180,26,138,3,3,7,10,3,0,0,0,1,0,0,1,0,66,1930,20,1,613,1.0,Higher-Value Customers
1553,1946,Graduation,Partner,82657.0,0,0,2013-09-27,71,966,168,672,246,105,126,1,7,5,10,4,0,1,0,1,0,0,0,0,68,2283,22,2,275,1.0,Higher-Value Customers
4682,1958,Graduation,Partner,51876.0,0,0,2013-10-15,88,99,27,102,28,48,6,1,2,2,8,1,0,0,0,0,0,0,0,0,56,310,12,2,257,0.0,Lower-Value Customers
8204,1971,2n Cycle,Partner,78041.0,0,0,2012-12-16,93,482,35,553,72,160,17,1,4,4,9,2,0,0,0,0,0,0,0,0,43,1319,17,2,560,1.0,Higher-Value Customers
5221,1957,Graduation,Partner,52852.0,0,1,2012-12-01,93,714,8,99,11,0,47,4,10,7,5,8,1,0,0,0,0,0,0,1,57,879,22,3,575,1.0,Higher-Value Customers
1232,1982,PhD,Partner,70038.0,0,0,2013-10-25,54,587,54,348,71,54,130,1,4,4,8,2,0,0,0,0,0,0,0,0,32,1244,16,2,247,1.0,Higher-Value Customers
1927,1973,2n Cycle,Partner,69401.0,0,1,2014-03-23,41,399,27,159,58,8,39,4,4,4,5,2,0,0,0,0,0,0,0,1,41,690,13,3,98,1.0,Higher-Value Customers
5788,1972,Graduation,Partner,46053.0,1,0,2013-02-17,46,56,10,92,19,7,25,3,3,2,4,5,0,0,0,0,0,0,0,1,42,209,9,3,497,0.0,Lower-Value Customers
6652,1965,Graduation,Partner,77343.0,0,0,2014-06-09,28,227,151,573,98,54,31,1,3,4,9,1,0,0,0,0,0,0,0,0,49,1134,16,2,20,1.0,Higher-Value Customers
6246,1953,Graduation,Alone,73892.0,0,0,2013-11-13,40,703,102,601,0,58,43,1,3,11,8,1,0,0,0,0,0,0,1,0,61,1507,22,1,228,1.0,Higher-Value Customers
5975,1967,PhD,Alone,40304.0,1,0,2013-09-30,82,37,0,17,0,0,3,1,2,0,3,7,0,0,0,0,0,0,0,1,47,57,5,2,272,0.0,Lower-Value Customers
6875,1965,PhD,Partner,32727.0,0,0,2012-08-28,38,167,13,180,86,13,70,2,7,3,5,8,0,0,0,0,0,0,0,0,49,529,15,2,670,0.0,Lower-Value Customers
4399,1969,Graduation,Partner,68695.0,0,0,2014-06-25,3,458,81,356,106,50,40,1,4,4,7,2,0,0,0,0,0,0,0,0,45,1091,15,2,4,1.0,Higher-Value Customers
4042,1971,Graduation,Alone,43300.0,0,1,2012-10-13,87,91,3,52,2,1,31,3,4,0,4,8,0,0,0,0,0,0,1,1,43,180,8,2,624,0.0,Lower-Value Customers
2157,1972,Graduation,Partner,26290.0,1,1,2013-01-12,49,15,8,16,11,5,22,4,2,0,4,6,0,0,0,0,0,0,0,2,42,77,6,4,533,0.0,Lower-Value Customers
10133,1970,Graduation,Alone,93790.0,0,0,2014-02-12,16,1302,68,731,89,114,45,0,6,7,12,2,0,1,1,1,0,0,1,0,44,2349,25,1,137,1.0,Higher-Value Customers
2525,1974,PhD,Partner,38410.0,0,0,2012-09-14,65,153,64,123,116,64,14,2,5,2,9,6,0,0,0,0,0,0,1,0,40,534,16,2,653,1.0,Higher-Value Customers
8233,1950,Master,Alone,64866.0,0,1,2014-01-26,9,508,5,21,7,5,10,4,7,3,7,5,0,1,0,0,0,0,0,1,64,556,17,2,154,1.0,Higher-Value Customers
9483,1959,Graduation,Partner,57957.0,0,1,2013-08-19,24,290,59,177,77,5,29,7,4,6,8,3,0,0,0,0,0,1,0,1,55,637,18,3,314,1.0,Higher-Value Customers
2945,1955,PhD,Partner,46015.0,1,1,2014-04-13,25,38,0,2,0,0,6,1,1,0,3,7,1,0,0,0,1,0,0,2,59,46,4,4,77,0.0,Lower-Value Customers
10403,1978,Graduation,Partner,16531.0,1,0,2014-06-18,43,2,13,6,7,5,11,3,3,0,3,7,0,0,0,0,0,0,0,1,36,44,6,3,11,0.0,Lower-Value Customers
5074,1986,Master,Partner,28072.0,1,0,2013-07-08,10,30,0,10,2,0,5,1,1,0,3,7,0,0,0,0,0,0,0,1,28,47,4,3,356,0.0,Lower-Value Customers
10524,1963,Master,Alone,49476.0,0,1,2013-06-20,29,386,23,95,54,41,196,4,2,11,5,2,0,0,0,0,0,0,0,1,51,795,18,2,374,1.0,Higher-Value Customers
4690,1953,Graduation,Partner,50725.0,0,1,2013-02-13,45,443,10,75,0,10,48,4,8,1,8,8,0,0,0,0,0,0,0,1,61,586,17,3,501,1.0,Higher-Value Customers
7521,1952,Graduation,Partner,83844.0,0,0,2013-05-12,57,901,31,345,75,31,191,1,4,4,11,1,0,0,1,0,0,0,0,0,62,1574,19,2,413,1.0,Higher-Value Customers
7196,1950,PhD,Partner,41145.0,1,1,2014-02-08,20,9,0,3,0,0,1,1,0,0,3,3,0,0,0,0,0,0,0,2,64,13,3,4,141,0.0,Lower-Value Customers
4406,1970,Graduation,Partner,67419.0,0,1,2013-01-16,29,846,84,352,91,56,42,4,9,4,8,5,0,0,0,0,0,0,0,1,44,1471,21,3,529,1.0,Higher-Value Customers
9672,1970,2n Cycle,Partner,23162.0,1,1,2013-12-21,82,8,3,9,19,4,22,3,1,1,3,6,0,0,0,0,0,0,0,2,44,65,5,4,190,0.0,Lower-Value Customers
4864,1977,Graduation,Partner,34380.0,1,0,2013-05-02,68,72,7,58,13,1,24,4,4,1,3,8,0,0,0,0,0,0,0,1,37,175,8,3,423,0.0,Lower-Value Customers
4706,1966,Graduation,Alone,34704.0,0,1,2013-04-27,65,29,0,5,0,1,5,1,1,0,3,5,0,0,0,0,0,0,0,1,48,40,4,2,428,0.0,Lower-Value Customers
4070,1969,PhD,Partner,94871.0,0,2,2012-09-01,99,169,24,553,188,0,144,1,8,5,4,7,0,1,1,0,0,0,1,2,45,1078,17,4,666,1.0,Higher-Value Customers
25,1958,Graduation,Partner,65148.0,0,1,2012-11-16,9,460,35,422,33,12,153,2,6,6,7,4,0,0,0,0,0,0,0,1,56,1115,19,3,590,1.0,Higher-Value Customers
3697,1954,Graduation,Partner,39898.0,0,1,2013-02-12,20,69,8,26,12,7,12,2,3,0,4,7,0,0,0,0,0,0,0,1,60,134,7,3,502,0.0,Lower-Value Customers
217,1956,Master,Alone,64857.0,0,0,2012-11-23,78,556,14,717,210,0,43,1,7,5,10,4,0,0,0,0,0,0,0,0,58,1540,22,1,583,1.0,Higher-Value Customers
4220,1970,PhD,Partner,59892.0,0,1,2013-11-02,26,73,0,13,0,1,0,1,2,1,3,3,0,0,0,0,0,0,0,1,44,87,6,3,239,0.0,Lower-Value Customers
5286,1987,Master,Alone,41020.0,0,0,2013-10-28,68,112,1,54,7,7,36,1,3,2,4,3,0,0,0,0,0,0,0,0,27,217,9,1,244,0.0,Lower-Value Customers
9559,1961,PhD,Partner,57072.0,0,1,2014-01-24,79,944,0,60,0,0,30,2,7,5,13,5,1,0,0,0,0,0,0,1,53,1034,25,3,156,1.0,Higher-Value Customers
2849,1979,Graduation,Alone,60474.0,0,1,2013-04-01,25,265,199,303,234,9,170,7,10,2,12,7,0,0,0,0,0,0,0,1,35,1180,24,2,454,1.0,Higher-Value Customers
7787,1960,Graduation,Partner,62807.0,0,1,2012-08-31,83,526,28,135,10,21,99,3,5,3,12,5,0,0,0,0,0,0,0,1,54,819,20,3,667,1.0,Higher-Value Customers
3102,1981,2n Cycle,Partner,19414.0,1,0,2013-10-16,32,2,3,12,3,5,7,1,1,0,3,8,0,0,0,0,0,0,0,1,33,32,4,3,256,0.0,Lower-Value Customers
5868,1980,Graduation,Partner,19107.0,1,0,2013-08-22,49,2,4,9,10,5,16,2,1,0,3,7,0,0,0,0,0,0,0,1,34,46,4,3,311,0.0,Lower-Value Customers
8370,1976,2n Cycle,Partner,75484.0,0,1,2012-08-02,50,378,97,259,197,194,34,2,7,3,6,4,0,0,0,0,0,0,0,1,38,1159,16,3,696,1.0,Higher-Value Customers
9988,1976,Master,Alone,70379.0,0,1,2013-03-03,84,553,25,142,65,67,8,3,6,3,13,4,0,0,0,0,0,0,0,1,38,860,22,2,483,1.0,Higher-Value Customers
2939,1970,Master,Partner,79419.0,0,0,2014-06-22,96,751,127,687,20,15,31,1,4,6,4,2,0,0,0,0,0,0,0,0,44,1631,14,2,7,1.0,Higher-Value Customers
5529,1946,PhD,Partner,64014.0,2,1,2014-06-10,56,406,0,30,0,0,8,7,8,2,5,7,0,0,0,1,0,0,0,3,68,444,15,5,19,1.0,Higher-Value Customers
9743,1955,Graduation,Partner,76998.0,0,1,2013-01-11,85,1449,89,161,69,35,107,2,11,8,8,6,0,0,1,0,0,0,0,1,59,1910,27,3,534,1.0,Higher-Value Customers
5763,1972,Master,Partner,49854.0,1,0,2013-11-10,63,123,17,171,39,0,30,5,6,2,5,6,0,0,0,0,0,0,0,1,42,380,13,3,231,0.0,Lower-Value Customers
3478,1971,PhD,Partner,60585.0,1,1,2013-06-24,17,267,42,309,55,42,21,10,7,4,9,5,0,0,0,0,0,0,1,2,43,736,20,4,370,1.0,Higher-Value Customers
7494,1950,PhD,Alone,42873.0,1,1,2013-01-21,11,209,0,40,3,2,15,4,6,1,4,8,0,0,0,0,0,0,0,2,64,269,11,3,524,0.0,Lower-Value Customers
1763,1988,Graduation,Partner,87679.0,0,0,2013-07-27,62,1259,172,815,97,148,33,1,7,11,10,4,1,0,1,1,0,0,1,0,26,2524,28,2,337,1.0,Higher-Value Customers
7250,1978,Graduation,Partner,57867.0,1,0,2013-10-01,48,344,35,178,15,23,17,7,7,2,9,6,0,0,0,0,0,0,0,1,36,612,18,3,271,1.0,Higher-Value Customers
2005,1990,Graduation,Partner,35765.0,1,0,2013-12-11,86,22,3,30,0,5,15,2,2,0,4,6,0,0,0,0,0,0,0,1,24,75,6,3,200,0.0,Lower-Value Customers
10770,1959,Graduation,Partner,65492.0,0,0,2014-01-26,73,247,161,295,210,85,47,2,4,7,13,2,0,0,0,0,0,0,0,0,55,1045,24,2,154,1.0,Higher-Value Customers
6885,1977,Graduation,Alone,32952.0,1,0,2013-12-01,36,38,0,12,3,1,1,1,2,0,3,7,0,0,0,0,0,0,0,1,37,55,5,2,210,0.0,Lower-Value Customers
2072,1969,PhD,Partner,53374.0,0,1,2012-08-16,34,896,10,101,13,10,34,6,4,2,9,9,1,0,0,0,0,0,1,1,45,1064,15,3,682,1.0,Higher-Value Customers
9463,1959,Graduation,Partner,71706.0,0,1,2012-11-13,16,931,56,253,91,98,14,4,9,5,7,5,0,0,0,0,0,0,0,1,55,1443,21,3,593,1.0,Higher-Value Customers
6318,1988,Graduation,Partner,68487.0,0,0,2013-01-13,48,758,12,385,33,89,89,1,9,7,13,4,0,0,0,0,0,0,0,0,26,1366,29,2,532,1.0,Higher-Value Customers
4093,1975,Master,Partner,53253.0,1,1,2013-02-11,61,216,9,57,20,9,125,7,4,3,5,5,0,0,0,0,0,0,0,2,39,436,12,4,503,0.0,Lower-Value Customers
5751,1973,2n Cycle,Alone,31163.0,1,0,2014-02-13,54,2,3,10,11,2,10,1,1,0,3,6,0,0,0,0,0,0,0,1,41,38,4,2,136,0.0,Lower-Value Customers
3340,1977,Graduation,Partner,42014.0,1,0,2012-08-17,56,244,15,108,4,15,50,6,7,1,6,8,0,0,0,0,0,0,1,1,37,436,14,3,681,0.0,Lower-Value Customers
3594,1973,Master,Partner,54108.0,1,1,2012-11-05,74,539,6,91,8,6,97,13,8,2,9,8,0,0,0,0,0,0,0,2,41,747,19,4,601,1.0,Higher-Value Customers
3584,1955,PhD,Alone,49667.0,0,0,2012-08-20,35,1181,26,120,17,13,39,2,5,10,5,8,1,0,0,0,0,0,1,0,59,1396,20,1,678,1.0,Higher-Value Customers
3643,1974,Master,Partner,63206.0,0,0,2014-03-20,65,750,8,125,11,8,26,1,4,3,6,2,0,0,1,0,0,0,0,0,40,928,13,2,101,1.0,Higher-Value Customers
851,1972,Master,Partner,57136.0,1,1,2013-07-09,48,306,5,109,21,109,92,9,5,2,10,6,0,0,0,0,0,0,0,2,42,642,17,4,355,1.0,Higher-Value Customers
7706,1975,2n Cycle,Partner,46772.0,0,1,2012-11-07,88,350,104,189,197,151,57,6,11,8,5,8,1,0,0,0,0,0,0,1,39,1048,24,3,599,1.0,Higher-Value Customers
3967,1971,PhD,Partner,78931.0,0,0,2013-10-25,19,331,197,170,58,152,35,1,2,8,13,1,0,0,0,0,0,0,0,0,43,943,23,2,247,1.0,Higher-Value Customers
10128,1958,Graduation,Partner,53977.0,0,1,2013-06-08,21,620,16,165,0,24,82,5,5,5,12,5,0,0,0,0,0,0,0,1,56,907,22,3,386,1.0,Higher-Value Customers
486,1988,Graduation,Partner,84219.0,0,0,2014-02-02,27,434,137,400,45,137,45,1,3,4,10,1,0,0,0,0,0,0,0,0,26,1198,17,2,147,1.0,Higher-Value Customers
9,1975,Master,Alone,46098.0,1,1,2012-08-18,86,57,0,27,0,0,36,4,3,2,2,8,0,0,0,0,0,0,0,2,39,120,7,3,680,0.0,Lower-Value Customers
9451,1965,Graduation,Partner,73538.0,0,1,2012-11-25,92,811,76,428,99,137,107,3,10,4,9,7,0,0,0,0,0,0,0,1,49,1658,23,3,581,1.0,Higher-Value Customers
9264,1986,Graduation,Partner,79529.0,0,0,2014-04-27,1,423,42,706,73,197,197,1,4,8,9,2,0,0,0,0,0,0,0,0,28,1638,21,2,63,1.0,Higher-Value Customers
3865,1977,2n Cycle,Partner,20981.0,0,0,2013-04-30,14,2,12,10,6,13,30,1,3,1,2,8,0,0,0,0,0,0,1,0,37,73,6,2,425,0.0,Lower-Value Customers
2853,1980,Graduation,Alone,51766.0,1,0,2014-03-11,74,60,51,87,6,20,51,2,4,2,4,5,0,0,0,0,0,0,0,1,34,275,10,2,110,0.0,Lower-Value Customers
1490,1962,Graduation,Partner,55759.0,0,1,2012-11-28,84,675,0,85,10,7,77,5,10,3,8,8,0,0,0,0,0,0,0,1,52,854,21,3,578,1.0,Higher-Value Customers
6310,1978,Graduation,Partner,33039.0,1,0,2013-09-09,4,30,8,12,8,8,12,1,2,0,4,5,0,0,0,0,0,0,0,1,36,78,6,3,293,0.0,Lower-Value Customers
10380,1972,Master,Partner,37787.0,1,0,2013-09-20,50,40,1,40,4,3,18,1,3,0,3,8,0,0,0,0,0,0,0,1,42,106,6,3,282,0.0,Lower-Value Customers
3887,1970,Graduation,Alone,27242.0,1,0,2012-11-11,2,3,17,26,20,1,39,2,2,0,3,9,0,0,0,0,0,0,1,1,44,106,5,2,595,0.0,Lower-Value Customers
4278,1983,PhD,Alone,87188.0,0,0,2013-06-03,73,910,111,724,49,74,55,1,10,2,6,3,0,0,0,0,0,0,1,0,31,1923,18,1,391,1.0,Higher-Value Customers
8643,1971,Graduation,Partner,69930.0,0,0,2013-05-26,21,252,98,827,219,70,196,1,4,5,12,3,0,0,0,0,0,0,0,0,43,1662,21,2,399,1.0,Higher-Value Customers
1998,1976,Graduation,Alone,37697.0,1,0,2014-02-07,82,34,6,21,11,4,8,1,2,1,3,6,0,0,0,0,0,0,0,1,38,84,6,2,142,0.0,Lower-Value Customers
10795,1973,PhD,Partner,37401.0,1,0,2014-05-06,14,19,3,19,3,1,3,2,2,0,3,7,0,0,0,0,0,0,0,1,41,48,5,3,54,0.0,Lower-Value Customers
11110,1973,Graduation,Alone,3502.0,1,0,2013-04-13,56,2,1,1,0,0,1,0,0,0,0,14,0,0,0,0,0,0,0,1,41,5,0,2,442,0.0,Lower-Value Customers
2408,1976,Graduation,Partner,58597.0,1,1,2012-11-20,20,490,0,184,10,28,21,12,7,4,9,7,0,0,0,0,0,0,0,2,38,733,20,4,586,1.0,Higher-Value Customers
202,1948,PhD,Alone,82032.0,0,0,2014-04-05,54,332,194,377,149,125,57,0,4,6,7,1,0,0,0,0,0,0,0,0,66,1234,17,1,85,1.0,Higher-Value Customers
7998,1958,Graduation,Partner,28087.0,1,1,2012-12-11,77,53,8,17,13,0,21,3,2,2,2,7,0,0,0,0,0,0,0,2,56,112,6,4,565,0.0,Lower-Value Customers
830,1987,PhD,Alone,74004.0,0,0,2014-02-24,5,784,48,560,42,176,48,1,4,6,4,3,0,0,1,1,0,0,1,0,27,1658,14,1,125,1.0,Higher-Value Customers
3536,1960,Graduation,Partner,19740.0,0,1,2013-03-24,65,7,11,3,10,4,20,2,1,1,3,5,0,0,0,0,0,0,0,1,54,55,5,3,462,0.0,Lower-Value Customers
6050,1975,2n Cycle,Partner,57036.0,0,1,2012-12-11,33,1171,43,219,19,14,47,4,6,3,13,9,1,0,0,0,0,0,0,1,39,1513,22,3,565,1.0,Higher-Value Customers
125,1958,2n Cycle,Partner,53083.0,1,1,2013-05-15,65,215,7,33,3,0,13,6,5,1,5,7,0,1,0,0,0,0,0,2,56,271,11,4,410,0.0,Lower-Value Customers
3463,1975,PhD,Partner,69283.0,0,1,2014-06-14,41,674,62,134,0,26,8,4,7,3,13,5,0,0,0,0,0,0,0,1,39,904,23,3,15,1.0,Higher-Value Customers
2804,1975,Master,Alone,46098.0,1,1,2012-08-18,86,57,0,27,0,0,36,4,3,2,2,8,0,0,0,0,0,0,1,2,39,120,7,3,680,0.0,Lower-Value Customers
3745,1988,2n Cycle,Partner,23331.0,1,0,2012-09-04,92,5,36,7,0,10,45,2,3,0,3,8,0,0,0,0,0,0,0,1,26,103,6,3,663,0.0,Lower-Value Customers
9771,1988,2n Cycle,Alone,23331.0,1,0,2012-10-05,97,104,20,101,24,15,5,6,5,1,5,9,0,0,0,0,0,0,0,1,26,269,11,2,632,0.0,Lower-Value Customers
451,1989,Graduation,Alone,9255.0,1,0,2013-12-20,91,9,0,7,2,0,4,1,1,1,2,8,0,0,0,0,0,0,0,1,25,22,4,2,191,0.0,Lower-Value Customers
10530,1959,PhD,Alone,67786.0,0,0,2013-12-07,0,431,82,441,80,20,102,1,3,6,6,1,0,0,0,0,0,0,1,0,55,1156,15,1,204,1.0,Higher-Value Customers
1079,1971,PhD,Partner,71969.0,0,1,2012-10-16,59,1000,0,76,0,0,10,3,3,4,9,8,0,1,0,0,0,0,0,1,43,1086,16,3,621,1.0,Higher-Value Customers
8920,1967,Master,Alone,59235.0,1,0,2013-01-12,4,448,40,469,80,0,91,3,11,2,12,7,0,0,0,0,0,0,0,1,47,1128,25,2,533,1.0,Higher-Value Customers
6678,1989,Graduation,Partner,31928.0,1,0,2014-03-28,5,33,4,24,4,2,5,2,3,0,4,7,0,0,0,0,0,0,0,1,25,72,7,3,93,0.0,Lower-Value Customers
3852,1961,Master,Partner,74881.0,1,1,2013-03-08,48,505,72,270,36,27,54,4,9,2,12,5,0,0,0,0,0,0,0,2,53,964,23,4,478,1.0,Higher-Value Customers
528,1978,Graduation,Partner,65819.0,0,0,2012-11-29,99,267,38,701,149,165,63,1,5,4,10,3,0,0,0,0,0,0,0,0,36,1383,19,2,577,1.0,Higher-Value Customers
73,1953,PhD,Alone,51411.0,1,2,2013-05-26,81,14,0,3,0,0,1,1,0,0,3,5,0,0,0,0,0,0,0,3,61,18,3,4,399,0.0,Lower-Value Customers
5589,1964,Graduation,Alone,51983.0,0,1,2012-08-31,95,631,0,115,10,7,30,3,9,2,10,7,0,0,0,0,0,0,0,1,50,793,21,2,667,1.0,Higher-Value Customers
10212,1986,Master,Partner,42386.0,1,0,2013-01-13,43,65,4,16,0,4,11,1,3,0,3,8,0,0,0,0,0,0,0,1,28,100,6,3,532,0.0,Lower-Value Customers
6365,1987,2n Cycle,Partner,30390.0,0,0,2013-09-02,5,10,12,12,25,1,20,1,2,0,3,6,0,0,0,0,0,0,0,0,27,80,5,2,300,0.0,Lower-Value Customers
5636,1963,Graduation,Alone,30983.0,0,0,2012-11-09,50,51,4,50,12,1,49,1,4,0,3,8,0,0,0,0,0,0,1,0,51,167,7,1,597,0.0,Lower-Value Customers
591,1957,Graduation,Alone,66033.0,0,1,2013-01-20,76,293,35,179,46,59,65,2,8,3,7,7,0,0,0,0,0,0,0,1,57,677,18,2,525,1.0,Higher-Value Customers
2217,1975,2n Cycle,Partner,37284.0,1,1,2013-03-29,46,11,1,2,2,1,6,1,0,0,3,6,0,0,0,0,0,0,0,2,39,23,3,4,457,0.0,Lower-Value Customers
2544,1951,Master,Alone,57530.0,0,1,2013-10-12,68,50,1,27,6,7,1,1,1,1,4,1,0,0,0,0,0,0,0,1,63,92,6,2,260,0.0,Lower-Value Customers
7725,1965,2n Cycle,Partner,76800.0,0,0,2014-03-08,33,173,26,255,35,71,81,1,4,4,7,1,0,0,0,0,0,0,0,0,49,641,15,2,113,1.0,Higher-Value Customers
8091,1956,Graduation,Partner,63943.0,0,1,2012-09-02,50,423,184,368,13,97,21,1,6,4,6,5,0,0,0,0,0,0,0,1,58,1106,16,3,665,1.0,Higher-Value Customers
7321,1962,Graduation,Partner,76081.0,0,0,2014-05-23,85,292,30,415,63,33,200,1,4,5,4,2,0,0,0,1,0,0,0,0,52,1033,13,2,37,1.0,Higher-Value Customers
5462,1974,Graduation,Partner,67445.0,0,1,2012-08-12,63,757,80,217,29,80,11,5,9,6,12,6,0,0,0,0,0,0,0,1,40,1174,27,3,686,1.0,Higher-Value Customers
7791,1967,Master,Partner,37054.0,1,1,2013-09-15,89,12,1,6,0,1,5,2,1,0,3,7,0,0,0,0,0,0,0,2,47,25,4,4,287,0.0,Lower-Value Customers
955,1962,Master,Partner,47175.0,1,1,2012-10-28,81,167,2,44,6,2,19,7,4,2,4,8,1,0,0,0,0,0,1,2,52,240,10,4,609,0.0,Lower-Value Customers
4037,1976,Graduation,Alone,31859.0,1,0,2013-06-14,77,3,1,3,8,0,5,1,1,0,2,7,0,0,0,0,0,0,0,1,38,20,3,2,380,0.0,Lower-Value Customers
6642,1961,Graduation,Alone,27215.0,2,1,2013-01-23,50,30,5,22,8,9,28,4,2,1,4,6,0,0,0,0,0,0,0,3,53,102,7,4,522,0.0,Lower-Value Customers
2793,1976,PhD,Alone,70179.0,0,1,2013-07-21,10,532,88,168,69,44,133,3,7,3,13,5,0,0,0,0,0,0,0,1,38,1034,23,2,343,1.0,Higher-Value Customers
5424,1983,Graduation,Partner,39922.0,1,0,2013-02-14,30,29,12,59,19,1,36,2,3,0,4,8,0,0,0,0,0,0,0,1,31,156,7,3,500,0.0,Lower-Value Customers
879,1976,Master,Partner,49681.0,0,2,2013-11-04,66,411,0,26,0,0,21,6,7,1,7,7,0,0,0,0,0,0,0,2,38,458,15,4,237,1.0,Higher-Value Customers
9530,1988,Graduation,Partner,24645.0,1,0,2012-11-01,16,5,3,4,4,1,0,1,1,0,2,8,0,0,0,0,0,0,0,1,26,17,3,3,605,0.0,Lower-Value Customers
4828,1954,Graduation,Alone,79865.0,0,1,2014-06-18,12,71,99,278,185,121,38,1,5,10,5,1,0,0,0,0,0,0,0,1,60,792,20,2,11,1.0,Higher-Value Customers
10699,1985,Graduation,Partner,44322.0,1,0,2014-06-16,30,46,0,40,3,0,3,2,3,0,3,8,0,0,0,0,0,0,0,1,29,92,6,3,13,0.0,Lower-Value Customers
1497,1952,Graduation,Alone,47958.0,0,1,2013-01-19,8,268,11,88,15,3,22,2,6,3,5,5,0,0,0,0,0,0,0,1,62,407,14,2,526,0.0,Lower-Value Customers
7476,1964,Master,Alone,63972.0,0,1,2012-12-02,93,928,63,254,0,12,12,4,5,4,10,4,0,1,0,0,0,0,0,1,50,1269,19,2,574,1.0,Higher-Value Customers
4390,1954,Graduation,Partner,75315.0,0,1,2014-04-15,14,459,15,171,142,23,31,2,5,4,12,2,0,0,0,0,0,0,0,1,60,841,21,3,75,1.0,Higher-Value Customers
10478,1950,PhD,Partner,55517.0,1,1,2012-09-27,53,483,0,108,0,6,36,5,11,1,6,9,0,0,0,0,0,0,1,2,64,633,18,4,640,1.0,Higher-Value Customers
1081,1957,PhD,Partner,75283.0,1,2,2013-03-27,26,733,9,180,12,19,66,11,6,3,5,4,0,0,0,0,0,0,0,3,57,1019,14,5,459,1.0,Higher-Value Customers
4261,1946,PhD,Alone,82800.0,0,0,2012-11-24,23,1006,22,115,59,68,45,1,7,6,12,3,0,0,1,1,0,0,1,0,68,1315,25,1,582,1.0,Higher-Value Customers
9916,1954,Graduation,Partner,38998.0,1,1,2012-11-03,92,34,1,14,0,0,5,3,2,0,3,8,0,0,0,0,0,1,0,2,60,54,5,4,603,0.0,Lower-Value Customers
5350,1991,Master,Alone,90638.0,0,0,2014-02-13,29,1156,120,915,94,144,96,1,3,4,10,1,0,0,1,0,0,0,1,0,23,2525,17,1,136,1.0,Higher-Value Customers
8135,1986,Master,Partner,27161.0,1,0,2013-10-28,41,7,4,23,7,0,11,1,1,0,3,7,0,0,0,0,0,0,0,1,28,52,4,3,244,0.0,Lower-Value Customers
8685,1977,Graduation,Partner,42014.0,1,0,2012-08-17,56,244,15,108,4,15,50,6,7,1,6,8,0,0,0,0,0,0,1,1,37,436,14,3,681,0.0,Lower-Value Customers
4967,1960,PhD,Partner,38201.0,0,1,2013-03-29,19,233,0,23,0,0,12,4,5,1,5,8,0,0,0,0,0,0,0,1,54,268,11,3,457,0.0,Lower-Value Customers
2130,1982,Graduation,Partner,45203.0,2,0,2014-03-23,4,35,3,67,10,8,24,1,3,1,3,6,0,0,0,0,0,0,1,2,32,147,7,4,98,0.0,Lower-Value Customers
9298,1947,PhD,Partner,81574.0,0,0,2014-04-28,89,1252,0,465,46,35,0,1,4,5,8,1,0,1,1,0,0,0,0,0,67,1798,17,2,62,1.0,Higher-Value Customers
8175,1992,Graduation,Partner,34935.0,0,0,2013-06-21,71,34,4,66,3,10,20,1,2,1,4,7,0,0,0,0,0,0,0,0,22,137,7,2,373,0.0,Lower-Value Customers
6257,1976,Master,Alone,60482.0,0,1,2013-01-23,81,255,43,134,37,14,24,1,7,2,7,7,0,0,0,0,0,0,0,1,38,507,16,2,522,1.0,Higher-Value Customers
3790,1956,Graduation,Partner,34633.0,2,1,2014-01-23,31,8,1,5,0,0,1,1,1,0,2,6,0,0,0,0,0,0,0,3,58,15,3,5,157,0.0,Lower-Value Customers
9952,1947,Master,Partner,78093.0,0,0,2013-12-11,53,368,32,639,13,43,10,1,4,7,5,1,0,0,0,0,0,0,0,0,67,1105,16,2,200,1.0,Higher-Value Customers
3503,1950,Graduation,Alone,82460.0,0,0,2013-12-02,78,255,47,573,52,32,15,1,5,3,6,1,0,0,0,0,0,0,0,0,64,974,14,1,209,1.0,Higher-Value Customers
5223,1966,Master,Partner,45903.0,0,1,2014-04-23,80,33,8,10,2,10,3,2,2,1,3,4,0,0,0,0,0,0,0,1,48,66,6,3,67,0.0,Lower-Value Customers
4608,1987,Graduation,Alone,81361.0,0,0,2014-02-25,18,163,23,424,27,65,76,1,3,10,13,1,0,0,0,0,0,0,1,0,27,778,26,1,124,1.0,Higher-Value Customers
1626,1973,PhD,Alone,35860.0,1,1,2014-05-19,37,15,0,8,4,2,20,2,1,1,2,5,1,0,0,0,0,0,1,2,41,49,4,3,41,0.0,Lower-Value Customers
4764,1952,Master,Partner,40442.0,1,1,2012-08-19,52,45,12,52,25,22,13,4,3,1,4,7,0,0,0,0,0,0,1,2,62,169,8,4,679,0.0,Lower-Value Customers
2471,1965,Graduation,Partner,61482.0,0,0,2014-06-27,39,48,58,68,16,66,43,1,3,2,6,2,0,0,0,0,0,0,0,0,49,299,11,2,2,0.0,Lower-Value Customers
5892,1980,Graduation,Partner,34968.0,1,0,2013-04-10,11,158,6,45,8,2,2,7,3,2,5,7,0,0,0,0,0,0,0,1,34,221,10,3,445,0.0,Lower-Value Customers
2612,1987,Graduation,Partner,75794.0,0,0,2013-12-24,33,754,160,625,63,32,48,1,7,5,12,3,0,0,0,1,0,0,0,0,27,1682,24,2,187,1.0,Higher-Value Customers
4971,1962,PhD,Partner,31497.0,0,1,2012-12-06,22,108,1,28,13,1,4,2,3,1,4,8,0,0,0,0,0,0,0,1,52,155,8,3,570,0.0,Lower-Value Customers
5185,1955,Graduation,Partner,74268.0,0,0,2013-02-14,83,199,66,315,97,174,41,1,4,3,5,2,0,0,0,0,0,0,0,0,59,892,12,2,500,1.0,Higher-Value Customers
10069,1988,Basic,Partner,13724.0,1,0,2012-08-31,43,2,7,5,2,15,27,1,2,0,2,9,1,0,0,0,0,0,0,1,26,58,4,3,667,0.0,Lower-Value Customers
2262,1965,Master,Partner,45143.0,0,1,2013-08-26,74,202,5,74,11,5,14,3,6,1,5,7,0,0,0,0,0,0,0,1,49,311,12,3,307,0.0,Lower-Value Customers
1131,1967,PhD,Alone,52569.0,0,1,2014-04-05,54,85,0,3,0,0,7,1,2,0,4,3,0,0,0,0,0,0,0,1,47,95,6,2,85,0.0,Lower-Value Customers
1041,1973,PhD,Alone,48432.0,0,1,2012-10-18,3,322,3,50,4,3,42,5,7,1,6,8,0,0,0,0,0,0,1,1,41,424,14,2,619,0.0,Lower-Value Customers
24,1960,Master,Partner,17144.0,1,1,2014-02-15,96,18,2,19,0,2,6,5,3,0,4,7,0,0,0,0,0,0,0,2,54,47,7,4,134,0.0,Lower-Value Customers
3409,1984,Graduation,Alone,36108.0,1,0,2013-10-15,68,141,8,129,3,11,47,3,7,1,4,9,1,0,0,0,0,0,0,1,30,339,12,2,257,0.0,Lower-Value Customers
7022,1971,Graduation,Partner,76445.0,1,0,2012-09-28,2,739,107,309,140,80,35,1,2,5,13,6,0,0,0,0,0,0,0,1,43,1410,20,3,639,1.0,Higher-Value Customers
7943,1975,PhD,Partner,36663.0,1,0,2014-04-25,40,18,0,6,3,3,5,1,1,1,3,2,0,0,0,0,0,0,0,1,39,35,5,3,65,0.0,Lower-Value Customers
5272,1965,Master,Partner,53843.0,0,1,2013-06-27,64,378,0,88,19,4,73,4,8,5,3,7,0,0,0,0,0,0,0,1,49,562,16,3,367,1.0,Higher-Value Customers
5453,1956,Master,Partner,90226.0,0,0,2012-09-26,26,1083,108,649,253,151,108,1,4,7,12,2,0,0,0,1,0,0,0,0,58,2352,23,2,641,1.0,Higher-Value Customers
2565,1955,Master,Alone,70638.0,0,0,2013-06-01,69,1016,12,215,16,12,63,1,4,5,10,3,0,1,0,0,0,0,0,0,59,1334,19,1,393,1.0,Higher-Value Customers
800,1960,Graduation,Partner,44512.0,1,1,2013-08-30,57,23,1,6,0,0,2,2,1,0,3,4,0,0,0,0,0,0,0,2,54,32,4,4,303,0.0,Lower-Value Customers
11092,1961,Graduation,Partner,27116.0,1,1,2014-03-02,78,12,1,21,2,2,3,2,2,0,3,7,0,0,0,0,0,0,0,2,53,41,5,4,119,0.0,Lower-Value Customers
5062,1963,PhD,Partner,54072.0,1,1,2013-07-27,71,35,0,4,0,0,0,1,2,0,2,8,0,0,0,0,0,0,0,2,51,39,4,4,337,0.0,Lower-Value Customers
8969,1977,Graduation,Partner,71855.0,0,1,2013-01-16,59,548,31,422,0,112,28,4,5,5,11,3,0,0,0,0,0,0,0,1,37,1141,21,3,529,1.0,Higher-Value Customers
4656,1990,2n Cycle,Alone,51250.0,1,0,2013-03-30,28,342,32,230,34,32,40,5,10,5,4,9,1,0,0,0,0,0,0,1,24,710,19,2,456,1.0,Higher-Value Customers
4480,1973,Master,Partner,60432.0,0,1,2014-03-09,61,365,3,15,4,3,11,5,7,2,5,6,0,0,0,0,0,0,0,1,41,401,14,3,112,1.0,Higher-Value Customers
9971,1964,PhD,Partner,65526.0,0,1,2014-04-11,22,397,19,69,12,0,9,1,4,4,8,2,0,0,0,0,0,0,0,1,50,506,16,3,79,1.0,Higher-Value Customers
6729,1988,Graduation,Alone,68655.0,0,0,2012-08-10,95,456,19,832,75,118,38,1,4,5,11,3,0,0,0,0,0,0,0,0,26,1538,20,1,688,1.0,Higher-Value Customers
1773,1978,2n Cycle,Partner,12393.0,0,0,2012-12-04,38,5,6,15,11,7,13,1,2,0,3,9,0,0,0,0,0,0,0,0,36,57,5,2,572,0.0,Lower-Value Customers
9242,1990,Graduation,Alone,64509.0,0,0,2013-08-17,19,836,185,575,24,25,77,1,6,3,9,4,1,0,0,0,0,0,1,0,24,1722,18,1,316,1.0,Higher-Value Customers
1764,1975,Graduation,Alone,33955.0,1,0,2013-08-09,92,100,2,128,23,7,10,4,5,1,5,8,0,0,0,0,0,0,0,1,39,270,11,2,324,0.0,Lower-Value Customers
6215,1977,Graduation,Partner,31353.0,1,1,2013-12-29,24,10,0,10,3,1,7,2,1,1,2,8,0,0,0,0,0,0,1,2,37,31,4,4,182,0.0,Lower-Value Customers
10099,1984,Graduation,Partner,55434.0,1,0,2013-10-05,21,238,115,215,169,69,76,3,5,3,13,4,0,0,0,0,0,0,0,1,30,882,21,3,267,1.0,Higher-Value Customers
5423,1983,Graduation,Partner,28359.0,1,0,2013-10-27,35,6,0,5,2,1,2,1,1,0,2,7,0,0,0,0,0,0,0,1,31,16,3,3,245,0.0,Lower-Value Customers
940,1987,Graduation,Alone,57100.0,1,0,2014-05-18,9,158,11,99,15,11,17,2,3,2,7,3,0,0,0,0,0,0,0,1,27,311,12,2,42,0.0,Lower-Value Customers
3011,1965,Graduation,Partner,69139.0,0,1,2014-01-27,23,86,12,75,33,15,6,1,4,1,5,4,0,0,0,0,0,0,0,1,49,227,10,3,153,0.0,Lower-Value Customers
3298,1956,Master,Partner,52973.0,0,1,2012-11-08,92,856,0,76,12,9,199,7,9,6,9,8,0,0,0,0,0,0,0,1,58,1152,24,3,598,1.0,Higher-Value Customers
8286,1965,PhD,Partner,51717.0,0,1,2013-08-20,55,98,1,17,0,1,5,1,3,0,4,7,0,1,0,0,0,0,0,1,49,122,7,3,313,0.0,Lower-Value Customers
9668,1971,Graduation,Partner,18793.0,1,0,2013-01-12,14,4,16,20,0,17,20,3,2,0,4,8,0,0,0,0,0,0,0,1,43,77,6,3,533,0.0,Lower-Value Customers
5120,1982,2n Cycle,Partner,66664.0,0,0,2012-09-25,78,398,96,447,220,96,32,1,5,7,6,3,0,0,0,0,0,0,0,0,32,1289,18,2,642,1.0,Higher-Value Customers
6097,1959,Graduation,Alone,50664.0,1,1,2013-01-16,64,313,8,104,6,4,126,9,8,1,6,9,0,0,0,0,0,0,0,2,55,561,15,3,529,1.0,Higher-Value Customers
7019,1963,Graduation,Partner,54414.0,1,1,2013-01-23,49,109,18,16,24,26,18,4,3,1,5,4,0,0,0,0,0,0,0,2,51,211,9,4,522,0.0,Lower-Value Customers
7408,1952,PhD,Partner,54549.0,0,1,2014-03-03,8,216,2,6,0,0,9,2,5,1,4,7,0,0,0,0,0,0,0,1,62,233,10,3,118,0.0,Lower-Value Customers
8041,1971,PhD,Alone,47111.0,0,1,2012-09-08,35,595,71,153,120,112,41,6,3,2,10,9,0,0,0,0,0,0,0,1,43,1092,15,2,659,1.0,Higher-Value Customers
252,1963,PhD,Alone,41003.0,0,0,2013-03-17,11,123,133,142,71,44,88,1,6,2,8,6,0,0,0,0,0,0,0,0,51,601,16,1,469,1.0,Higher-Value Customers
9986,1982,Graduation,Partner,19444.0,1,0,2014-02-22,8,16,0,23,3,2,10,3,4,1,2,7,0,0,0,0,0,0,1,1,32,54,7,3,127,0.0,Lower-Value Customers
3276,1976,2n Cycle,Partner,36301.0,1,0,2013-10-25,53,11,12,35,3,5,12,1,3,0,3,7,0,0,0,0,0,0,0,1,38,78,6,3,247,0.0,Lower-Value Customers
3859,1947,PhD,Partner,73059.0,0,1,2013-08-31,36,410,112,420,0,82,71,1,9,3,13,4,0,0,0,0,0,0,0,1,67,1095,25,3,302,1.0,Higher-Value Customers
3570,1969,PhD,Partner,42731.0,1,0,2013-10-21,64,159,2,51,6,2,24,3,4,1,5,5,0,0,0,0,0,0,0,1,45,244,10,3,251,0.0,Lower-Value Customers
3783,1959,PhD,Partner,52854.0,1,1,2014-03-24,43,105,0,10,0,1,0,2,2,1,4,5,0,0,0,0,0,0,0,2,55,116,7,4,97,0.0,Lower-Value Customers
10207,1978,Graduation,Partner,22775.0,1,0,2013-06-19,40,5,1,8,0,0,1,1,1,0,2,8,0,0,0,0,0,0,0,1,36,15,3,3,375,0.0,Lower-Value Customers
10906,1948,PhD,Partner,46681.0,0,2,2013-10-08,52,269,15,69,15,19,38,2,4,6,4,5,0,0,0,0,0,0,0,2,66,425,14,4,264,0.0,Lower-Value Customers
3427,1955,PhD,Partner,59821.0,0,1,2013-04-12,11,629,0,70,0,0,35,6,11,2,7,8,0,0,0,0,0,0,0,1,59,734,20,3,443,1.0,Higher-Value Customers
5209,1954,Graduation,Alone,50002.0,0,1,2013-06-17,21,443,5,71,21,16,82,2,8,2,7,7,0,0,0,0,0,0,0,1,60,638,17,2,377,1.0,Higher-Value Customers
10711,1945,Graduation,Partner,69755.0,0,0,2013-10-02,23,217,77,373,111,23,93,1,3,6,12,1,0,0,0,0,0,0,0,0,69,894,21,2,270,1.0,Higher-Value Customers
10785,1969,Graduation,Partner,44078.0,1,1,2014-06-19,17,24,1,10,2,0,4,2,2,0,3,5,0,0,0,0,0,0,0,2,45,41,5,4,10,0.0,Lower-Value Customers
2814,1976,Master,Partner,30560.0,1,0,2013-06-27,6,9,1,5,4,5,7,1,1,0,3,7,0,0,0,0,0,0,0,1,38,31,4,3,367,0.0,Lower-Value Customers
6866,1969,Master,Partner,35924.0,1,1,2014-03-23,56,8,0,14,2,3,7,1,1,0,3,5,0,0,0,0,0,0,0,2,45,34,4,4,98,0.0,Lower-Value Customers
1665,1964,PhD,Alone,64140.0,0,2,2013-09-23,71,1459,0,61,0,15,215,5,2,5,6,5,1,0,1,0,1,0,1,2,50,1750,13,3,279,1.0,Higher-Value Customers
6575,1981,Graduation,Partner,56386.0,1,1,2012-10-27,51,230,48,214,13,32,75,8,9,1,7,9,0,0,0,0,0,0,0,2,33,612,17,4,610,1.0,Higher-Value Customers
3829,1979,Basic,Partner,24594.0,1,0,2013-12-10,94,1,3,6,10,0,9,1,1,0,3,5,0,0,0,0,0,0,0,1,35,29,4,3,201,0.0,Lower-Value Customers
3091,1981,2n Cycle,Partner,75774.0,1,0,2014-05-02,27,340,21,134,258,14,56,1,7,5,8,4,0,0,0,0,0,0,0,1,33,823,20,3,58,1.0,Higher-Value Customers
10141,1960,Master,Alone,39228.0,0,0,2013-05-10,1,7,1,6,0,3,3,1,0,0,3,4,0,0,0,0,0,0,0,0,54,20,3,1,415,0.0,Lower-Value Customers
5177,1974,Master,Partner,58494.0,0,1,2013-12-12,56,298,7,68,4,0,19,2,6,2,6,6,0,0,0,0,0,0,0,1,40,396,14,3,199,1.0,Higher-Value Customers
7005,1981,Graduation,Alone,58684.0,0,0,2014-06-16,71,479,35,179,28,7,85,1,5,3,12,2,0,1,0,0,0,0,0,0,33,813,20,1,13,1.0,Higher-Value Customers
6409,1967,Graduation,Alone,57136.0,0,0,2013-05-18,18,267,140,599,34,12,127,1,7,5,7,6,0,0,0,0,0,0,1,0,47,1179,19,1,407,1.0,Higher-Value Customers
7485,1950,PhD,Alone,56551.0,1,1,2014-05-07,48,67,4,32,17,2,16,3,2,1,4,4,0,0,0,0,0,0,0,2,64,138,7,3,53,0.0,Lower-Value Customers
8079,1982,Graduation,Partner,22448.0,1,0,2014-02-26,86,3,1,8,23,2,18,3,2,1,3,3,0,0,0,0,0,0,0,1,32,55,6,3,123,0.0,Lower-Value Customers
8395,1961,Graduation,Alone,82014.0,0,0,2012-08-20,48,980,37,265,35,163,31,1,3,6,12,6,0,0,0,0,0,0,1,0,53,1511,21,1,678,1.0,Higher-Value Customers
10352,1963,Graduation,Alone,34213.0,1,1,2012-09-07,2,50,4,28,6,3,26,3,3,1,2,9,0,0,0,0,0,0,1,2,51,117,6,3,660,0.0,Lower-Value Customers
4931,1977,Graduation,Partner,157146.0,0,0,2013-04-29,13,1,0,1725,2,1,1,0,0,28,0,1,0,0,0,0,0,0,0,0,37,1730,28,2,426,1.0,Higher-Value Customers
13,1947,PhD,Alone,25358.0,0,1,2013-07-22,57,19,0,5,0,0,8,2,1,0,3,6,0,0,0,0,0,0,0,1,67,32,4,2,342,0.0,Lower-Value Customers
1834,1978,Master,Alone,35544.0,1,0,2014-03-08,77,30,5,23,4,1,4,1,2,0,3,7,0,0,0,0,0,0,0,1,36,67,5,2,113,0.0,Lower-Value Customers
2285,1954,Master,Partner,36634.0,0,1,2013-05-28,0,213,9,76,4,3,30,3,5,2,5,7,0,0,0,0,0,0,0,1,60,335,12,3,397,0.0,Lower-Value Customers
2295,1954,PhD,Partner,62670.0,0,1,2014-02-02,57,539,30,92,80,46,38,1,5,3,13,3,0,0,0,0,0,0,0,1,60,825,21,3,147,1.0,Higher-Value Customers
1378,1972,2n Cycle,Partner,50334.0,0,1,2013-07-24,24,284,16,160,84,16,134,6,7,4,6,6,0,0,0,0,0,0,0,1,42,694,17,3,340,1.0,Higher-Value Customers
2781,1981,Graduation,Alone,72066.0,0,0,2014-06-23,55,1003,34,536,134,51,34,1,4,6,6,2,0,0,1,1,0,0,1,0,33,1792,16,1,6,1.0,Higher-Value Customers
1165,1958,PhD,Alone,50729.0,1,1,2013-05-02,62,239,13,143,45,4,52,9,6,2,7,6,0,0,0,0,0,0,0,2,56,496,15,3,423,1.0,Higher-Value Customers
1404,1968,Graduation,Partner,34916.0,2,0,2013-05-15,89,51,23,82,33,0,42,4,5,1,3,9,0,0,0,0,0,0,0,2,46,231,9,4,410,0.0,Lower-Value Customers
6457,1976,Graduation,Alone,64892.0,0,1,2014-05-29,77,527,24,230,32,24,65,2,6,4,12,4,0,0,0,0,0,0,0,1,38,902,22,2,31,1.0,Higher-Value Customers
2639,1966,Graduation,Alone,43602.0,1,1,2014-01-10,45,19,5,12,10,3,19,3,3,1,2,6,0,0,0,0,0,0,0,2,48,68,6,3,170,0.0,Lower-Value Customers
8299,1989,PhD,Alone,33996.0,0,0,2013-09-11,46,40,2,15,8,0,6,1,1,1,3,4,0,0,0,0,0,0,0,0,25,71,5,1,291,0.0,Lower-Value Customers
6437,1985,2n Cycle,Alone,41473.0,1,0,2013-06-19,80,21,8,20,15,3,9,1,2,0,3,7,0,0,0,0,0,0,0,1,29,76,5,2,375,0.0,Lower-Value Customers
6912,1967,PhD,Partner,63246.0,0,2,2013-08-20,60,593,30,91,29,22,7,1,6,3,12,4,0,0,0,0,0,0,0,2,47,772,21,4,313,1.0,Higher-Value Customers
7327,1959,PhD,Partner,36732.0,1,1,2013-12-29,71,21,5,3,10,1,7,3,1,1,4,2,0,0,0,0,0,0,0,2,55,47,6,4,182,0.0,Lower-Value Customers
5299,1970,PhD,Partner,69084.0,1,0,2013-11-19,43,1181,107,199,39,30,30,2,7,3,13,8,0,0,0,0,0,0,0,1,44,1586,23,3,222,1.0,Higher-Value Customers
4127,1967,PhD,Partner,77766.0,0,1,2013-02-22,97,1004,59,265,115,59,27,2,11,10,11,6,1,0,0,0,0,0,1,1,47,1529,32,3,492,1.0,Higher-Value Customers
8143,1985,PhD,Alone,37929.0,0,0,2013-07-30,49,202,2,46,3,2,10,2,4,2,5,7,0,1,0,1,0,0,1,0,29,265,11,1,334,0.0,Lower-Value Customers
1964,1951,Graduation,Partner,86610.0,0,0,2013-09-05,66,446,107,768,33,196,53,1,5,6,6,2,0,0,0,0,0,0,0,0,63,1603,17,2,297,1.0,Higher-Value Customers
3690,1986,Master,Partner,80141.0,0,0,2013-01-11,20,1184,102,673,52,40,40,1,7,4,10,6,0,0,1,0,0,0,1,0,28,2091,21,2,534,1.0,Higher-Value Customers
3433,1955,2n Cycle,Partner,72635.0,0,0,2013-06-03,54,390,22,323,104,35,107,1,6,8,6,3,0,0,0,1,0,0,0,0,59,981,20,2,391,1.0,Higher-Value Customers
3389,1970,Graduation,Partner,69016.0,0,1,2012-11-22,61,726,53,363,123,107,161,4,8,9,13,5,0,0,0,0,0,0,0,1,44,1533,30,3,584,1.0,Higher-Value Customers
4712,1991,2n Cycle,Partner,20193.0,0,0,2012-11-28,18,8,8,22,24,11,9,1,1,1,4,4,0,0,0,0,0,0,0,0,23,82,6,2,578,0.0,Lower-Value Customers
1170,1975,Graduation,Partner,27573.0,1,0,2013-03-25,45,50,15,110,39,15,15,4,5,1,4,8,0,0,0,0,0,0,0,1,39,244,10,3,461,0.0,Lower-Value Customers
6347,1979,Basic,Alone,15862.0,1,0,2013-06-27,26,1,1,4,11,9,10,1,1,0,3,8,0,0,0,0,0,0,0,1,35,36,4,2,367,0.0,Lower-Value Customers
4065,1976,PhD,Partner,49544.0,1,0,2013-02-12,0,308,0,73,0,0,23,2,5,1,8,7,0,0,0,0,0,0,0,1,38,404,14,3,502,0.0,Lower-Value Customers
8230,1980,Graduation,Partner,33228.0,1,0,2014-01-23,28,22,2,31,7,4,5,1,2,0,3,7,0,0,0,0,0,0,0,1,34,71,5,3,157,0.0,Lower-Value Customers
1215,1978,Graduation,Partner,70440.0,0,0,2013-10-08,49,690,117,499,76,102,88,1,5,10,7,3,0,0,0,1,0,0,0,0,36,1572,22,2,264,1.0,Higher-Value Customers
5939,1971,Graduation,Partner,38232.0,1,1,2014-01-17,84,43,5,28,7,6,33,4,3,1,3,5,0,0,0,0,0,0,0,2,43,122,7,4,163,0.0,Lower-Value Customers
2156,1955,PhD,Partner,22554.0,1,1,2012-11-03,38,27,0,10,0,0,4,4,2,0,4,5,0,0,0,0,0,0,0,2,59,41,6,4,603,0.0,Lower-Value Customers
7788,1983,PhD,Partner,23536.0,1,0,2014-06-04,53,6,0,3,0,0,1,1,0,0,3,3,0,0,0,0,0,0,0,1,31,10,3,3,25,0.0,Lower-Value Customers
10323,1952,Graduation,Partner,49413.0,0,1,2013-10-25,88,205,7,41,3,2,46,2,4,2,5,5,0,0,0,0,0,0,0,1,62,304,11,3,247,0.0,Lower-Value Customers
7947,1969,Graduation,Partner,42231.0,1,1,2014-03-25,99,24,0,8,0,1,4,1,1,0,3,5,0,0,0,0,0,0,0,2,45,37,4,4,96,0.0,Lower-Value Customers
1891,1980,Master,Alone,78789.0,0,0,2012-08-08,12,667,50,850,21,83,83,1,4,6,5,2,0,0,0,0,0,0,1,0,34,1754,15,1,690,1.0,Higher-Value Customers
2570,1968,Graduation,Partner,56534.0,0,1,2013-07-23,35,691,7,61,10,0,46,4,10,4,7,8,0,1,0,0,1,0,1,1,46,815,21,3,341,1.0,Higher-Value Customers
9256,1971,Graduation,Alone,58350.0,0,1,2013-01-04,5,493,26,206,116,80,80,4,8,3,12,6,0,0,0,0,0,0,0,1,43,1001,23,2,541,1.0,Higher-Value Customers
295,1989,Graduation,Alone,81217.0,0,0,2013-07-19,77,493,70,324,146,40,84,1,3,7,11,1,0,0,0,0,0,0,0,0,25,1157,21,1,345,1.0,Higher-Value Customers
7397,1951,Graduation,Alone,49090.0,0,1,2013-07-19,45,494,5,82,7,0,100,3,7,2,9,7,0,0,0,0,0,0,0,1,63,688,18,2,345,1.0,Higher-Value Customers
6349,1987,Master,Alone,61787.0,0,0,2013-07-06,71,621,73,414,78,48,85,1,8,4,6,5,0,0,0,0,0,0,0,0,27,1319,18,1,358,1.0,Higher-Value Customers
10790,1985,PhD,Partner,18169.0,1,0,2013-02-19,40,9,0,5,0,0,7,1,1,0,2,8,0,0,0,0,0,0,0,1,29,21,3,3,495,0.0,Lower-Value Customers
10398,1981,2n Cycle,Alone,24336.0,1,0,2012-08-27,82,1,6,2,8,2,12,1,1,0,2,7,0,0,0,0,0,0,0,1,33,31,3,2,671,0.0,Lower-Value Customers
2431,1990,Graduation,Partner,18222.0,0,0,2012-12-31,70,12,4,19,12,6,14,1,2,0,3,8,0,0,0,0,0,0,0,0,24,67,5,2,545,0.0,Lower-Value Customers
550,1952,Graduation,Alone,62335.0,0,1,2013-05-23,87,243,131,217,85,6,26,2,3,3,13,2,0,0,0,0,0,0,0,1,62,708,19,2,402,1.0,Higher-Value Customers
1890,1971,2n Cycle,Partner,42033.0,1,1,2012-09-19,95,11,1,4,2,0,7,1,1,0,2,7,0,0,0,0,0,0,0,2,43,25,3,4,648,0.0,Lower-Value Customers
10742,1983,PhD,Partner,86580.0,0,0,2013-02-27,72,532,21,127,26,20,20,0,4,2,5,1,0,0,1,0,0,0,0,0,31,746,11,2,487,1.0,Higher-Value Customers
10356,1957,PhD,Alone,41437.0,1,1,2012-09-22,5,29,0,2,0,0,1,1,1,0,3,7,0,0,0,0,0,0,0,2,57,32,4,3,645,0.0,Lower-Value Customers
4676,1951,Master,Alone,73705.0,0,2,2014-03-05,86,612,91,520,258,107,107,2,9,6,8,5,0,0,0,0,0,0,0,2,63,1695,23,3,116,1.0,Higher-Value Customers
8852,1976,Graduation,Partner,61064.0,0,1,2012-08-31,80,387,126,342,0,45,180,5,8,4,11,6,0,0,0,0,0,0,0,1,38,1080,23,3,667,1.0,Higher-Value Customers
3565,1955,Master,Partner,38452.0,1,1,2014-03-30,62,56,0,14,0,0,2,3,3,0,3,7,0,0,0,0,0,0,0,2,59,72,6,4,91,0.0,Lower-Value Customers
5294,1989,Graduation,Alone,18358.0,1,0,2013-11-20,49,6,8,19,16,4,4,3,3,0,4,7,0,0,0,0,0,0,0,1,25,57,7,2,221,0.0,Lower-Value Customers
1958,1973,PhD,Partner,55012.0,0,1,2014-03-21,85,582,0,65,0,0,13,6,8,2,9,5,0,0,0,0,0,0,0,1,41,660,19,3,100,1.0,Higher-Value Customers
7349,1973,Basic,Partner,9722.0,1,0,2012-10-02,7,6,17,16,6,16,42,4,3,1,3,8,0,0,0,0,0,0,1,1,41,103,7,3,635,0.0,Lower-Value Customers
8799,1984,PhD,Partner,38175.0,1,0,2013-09-23,6,70,6,69,2,3,3,3,3,1,4,7,0,0,0,0,0,0,0,1,30,153,8,3,279,0.0,Lower-Value Customers
1351,1956,Master,Partner,58656.0,0,1,2012-09-20,25,962,12,194,16,24,12,4,7,8,13,6,0,0,1,0,0,0,0,1,58,1220,28,3,647,1.0,Higher-Value Customers
1045,1965,Graduation,Partner,52117.0,0,1,2012-08-16,55,112,10,107,30,0,20,2,5,2,4,7,0,0,0,0,0,0,0,1,49,279,11,3,682,0.0,Lower-Value Customers
7732,1978,Graduation,Partner,64813.0,1,0,2014-01-02,81,293,0,124,179,97,52,1,7,2,10,5,0,0,0,0,0,0,0,1,36,745,19,3,178,1.0,Higher-Value Customers
8070,1973,PhD,Partner,54222.0,0,1,2014-03-01,98,199,12,31,3,12,7,1,3,3,5,3,0,0,0,0,0,0,0,1,41,264,11,3,120,0.0,Lower-Value Customers
477,1986,Graduation,Partner,83512.0,0,0,2014-06-17,31,1060,61,835,80,20,101,1,4,7,10,1,1,0,1,1,1,0,1,0,28,2157,21,2,12,1.0,Higher-Value Customers
7832,1959,Master,Partner,77520.0,0,1,2013-08-28,30,940,44,396,0,88,58,1,8,7,7,4,1,0,1,1,0,0,1,1,55,1526,22,3,305,1.0,Higher-Value Customers
2202,1978,Graduation,Partner,41154.0,0,1,2013-04-09,98,44,2,11,2,3,7,1,1,0,4,5,0,0,0,0,0,0,0,1,36,69,5,3,446,0.0,Lower-Value Customers
7396,1966,Graduation,Partner,80398.0,0,0,2012-11-10,92,342,51,936,207,35,26,1,5,8,12,3,0,0,1,0,0,0,0,0,48,1597,25,2,596,1.0,Higher-Value Customers
4055,1992,Basic,Alone,18746.0,1,0,2014-05-29,41,2,10,11,12,9,20,2,3,0,3,6,0,0,0,0,0,0,0,1,22,64,6,2,31,0.0,Lower-Value Customers
10340,1984,Graduation,Partner,35196.0,1,0,2012-11-13,68,75,12,141,43,39,187,6,6,1,5,8,0,0,0,0,0,0,0,1,30,497,12,3,593,0.0,Lower-Value Customers
10091,1956,Graduation,Alone,60230.0,0,1,2013-05-20,78,520,20,367,39,81,40,2,6,3,6,5,0,0,0,0,0,0,0,1,58,1067,15,2,405,1.0,Higher-Value Customers
7629,1977,Graduation,Partner,22108.0,1,1,2014-05-08,46,5,3,9,6,2,6,2,2,0,3,7,0,0,0,0,0,0,0,2,37,31,5,4,52,0.0,Lower-Value Customers
10640,1974,Graduation,Partner,44392.0,1,1,2013-09-05,71,87,5,71,7,12,29,5,4,1,4,7,0,0,0,0,0,0,0,2,40,211,9,4,297,0.0,Lower-Value Customers
3498,1976,PhD,Partner,55424.0,0,1,2012-11-25,6,462,61,184,10,53,107,4,7,5,9,6,1,0,0,0,0,0,1,1,38,877,21,3,581,1.0,Higher-Value Customers
6742,1979,Graduation,Partner,17688.0,1,0,2013-01-13,82,2,2,1,3,1,2,1,1,0,2,8,0,0,0,0,0,1,0,1,35,11,3,3,532,0.0,Lower-Value Customers
1172,1983,PhD,Partner,92491.0,0,0,2013-05-01,71,979,44,935,29,25,22,1,7,5,12,3,0,1,1,1,0,0,1,0,31,2034,24,2,424,1.0,Higher-Value Customers
569,1991,Graduation,Alone,90273.0,0,0,2013-12-14,32,704,129,853,120,74,111,1,5,6,7,2,0,1,1,1,0,0,1,0,23,1991,18,1,197,1.0,Higher-Value Customers
4686,1962,PhD,Alone,82571.0,0,0,2014-04-02,28,861,31,558,62,95,79,0,6,5,13,2,0,0,1,0,0,0,0,0,52,1686,24,1,88,1.0,Higher-Value Customers
1381,1982,PhD,Alone,38513.0,1,0,2014-01-28,20,172,3,115,16,0,18,5,6,1,5,8,0,0,0,0,0,0,1,1,32,324,12,2,152,0.0,Lower-Value Customers
2634,1979,Master,Alone,16653.0,1,0,2014-04-18,10,5,7,31,15,4,7,3,2,1,3,6,0,0,0,0,0,0,1,1,35,69,6,2,72,0.0,Lower-Value Customers
10905,1955,Graduation,Partner,42586.0,1,1,2012-10-29,7,194,2,56,0,0,0,5,4,1,6,8,0,0,0,0,0,0,1,2,59,252,11,4,608,0.0,Lower-Value Customers
1744,1965,Basic,Alone,23529.0,0,1,2013-01-07,67,9,7,13,3,2,20,1,1,1,2,6,0,0,0,0,0,0,0,1,49,54,4,2,538,0.0,Lower-Value Customers
1000,1961,Master,Partner,74881.0,1,1,2013-03-08,48,505,72,270,36,27,54,4,9,2,12,5,0,0,0,0,0,0,0,2,53,964,23,4,478,1.0,Higher-Value Customers
3828,1951,Graduation,Partner,71107.0,0,1,2013-02-17,61,533,10,217,198,174,195,2,7,6,13,4,0,0,0,0,0,0,0,1,63,1327,26,3,497,1.0,Higher-Value Customers
8605,1964,PhD,Partner,46910.0,1,1,2014-03-23,36,48,0,14,0,0,6,2,2,0,3,6,0,0,0,0,0,0,0,2,50,68,5,4,98,0.0,Lower-Value Customers
10304,1959,Graduation,Partner,18690.0,0,0,2012-12-28,77,6,1,7,23,4,19,1,1,1,2,8,0,0,0,0,0,0,0,0,55,60,4,2,548,0.0,Lower-Value Customers
4351,1955,Graduation,Alone,37244.0,1,1,2013-04-27,90,18,2,10,0,0,25,1,1,1,2,7,1,0,0,0,0,0,0,2,59,55,4,3,428,0.0,Lower-Value Customers
10129,1966,Graduation,Partner,82427.0,0,0,2014-03-12,35,482,147,509,104,107,107,1,3,5,12,1,0,0,1,0,0,0,0,0,48,1456,20,2,109,1.0,Higher-Value Customers
2499,1958,2n Cycle,Alone,75342.0,0,1,2013-05-06,38,204,97,97,21,118,26,1,5,2,10,4,0,0,0,0,0,0,0,1,56,563,17,2,419,1.0,Higher-Value Customers
10092,1954,Graduation,Alone,70044.0,0,1,2013-02-18,46,1073,0,250,153,14,14,4,7,10,5,5,0,0,0,0,0,0,0,1,60,1504,22,2,496,1.0,Higher-Value Customers
7500,1967,Graduation,Alone,79146.0,1,1,2014-04-24,33,245,16,223,21,43,16,2,8,1,8,6,0,0,0,0,0,0,0,2,47,564,17,3,66,1.0,Higher-Value Customers
5796,1963,Graduation,Partner,77437.0,0,0,2013-11-26,70,560,21,442,29,44,29,1,4,5,13,1,0,0,1,0,0,0,0,0,51,1125,22,2,215,1.0,Higher-Value Customers
10556,1959,Graduation,Partner,54984.0,0,1,2014-05-24,51,173,13,131,32,3,6,4,6,1,6,7,0,0,0,1,0,0,0,1,55,358,13,3,36,0.0,Lower-Value Customers
1064,1971,PhD,Partner,42403.0,1,0,2013-12-11,18,22,1,11,0,5,3,1,1,0,3,8,0,0,0,0,0,0,0,1,43,42,4,3,200,0.0,Lower-Value Customers
48,1964,Graduation,Partner,55761.0,0,1,2014-04-24,97,136,1,12,0,3,32,2,4,1,3,6,0,1,0,0,0,0,0,1,50,184,8,3,66,0.0,Lower-Value Customers
7610,1983,Graduation,Partner,37292.0,1,0,2013-04-18,32,275,0,86,10,23,66,5,6,3,5,8,0,0,0,0,0,0,0,1,31,460,14,3,437,0.0,Lower-Value Customers
263,1945,PhD,Alone,45576.0,0,0,2014-05-28,9,56,19,29,2,14,25,1,3,1,3,8,0,0,0,0,0,0,1,0,69,145,7,1,32,0.0,Lower-Value Customers
10814,1947,Graduation,Partner,70321.0,0,0,2013-01-16,6,303,23,751,82,26,191,1,6,5,13,4,0,0,0,0,0,0,1,0,67,1376,24,2,529,1.0,Higher-Value Customers
9710,1969,PhD,Alone,58086.0,0,1,2013-01-20,80,708,7,62,0,0,15,2,11,3,7,8,0,0,0,0,0,0,0,1,45,792,21,2,525,1.0,Higher-Value Customers
9292,1952,Graduation,Partner,81795.0,0,0,2012-10-26,74,324,132,693,27,118,88,1,4,11,7,2,0,0,0,0,0,0,0,0,62,1382,22,2,611,1.0,Higher-Value Customers
10250,1947,Basic,Partner,28389.0,0,0,2012-11-20,49,1,5,3,7,4,8,1,1,0,2,7,0,0,0,0,0,0,0,0,67,28,3,2,586,0.0,Lower-Value Customers
7881,1946,Master,Partner,66835.0,0,0,2013-09-28,21,620,26,195,34,17,141,1,6,4,13,2,0,0,0,0,0,0,0,0,68,1033,23,2,274,1.0,Higher-Value Customers
5847,1969,Graduation,Alone,69901.0,0,1,2013-05-29,95,312,21,206,102,92,149,3,7,3,10,5,0,0,0,0,0,0,0,1,45,882,20,2,396,1.0,Higher-Value Customers
737,1949,PhD,Partner,80360.0,0,0,2013-03-03,56,1493,86,454,112,43,43,2,4,4,5,2,0,1,1,1,0,0,0,0,65,2231,13,2,483,1.0,Higher-Value Customers
3571,1961,PhD,Partner,63342.0,0,1,2012-10-16,48,918,21,118,13,10,21,3,8,3,5,6,0,1,0,0,0,0,1,1,53,1101,16,3,621,1.0,Higher-Value Customers
7807,1974,Graduation,Partner,44989.0,0,1,2012-09-12,26,98,0,106,49,10,106,5,5,1,5,6,0,0,0,0,0,0,0,1,40,369,11,3,655,0.0,Lower-Value Customers
3878,1980,2n Cycle,Alone,31859.0,1,0,2014-02-27,3,3,4,7,15,8,11,1,1,0,3,7,0,0,0,0,0,0,0,1,34,48,4,2,122,0.0,Lower-Value Customers
5092,1949,PhD,Alone,51569.0,0,1,2013-02-12,39,380,0,47,6,0,34,4,7,1,7,8,0,1,0,0,0,0,1,1,65,467,15,2,502,1.0,Higher-Value Customers
2154,1971,Graduation,Alone,30372.0,1,1,2012-12-25,33,15,0,12,7,3,7,3,2,0,3,7,0,0,0,0,0,0,0,2,43,44,5,3,551,0.0,Lower-Value Customers
5394,1979,Basic,Alone,16014.0,1,1,2013-03-17,42,3,9,4,7,8,7,4,1,1,4,3,0,0,0,0,0,0,0,2,35,38,6,3,469,0.0,Lower-Value Customers
3798,1968,Graduation,Partner,41120.0,1,1,2013-11-06,80,24,2,23,0,8,24,3,2,1,3,6,0,0,0,0,0,0,0,2,46,81,6,4,235,0.0,Lower-Value Customers
3524,1971,Master,Alone,39763.0,1,0,2013-08-04,9,80,1,60,4,6,16,2,5,1,2,9,0,0,0,0,0,0,1,1,43,167,8,2,329,0.0,Lower-Value Customers
5247,1955,PhD,Partner,38725.0,1,1,2014-05-10,52,31,0,6,2,1,5,2,1,0,4,4,0,0,0,0,0,0,0,2,59,45,5,4,50,0.0,Lower-Value Customers
5883,1972,Graduation,Partner,77981.0,1,0,2013-05-26,78,138,120,204,16,126,60,3,7,4,7,5,0,0,0,0,0,0,0,1,42,664,18,3,399,1.0,Higher-Value Customers
2118,1964,2n Cycle,Partner,62905.0,0,1,2013-09-10,68,166,75,96,119,107,59,3,7,2,8,4,0,0,0,0,0,0,0,1,50,622,17,3,292,1.0,Higher-Value Customers
8812,1979,2n Cycle,Alone,13533.0,1,0,2013-03-10,45,12,3,8,8,0,17,2,2,0,3,7,0,0,0,0,0,0,0,1,35,48,5,2,476,0.0,Lower-Value Customers
6616,1975,Graduation,Partner,59481.0,0,1,2013-10-23,47,178,3,85,71,66,58,2,3,3,8,2,0,0,0,0,0,0,0,1,39,461,14,3,249,1.0,Higher-Value Customers
2797,1977,Graduation,Partner,72117.0,0,1,2013-08-20,34,707,20,171,65,60,50,1,9,7,9,5,0,0,0,0,0,0,0,1,37,1073,25,3,313,1.0,Higher-Value Customers
4328,1986,2n Cycle,Partner,21955.0,1,0,2013-09-07,81,5,1,7,17,14,11,2,2,1,3,6,0,0,0,0,0,0,0,1,28,55,6,3,295,0.0,Lower-Value Customers
9167,1956,Graduation,Partner,67131.0,0,1,2013-03-26,72,465,71,250,93,35,62,3,9,2,12,6,0,0,0,0,0,0,0,1,58,976,23,3,460,1.0,Higher-Value Customers
10560,1980,PhD,Alone,36802.0,1,0,2014-06-16,23,16,1,2,0,0,1,1,1,0,3,5,0,0,0,0,0,0,0,1,34,20,4,2,13,0.0,Lower-Value Customers
2631,1982,Graduation,Partner,71853.0,0,0,2013-05-08,29,358,108,413,141,97,32,1,2,8,6,1,0,0,0,0,0,0,0,0,32,1149,16,2,417,1.0,Higher-Value Customers
8312,1961,Basic,Partner,28249.0,0,0,2014-06-15,80,1,9,7,2,14,10,1,2,0,3,6,0,0,0,0,0,0,0,0,53,43,5,2,14,0.0,Lower-Value Customers
5534,1975,Master,Partner,47808.0,0,1,2013-10-20,30,123,1,26,2,0,72,2,3,2,3,7,1,0,0,0,0,0,0,1,39,224,8,3,252,0.0,Lower-Value Customers
5093,1974,PhD,Alone,25509.0,1,0,2012-09-18,15,40,3,30,10,7,11,3,3,0,3,9,0,0,0,0,0,0,1,1,40,101,6,2,649,0.0,Lower-Value Customers
7592,1946,PhD,Partner,51012.0,0,0,2013-04-18,86,102,9,63,2,9,24,1,4,1,4,6,0,0,0,0,0,0,0,0,68,209,9,2,437,0.0,Lower-Value Customers
8895,1985,Graduation,Alone,70596.0,0,0,2012-10-05,68,347,44,534,17,0,26,1,3,5,12,2,0,0,0,0,0,0,0,0,29,968,20,1,632,1.0,Higher-Value Customers
8584,1952,PhD,Partner,85431.0,0,0,2013-06-08,54,376,53,462,168,53,53,1,2,7,7,0,0,0,0,0,0,0,0,0,62,1165,16,2,386,1.0,Higher-Value Customers
2694,1967,Graduation,Partner,42664.0,0,1,2014-03-18,44,21,0,3,0,0,0,1,1,0,3,6,0,0,0,0,0,0,0,1,47,24,4,3,103,0.0,Lower-Value Customers
8910,1955,Graduation,Partner,42586.0,1,1,2012-10-29,7,194,2,56,0,0,0,5,4,1,6,8,0,0,0,0,0,0,1,2,59,252,11,4,608,0.0,Lower-Value Customers
7433,1985,Graduation,Alone,29760.0,1,0,2012-08-29,87,64,4,68,7,5,17,4,3,1,4,8,0,0,0,0,0,0,0,1,29,165,8,2,669,0.0,Lower-Value Customers
164,1977,PhD,Partner,28973.0,0,0,2012-10-13,59,206,0,46,3,2,12,2,5,1,5,8,0,0,0,0,0,0,0,0,37,269,11,2,624,0.0,Lower-Value Customers
10477,1973,PhD,Partner,39435.0,1,0,2013-08-06,16,71,0,18,0,0,13,1,3,1,2,7,0,0,0,0,0,0,0,1,41,102,6,3,327,0.0,Lower-Value Customers
2681,1984,2n Cycle,Partner,65370.0,0,0,2013-08-01,1,71,22,112,138,89,29,1,2,3,13,1,0,0,0,0,0,0,0,0,30,461,18,2,332,1.0,Higher-Value Customers
5150,1979,Basic,Alone,20194.0,1,0,2012-12-17,64,0,4,7,11,10,15,2,2,0,3,6,0,0,0,0,0,0,0,1,35,47,5,2,559,0.0,Lower-Value Customers
5283,1976,PhD,Alone,42473.0,1,1,2014-02-17,72,93,1,21,0,4,25,3,2,1,4,5,0,0,0,0,0,0,0,2,38,144,7,3,132,0.0,Lower-Value Customers
9645,1968,Graduation,Partner,64590.0,0,0,2012-10-14,98,920,138,168,36,46,30,1,9,4,10,6,0,0,0,0,0,0,0,0,46,1338,23,2,623,1.0,Higher-Value Customers
10678,1959,Graduation,Partner,71232.0,0,1,2013-11-28,91,653,17,170,34,26,17,2,11,2,10,7,0,0,0,0,0,0,0,1,55,917,23,3,213,1.0,Higher-Value Customers
7261,1971,Graduation,Partner,34600.0,1,1,2013-01-01,8,199,33,60,8,3,15,5,5,2,5,8,0,0,0,0,0,0,1,2,43,318,12,4,544,0.0,Lower-Value Customers
9648,1967,Graduation,Alone,46904.0,1,1,2012-11-03,20,153,4,56,0,9,31,4,5,1,4,8,0,0,0,0,0,0,0,2,47,253,10,3,603,0.0,Lower-Value Customers
2870,1973,Graduation,Partner,49094.0,0,1,2012-09-21,6,376,0,38,11,8,69,5,6,3,6,6,0,0,0,0,0,0,0,1,41,502,15,3,646,1.0,Higher-Value Customers
8008,1983,Graduation,Partner,36075.0,1,0,2013-12-09,54,46,0,30,12,1,30,1,2,0,4,6,0,0,0,0,0,0,0,1,31,119,6,3,202,0.0,Lower-Value Customers
1513,1979,2n Cycle,Partner,60839.0,1,1,2012-08-28,72,600,21,128,223,150,128,13,2,2,12,8,0,0,0,0,0,0,0,2,35,1250,16,4,670,1.0,Higher-Value Customers
6173,1979,Graduation,Partner,77298.0,0,1,2013-11-02,46,425,115,292,23,35,79,1,6,6,11,3,0,0,0,0,0,0,0,1,35,969,23,3,239,1.0,Higher-Value Customers
1419,1950,Graduation,Partner,34026.0,1,1,2013-08-05,11,18,6,15,12,8,17,3,2,1,3,5,0,0,0,0,0,0,0,2,64,76,6,4,328,0.0,Lower-Value Customers
9150,1963,PhD,Alone,48918.0,1,1,2014-04-12,21,52,0,9,0,0,1,2,1,0,4,4,0,0,0,0,0,0,0,2,51,62,5,3,78,0.0,Lower-Value Customers
7960,1962,2n Cycle,Partner,82122.0,0,0,2013-08-15,89,734,22,350,151,25,100,1,3,9,13,1,0,0,1,0,0,0,0,0,52,1382,25,2,318,1.0,Higher-Value Customers
1250,1976,Graduation,Alone,37697.0,1,0,2014-02-07,82,34,6,21,11,4,8,1,2,1,3,6,0,0,0,0,0,0,0,1,38,84,6,2,142,0.0,Lower-Value Customers
9905,1952,Graduation,Partner,34074.0,1,1,2013-07-13,69,135,1,41,10,1,67,5,3,3,3,6,1,0,0,0,0,0,0,2,62,255,9,4,351,0.0,Lower-Value Customers
10691,1960,Master,Partner,28520.0,1,1,2013-06-14,55,11,0,10,0,2,20,1,1,1,2,6,0,0,0,0,0,0,0,2,54,43,4,4,380,0.0,Lower-Value Customers
7002,1955,Graduation,Alone,62535.0,0,1,2013-10-03,13,163,48,90,0,45,52,1,3,2,8,3,0,0,0,0,0,0,0,1,59,398,13,2,269,1.0,Higher-Value Customers
2952,1977,Master,Alone,36273.0,1,0,2014-04-16,80,29,3,30,3,2,9,2,3,0,3,6,0,0,0,0,0,0,0,1,37,76,6,2,74,0.0,Lower-Value Customers
8439,1964,Graduation,Partner,63404.0,0,2,2014-06-06,97,734,26,70,11,44,17,2,6,3,4,4,0,0,0,1,0,0,0,2,50,902,13,4,23,1.0,Higher-Value Customers
762,1981,2n Cycle,Partner,75774.0,1,0,2014-05-02,27,340,21,134,258,14,56,1,7,5,8,4,0,0,0,0,0,0,0,1,33,823,20,3,58,1.0,Higher-Value Customers
2831,1976,Graduation,Partner,78416.0,0,1,2014-06-27,99,453,38,279,188,38,183,2,7,7,10,3,0,0,0,0,0,0,0,1,38,1179,24,3,2,1.0,Higher-Value Customers
6977,1974,Graduation,Partner,75702.0,0,1,2012-10-14,87,1073,0,629,145,37,37,1,10,5,13,6,0,0,1,0,0,0,0,1,40,1921,28,3,623,1.0,Higher-Value Customers
6289,1951,Master,Partner,59385.0,1,1,2013-04-28,85,135,0,10,0,4,36,2,3,1,4,5,0,0,0,0,0,0,0,2,63,185,8,4,427,0.0,Lower-Value Customers
4168,1966,Graduation,Alone,37070.0,1,1,2013-03-20,30,231,7,137,4,15,39,9,5,1,8,7,0,0,0,0,0,0,1,2,48,433,14,3,466,0.0,Lower-Value Customers
8397,1951,Graduation,Partner,44689.0,1,1,2014-01-10,82,18,0,5,0,0,11,2,1,1,2,7,1,0,0,0,0,0,0,2,63,34,4,4,170,0.0,Lower-Value Customers
9284,1958,Graduation,Partner,53977.0,0,1,2013-06-08,21,620,16,165,0,24,82,5,5,5,12,5,0,0,0,0,0,0,0,1,56,907,22,3,386,1.0,Higher-Value Customers
6237,1966,PhD,Alone,7144.0,0,2,2013-12-07,92,81,4,33,5,2,291,0,23,1,1,0,0,0,0,0,0,0,0,2,48,416,25,3,204,1.0,Higher-Value Customers
3130,1964,Graduation,Alone,18701.0,1,1,2013-06-04,95,12,4,2,10,6,10,4,2,0,4,5,0,0,0,0,0,0,0,2,50,44,6,3,390,0.0,Lower-Value Customers
1619,1956,Graduation,Partner,90369.0,0,0,2014-04-28,2,292,51,981,224,23,17,1,4,6,6,1,0,0,0,0,0,0,1,0,58,1588,16,2,62,1.0,Higher-Value Customers
1990,1974,PhD,Alone,63159.0,0,0,2012-11-05,74,965,34,586,89,86,37,1,3,5,8,3,1,0,0,0,0,0,0,0,40,1797,16,1,601,1.0,Higher-Value Customers
5513,1966,Graduation,Partner,37758.0,1,1,2012-10-04,49,27,2,10,0,0,1,2,1,0,3,8,0,0,0,0,0,0,0,2,48,40,4,4,633,0.0,Lower-Value Customers
269,1963,PhD,Alone,46757.0,0,1,2012-11-16,71,777,30,163,0,51,122,6,4,4,7,9,0,0,0,0,0,0,0,1,51,1143,15,2,590,1.0,Higher-Value Customers
8093,1969,Master,Partner,79734.0,0,0,2014-06-28,72,572,8,232,23,62,17,1,4,3,6,1,0,0,0,1,0,0,0,0,45,914,13,2,1,1.0,Higher-Value Customers
10513,1992,Graduation,Partner,63207.0,0,0,2013-01-20,68,438,169,565,91,169,70,1,2,3,6,7,0,0,0,1,0,0,0,0,22,1502,11,2,525,1.0,Higher-Value Customers
10177,1954,Graduation,Alone,72071.0,0,1,2013-02-14,4,531,69,300,150,138,150,3,5,4,8,2,0,0,0,0,0,0,0,1,60,1338,17,2,500,1.0,Higher-Value Customers
2549,1983,PhD,Partner,21840.0,1,0,2013-07-21,80,17,0,9,0,0,1,1,1,0,3,9,0,0,0,0,0,0,0,1,31,27,4,3,343,0.0,Lower-Value Customers
5782,1982,2n Cycle,Partner,58582.0,0,1,2013-09-28,15,402,35,106,101,77,42,2,9,2,9,5,0,1,0,0,0,0,0,1,32,763,20,3,274,1.0,Higher-Value Customers
10057,1951,Graduation,Alone,72282.0,0,0,2013-07-19,70,503,27,419,90,139,153,1,5,7,9,7,0,0,0,0,0,0,1,0,63,1331,21,1,345,1.0,Higher-Value Customers
10307,1956,Graduation,Partner,50387.0,0,2,2013-08-31,91,369,9,87,12,14,34,3,6,2,8,5,0,0,0,0,0,0,0,2,58,525,16,4,302,1.0,Higher-Value Customers
8566,1961,PhD,Partner,32583.0,1,1,2014-06-15,10,5,0,3,0,0,1,1,1,0,2,7,0,0,0,0,0,0,0,2,53,9,3,4,14,0.0,Lower-Value Customers
2415,1962,Graduation,Partner,62568.0,0,1,2014-04-07,99,362,17,398,80,35,61,3,5,3,5,4,0,0,0,1,0,0,0,1,52,953,13,3,83,1.0,Higher-Value Customers
5684,1971,Master,Alone,44635.0,1,1,2013-10-11,25,56,0,9,0,0,3,2,2,0,3,7,0,0,0,0,0,0,0,2,43,68,5,3,261,0.0,Lower-Value Customers
8334,1971,Master,Alone,33316.0,1,1,2013-10-04,34,79,1,31,4,4,12,3,2,1,4,6,0,0,0,0,0,0,0,2,43,131,7,3,268,0.0,Lower-Value Customers
9166,1968,Graduation,Partner,63967.0,0,1,2013-08-09,57,387,84,141,73,35,162,3,4,4,12,2,0,0,0,0,0,0,0,1,46,882,20,3,324,1.0,Higher-Value Customers
1440,1978,2n Cycle,Partner,52513.0,0,0,2012-09-04,84,367,17,241,104,188,232,2,9,5,9,7,0,0,0,0,0,0,0,0,36,1149,23,2,663,1.0,Higher-Value Customers
78,1969,Graduation,Partner,25293.0,1,0,2013-09-15,51,15,0,11,0,2,9,1,1,1,2,8,0,0,0,0,0,0,0,1,45,37,4,3,287,0.0,Lower-Value Customers
5441,1965,PhD,Alone,54111.0,0,1,2013-08-25,97,267,6,54,8,3,50,2,5,2,6,5,0,0,0,0,0,0,0,1,49,388,13,2,308,0.0,Lower-Value Customers
5302,1986,Graduation,Partner,78394.0,0,0,2013-02-15,13,298,27,697,216,24,166,1,4,6,5,2,0,0,0,0,0,0,1,0,28,1428,15,2,499,1.0,Higher-Value Customers
4687,1958,Master,Partner,80739.0,0,0,2013-05-23,92,674,92,736,39,0,92,1,3,11,9,1,0,0,0,0,0,0,0,0,56,1633,23,2,402,1.0,Higher-Value Customers
1087,1975,Master,Partner,22669.0,1,0,2013-05-22,30,16,14,36,37,22,48,3,4,1,2,9,0,0,0,0,0,0,1,1,39,173,7,3,403,0.0,Lower-Value Customers
6859,1987,Graduation,Alone,29236.0,1,0,2013-10-08,30,37,4,24,16,9,9,2,4,0,3,9,0,0,0,0,0,0,0,1,27,99,7,2,264,0.0,Lower-Value Customers
9860,1959,Graduation,Partner,44911.0,0,1,2013-03-15,11,159,0,22,2,1,31,3,4,1,4,7,0,0,0,0,0,0,0,1,55,215,9,3,471,0.0,Lower-Value Customers
7129,1962,PhD,Partner,54693.0,0,1,2013-02-17,72,686,17,142,23,26,35,8,6,4,13,6,0,0,0,0,0,0,0,1,52,929,23,3,497,1.0,Higher-Value Customers
5866,1974,Graduation,Partner,48186.0,1,0,2014-03-20,39,97,3,66,12,7,34,3,4,1,4,7,0,0,0,0,0,0,0,1,40,219,9,3,101,0.0,Lower-Value Customers
10521,1977,Graduation,Partner,54809.0,1,1,2013-09-11,0,63,6,57,13,13,22,4,2,1,5,4,0,0,0,0,0,0,1,2,37,174,8,4,291,0.0,Lower-Value Customers
7393,1978,Graduation,Partner,41580.0,1,1,2012-12-10,15,56,5,24,4,0,3,3,2,1,3,5,0,0,0,0,0,0,0,2,36,92,6,4,566,0.0,Lower-Value Customers
7849,1970,PhD,Partner,80336.0,0,0,2013-09-09,12,209,19,456,160,142,66,1,2,9,13,1,0,0,0,0,0,0,0,0,44,1052,24,2,293,1.0,Higher-Value Customers
332,1957,Graduation,Partner,47743.0,0,1,2013-03-22,56,198,2,43,0,12,20,3,4,1,6,6,0,1,0,0,0,0,0,1,57,275,11,3,464,0.0,Lower-Value Customers
9847,1955,2n Cycle,Partner,62972.0,0,1,2012-08-03,39,313,15,47,20,0,192,2,7,4,3,6,0,0,0,0,0,0,0,1,59,587,14,3,695,1.0,Higher-Value Customers
531,1954,PhD,Alone,57333.0,0,1,2012-09-22,55,941,14,397,76,58,176,11,8,5,9,6,0,0,0,0,0,0,1,1,60,1662,22,2,645,1.0,Higher-Value Customers
9576,1982,PhD,Partner,32313.0,1,0,2013-02-11,60,86,4,56,2,4,7,3,4,0,4,9,0,0,0,0,0,0,0,1,32,159,8,3,503,0.0,Lower-Value Customers
6906,1953,Master,Alone,84953.0,0,0,2013-06-03,73,167,48,602,63,72,72,1,3,10,4,2,0,1,1,1,0,0,1,0,61,1024,17,1,391,1.0,Higher-Value Customers
7419,1968,Master,Alone,27071.0,1,0,2014-04-23,90,8,3,19,0,2,3,2,2,0,3,6,0,0,0,0,0,0,0,1,46,35,5,2,67,0.0,Lower-Value Customers
3170,1957,Master,Partner,68148.0,0,0,2013-08-31,86,389,66,408,37,57,85,1,4,4,6,2,0,0,0,0,0,0,0,0,57,1042,14,2,302,1.0,Higher-Value Customers
8527,1965,Master,Partner,65735.0,1,1,2013-12-07,37,239,7,119,4,15,11,5,6,2,6,7,0,0,0,0,0,0,0,2,49,395,14,4,204,1.0,Higher-Value Customers
7872,1975,PhD,Partner,86836.0,0,0,2012-09-12,7,179,21,273,0,21,63,1,6,10,6,5,1,0,1,1,0,0,1,0,39,557,22,2,655,1.0,Higher-Value Customers
9931,1963,PhD,Partner,4023.0,1,1,2014-06-23,29,5,0,1,1,1,1,15,0,0,0,19,0,0,0,0,0,0,0,2,51,9,0,4,6,0.0,Lower-Value Customers
10595,1990,Graduation,Partner,30093.0,0,0,2013-07-08,19,2,6,28,13,4,16,1,2,0,3,7,0,0,0,0,0,0,0,0,24,69,5,2,356,0.0,Lower-Value Customers
4609,1966,PhD,Partner,57705.0,0,1,2014-01-11,14,383,0,53,6,4,40,3,8,1,6,6,0,0,0,0,0,0,0,1,48,486,15,3,169,1.0,Higher-Value Customers
5010,1988,Graduation,Alone,25008.0,1,0,2014-02-02,72,2,8,8,6,1,9,2,1,0,3,8,0,0,0,0,0,0,0,1,26,34,4,2,147,0.0,Lower-Value Customers
4427,1995,2n Cycle,Alone,83257.0,0,0,2012-09-18,56,536,27,590,38,107,67,1,5,10,12,6,1,0,1,0,0,1,1,0,19,1365,27,1,649,1.0,Higher-Value Customers
11148,1975,Graduation,Partner,22280.0,1,0,2013-05-19,85,2,1,4,3,1,2,1,1,0,2,8,0,0,0,0,0,0,0,1,39,13,3,3,406,0.0,Lower-Value Customers
1168,1978,PhD,Partner,72159.0,0,0,2012-10-29,62,322,53,899,34,40,53,1,4,6,10,2,0,0,0,0,0,0,0,0,36,1401,20,2,608,1.0,Higher-Value Customers
9595,1961,Graduation,Partner,64260.0,0,0,2013-01-11,1,539,169,816,20,0,30,1,4,5,4,3,0,0,0,0,0,0,1,0,53,1574,13,2,534,1.0,Higher-Value Customers
10163,1984,PhD,Alone,82733.0,0,0,2013-09-10,28,712,50,420,65,38,38,1,8,4,7,4,0,0,0,0,0,0,1,0,30,1323,19,1,292,1.0,Higher-Value Customers
2886,1971,Master,Alone,74290.0,0,1,2013-08-12,70,1121,0,72,0,12,12,4,10,8,10,6,0,1,0,1,0,0,0,1,43,1217,28,2,321,1.0,Higher-Value Customers
6710,1951,Master,Alone,58217.0,2,1,2012-11-17,84,68,1,13,3,5,13,1,2,0,4,6,0,0,0,0,0,0,0,3,63,103,6,4,589,0.0,Lower-Value Customers
5316,1976,Master,Partner,21024.0,0,0,2013-07-04,89,36,4,18,6,2,18,1,2,0,4,7,0,0,0,0,0,0,0,0,38,84,6,2,360,0.0,Lower-Value Customers
9029,1972,PhD,Partner,70116.0,0,0,2013-01-26,73,707,44,603,95,58,29,1,2,8,12,1,0,0,0,0,0,0,0,0,42,1536,22,2,519,1.0,Higher-Value Customers
521,1985,Graduation,Partner,54006.0,1,0,2012-09-18,42,174,77,203,6,24,97,2,8,1,7,7,0,0,0,0,0,0,0,1,29,581,16,3,649,1.0,Higher-Value Customers
1459,1966,PhD,Partner,69063.0,0,1,2012-11-07,16,666,35,124,69,8,26,1,5,3,5,3,0,0,0,0,0,0,0,1,48,928,13,3,599,1.0,Higher-Value Customers
10241,1975,2n Cycle,Alone,11448.0,0,0,2013-12-15,16,0,0,0,6,2,6,1,1,0,2,6,0,0,0,0,0,0,0,0,39,14,3,1,196,0.0,Lower-Value Customers
1630,1979,Graduation,Alone,61825.0,0,1,2013-08-07,56,162,50,100,55,30,27,1,4,2,8,4,0,0,0,0,0,0,0,1,35,424,14,2,326,1.0,Higher-Value Customers
3254,1971,Graduation,Partner,70886.0,1,0,2013-10-14,65,407,70,239,103,88,53,1,5,4,4,2,0,0,0,0,0,0,0,1,43,960,13,3,258,1.0,Higher-Value Customers
9064,1982,Graduation,Partner,69109.0,0,0,2012-11-09,10,823,25,459,124,29,95,1,6,6,7,4,0,0,1,0,0,0,1,0,32,1555,19,2,597,1.0,Higher-Value Customers
3678,1973,Graduation,Alone,60208.0,1,1,2012-10-07,13,488,23,71,15,0,59,11,8,3,7,7,0,1,0,0,0,0,1,2,41,656,18,3,630,1.0,Higher-Value Customers
4227,1968,Master,Partner,32889.0,1,1,2013-09-06,78,28,0,13,4,2,8,3,2,1,3,5,0,0,0,0,0,0,0,2,46,55,6,4,296,0.0,Lower-Value Customers
9467,1984,Graduation,Alone,34738.0,1,0,2014-05-11,51,3,2,10,3,0,2,1,1,0,3,6,0,0,0,0,0,0,0,1,30,20,4,2,49,0.0,Lower-Value Customers
8486,1971,Master,Partner,30538.0,1,0,2012-10-01,27,284,0,52,8,3,20,4,9,0,4,10,0,0,0,0,0,0,0,1,43,367,13,3,636,0.0,Lower-Value Customers
2186,1977,2n Cycle,Partner,82326.0,0,0,2014-03-10,30,938,142,754,159,81,183,1,5,10,6,2,0,1,1,1,0,0,1,0,37,2257,21,2,111,1.0,Higher-Value Customers
3286,1967,PhD,Alone,26642.0,1,0,2014-03-01,71,13,2,15,2,2,8,2,2,0,3,6,0,0,0,0,0,0,0,1,47,42,5,2,120,0.0,Lower-Value Customers
8602,1964,Graduation,Alone,69932.0,0,1,2013-06-12,97,412,172,153,150,105,57,2,7,6,11,4,0,0,0,0,0,0,0,1,50,1049,24,2,382,1.0,Higher-Value Customers
3722,1972,Graduation,Alone,44503.0,1,1,2014-04-16,83,31,1,8,0,0,8,2,2,0,3,6,0,0,0,0,0,0,0,2,42,48,5,3,74,0.0,Lower-Value Customers
6715,1948,PhD,Alone,60200.0,0,1,2013-01-02,3,502,19,132,0,6,26,6,6,2,11,6,0,0,0,0,0,0,0,1,66,685,19,2,543,1.0,Higher-Value Customers
4796,1952,Graduation,Alone,49638.0,0,1,2014-04-19,71,18,10,3,3,5,0,1,1,0,3,2,0,0,0,0,0,0,0,1,62,39,4,2,71,0.0,Lower-Value Customers
9612,1987,2n Cycle,Alone,23830.0,0,0,2014-02-07,3,1,8,6,4,8,16,1,1,0,3,7,0,0,0,0,0,0,0,0,27,43,4,1,142,0.0,Lower-Value Customers
3766,1959,Master,Alone,33051.0,0,0,2012-08-16,15,100,71,243,108,94,219,3,9,1,8,9,0,0,0,0,0,0,1,0,55,835,18,1,682,1.0,Higher-Value Customers
1399,1958,Graduation,Partner,72905.0,0,0,2014-01-21,52,407,114,445,181,165,203,1,3,7,9,1,0,0,0,1,0,0,0,0,56,1515,19,2,159,1.0,Higher-Value Customers
1570,1951,PhD,Partner,69702.0,0,1,2013-02-19,8,664,9,240,50,19,57,2,7,7,10,4,0,0,0,0,0,0,0,1,63,1039,24,3,495,1.0,Higher-Value Customers
3426,1975,Graduation,Alone,70300.0,1,0,2013-07-15,89,1045,61,338,60,46,46,3,5,5,13,8,0,0,0,0,0,0,0,1,39,1596,23,2,349,1.0,Higher-Value Customers
3074,1984,PhD,Partner,70643.0,0,0,2012-10-15,66,1218,107,304,23,143,33,1,5,8,4,6,0,0,0,0,0,0,1,0,30,1828,17,2,622,1.0,Higher-Value Customers
8341,1969,PhD,Partner,30396.0,1,0,2014-04-30,22,15,0,6,0,1,12,2,1,1,2,7,1,0,0,0,0,0,1,1,45,34,4,3,60,0.0,Lower-Value Customers
5180,1968,PhD,Alone,50616.0,0,1,2014-04-18,56,128,0,16,0,1,4,2,4,0,4,7,0,0,0,0,0,0,0,1,46,149,8,2,72,0.0,Lower-Value Customers
6461,1969,Master,Alone,62772.0,0,1,2013-05-19,74,581,49,157,43,8,108,1,5,6,11,2,0,1,0,0,0,0,0,1,45,946,22,2,406,1.0,Higher-Value Customers
7679,1985,PhD,Alone,30298.0,0,0,2014-05-19,48,6,3,12,6,1,0,1,1,1,3,3,0,0,0,0,0,0,0,0,29,28,5,1,41,0.0,Lower-Value Customers
10702,1984,Graduation,Alone,52413.0,1,0,2012-11-03,67,185,8,133,56,56,12,2,7,1,7,7,0,0,0,0,0,0,0,1,30,450,15,2,603,1.0,Higher-Value Customers
7505,1957,PhD,Partner,44155.0,1,1,2014-01-19,24,22,1,9,0,0,14,1,1,1,2,4,0,0,0,0,0,0,0,2,57,46,4,4,161,0.0,Lower-Value Customers
5113,1971,PhD,Alone,86979.0,0,0,2013-11-07,67,584,100,835,65,83,35,1,5,5,5,2,1,0,0,0,0,0,1,0,43,1702,15,1,234,1.0,Higher-Value Customers
10858,1975,Graduation,Partner,76532.0,1,1,2013-09-09,38,355,30,177,90,138,30,4,9,5,7,5,0,0,0,0,0,0,0,2,39,820,21,4,293,1.0,Higher-Value Customers
2961,1982,Graduation,Partner,42081.0,1,0,2013-02-26,86,175,10,110,54,6,27,2,6,3,4,6,1,0,0,0,0,0,0,1,32,382,13,3,488,0.0,Lower-Value Customers
2747,1988,PhD,Partner,67546.0,0,0,2012-08-31,90,864,134,768,150,38,172,1,4,10,5,3,0,0,0,0,0,0,0,0,26,2126,19,2,667,1.0,Higher-Value Customers
3010,1989,Master,Partner,88420.0,0,0,2014-05-02,87,957,153,612,99,95,153,1,4,7,8,1,1,0,1,1,0,0,0,0,25,2069,19,2,58,1.0,Higher-Value Customers
5790,1985,Graduation,Partner,31158.0,1,0,2013-01-27,62,25,6,16,20,0,5,2,2,0,3,8,0,0,0,0,0,0,0,1,29,72,5,3,518,0.0,Lower-Value Customers
6892,1968,Graduation,Alone,61671.0,0,1,2014-06-03,23,641,7,56,0,0,28,8,10,4,6,8,0,1,0,1,0,0,0,1,46,732,20,2,26,1.0,Higher-Value Customers
1743,1974,Graduation,Alone,69719.0,0,0,2014-05-26,99,273,86,208,177,14,43,1,2,3,5,1,0,0,0,0,0,0,0,0,40,801,10,1,34,0.0,Lower-Value Customers
3578,1949,Graduation,Alone,49160.0,0,1,2013-10-20,29,122,21,43,25,10,15,2,3,1,6,6,0,0,0,0,0,0,0,1,65,236,10,2,252,0.0,Lower-Value Customers
8462,1978,Basic,Partner,24882.0,1,0,2012-09-09,52,1,4,10,29,0,36,1,1,1,2,6,1,0,0,0,0,0,0,1,36,80,4,3,658,0.0,Lower-Value Customers
5558,1954,PhD,Alone,90933.0,0,0,2014-03-31,90,1020,31,430,62,63,79,1,4,6,4,1,0,0,1,0,0,0,0,0,60,1685,14,1,90,1.0,Higher-Value Customers
4619,1945,PhD,Alone,113734.0,0,0,2014-05-28,9,6,2,3,1,262,3,0,27,0,0,1,0,0,0,0,0,0,0,0,69,277,27,1,32,1.0,Higher-Value Customers
8780,1950,PhD,Partner,59292.0,0,1,2013-06-13,71,378,14,68,19,14,14,2,3,5,8,3,0,0,0,0,0,0,0,1,64,507,16,3,381,1.0,Higher-Value Customers
10789,1964,PhD,Partner,45759.0,1,1,2013-02-23,13,42,1,18,3,0,4,2,2,0,3,7,0,0,0,0,0,0,0,2,50,68,5,4,491,0.0,Lower-Value Customers
10779,1983,Graduation,Alone,22148.0,0,0,2014-04-13,16,15,5,14,0,4,11,1,1,0,3,7,0,0,0,0,0,0,0,0,31,49,4,1,77,0.0,Lower-Value Customers
5896,1987,Master,Partner,73395.0,0,0,2014-03-18,94,272,7,80,20,7,11,1,4,4,6,2,0,0,0,0,0,0,0,0,27,397,14,2,103,1.0,Higher-Value Customers
2337,1971,Graduation,Alone,29819.0,1,0,2013-10-24,77,9,1,24,2,1,2,3,3,0,3,6,0,0,0,0,0,0,0,1,43,39,6,2,248,0.0,Lower-Value Customers
10951,1968,Graduation,Partner,45688.0,0,1,2014-01-25,20,279,0,18,0,0,9,2,3,1,8,4,0,1,0,0,0,0,0,1,46,306,12,3,155,0.0,Lower-Value Customers
544,1954,Graduation,Partner,62820.0,0,0,2013-05-11,51,398,61,265,138,61,53,1,3,4,6,1,0,0,0,0,0,0,0,0,60,976,13,2,414,1.0,Higher-Value Customers
17,1971,PhD,Partner,60491.0,0,1,2013-09-06,81,637,47,237,12,19,76,4,6,11,7,5,0,0,0,0,0,0,0,1,43,1028,24,3,296,1.0,Higher-Value Customers
10680,1986,Graduation,Partner,33235.0,1,0,2014-02-05,71,45,0,16,2,1,6,1,3,0,3,7,0,0,0,0,0,0,0,1,28,70,6,3,144,0.0,Lower-Value Customers
3265,1959,Graduation,Partner,35701.0,0,0,2013-03-19,36,21,1,9,7,3,5,1,1,0,3,6,0,0,0,0,0,0,0,0,55,46,4,2,467,0.0,Lower-Value Customers
5623,1980,Master,Partner,31535.0,1,0,2013-09-26,95,15,4,13,0,0,19,1,1,1,2,7,1,0,0,0,0,0,0,1,34,51,4,3,276,0.0,Lower-Value Customers
5832,1960,2n Cycle,Partner,92556.0,0,0,2014-04-20,32,493,183,352,184,23,28,0,3,5,13,0,0,0,0,0,0,0,0,0,54,1263,21,2,70,1.0,Higher-Value Customers
5544,1970,Graduation,Alone,67384.0,0,1,2012-11-10,32,957,40,175,158,53,107,2,7,8,5,5,0,1,0,0,0,0,0,1,44,1490,20,2,596,1.0,Higher-Value Customers
6417,1971,Master,Partner,80573.0,0,0,2012-10-14,85,829,138,430,60,92,15,1,4,6,13,2,0,0,0,0,0,0,0,0,43,1564,23,2,623,1.0,Higher-Value Customers
5831,1967,Graduation,Partner,77870.0,0,1,2012-08-22,93,1017,50,500,65,50,133,3,5,5,5,8,0,1,0,1,0,0,1,1,47,1815,15,3,676,1.0,Higher-Value Customers
7101,1963,PhD,Alone,52278.0,0,1,2013-01-25,24,953,0,71,0,0,174,6,10,5,10,8,0,0,0,0,0,0,0,1,51,1198,25,2,520,1.0,Higher-Value Customers
10176,1968,Graduation,Alone,57107.0,0,1,2012-08-24,44,159,0,120,0,0,137,7,4,4,8,8,0,1,0,0,1,0,1,1,46,416,16,2,674,1.0,Higher-Value Customers
2326,1990,Graduation,Partner,18929.0,0,0,2013-02-16,15,32,0,8,23,4,18,1,1,0,4,6,0,0,0,0,0,0,0,0,24,85,5,2,498,0.0,Lower-Value Customers
4385,1981,PhD,Alone,36038.0,1,0,2013-05-31,82,23,0,15,0,2,7,2,3,0,3,6,0,0,0,0,0,0,0,1,33,47,6,2,394,0.0,Lower-Value Customers
2929,1976,Graduation,Alone,20180.0,0,0,2013-02-20,27,18,42,24,15,20,18,1,2,1,4,7,0,0,0,0,0,0,0,0,38,137,7,1,494,0.0,Lower-Value Customers
10686,1965,PhD,Partner,34230.0,1,1,2012-12-26,72,15,0,4,0,0,2,1,1,0,2,7,0,0,0,0,0,0,0,2,49,21,3,4,550,0.0,Lower-Value Customers
2546,1977,2n Cycle,Alone,31878.0,0,1,2014-06-22,7,23,4,5,10,5,23,1,1,0,4,3,0,0,0,0,0,0,0,1,37,70,5,2,7,0.0,Lower-Value Customers
3283,1972,2n Cycle,Partner,70932.0,0,1,2014-01-19,57,200,193,100,46,185,185,2,6,2,12,3,0,0,0,0,0,0,0,1,42,909,20,3,161,1.0,Higher-Value Customers
3138,1956,Graduation,Alone,91249.0,0,0,2012-10-20,84,1324,27,119,71,108,27,0,7,9,6,4,0,1,1,1,1,0,1,0,58,1676,22,1,617,1.0,Higher-Value Customers
4994,1943,Master,Alone,77598.0,0,0,2013-10-01,53,1193,33,281,129,66,33,1,7,5,13,3,0,0,1,0,0,0,0,0,71,1735,25,1,271,1.0,Higher-Value Customers
7966,1959,Graduation,Alone,80982.0,1,1,2013-01-08,48,505,137,401,104,22,22,3,11,5,11,5,0,0,0,0,0,1,0,2,55,1191,27,3,537,1.0,Higher-Value Customers
3112,1977,Master,Partner,22701.0,1,0,2013-09-05,2,2,4,9,0,4,5,1,1,0,3,5,0,0,0,0,0,0,0,1,37,24,4,3,297,0.0,Lower-Value Customers
10872,1969,PhD,Partner,55212.0,0,1,2012-11-23,65,1103,0,45,0,0,34,3,4,2,11,8,0,1,0,0,1,0,0,1,45,1182,17,3,583,1.0,Higher-Value Customers
2181,1970,Graduation,Partner,70617.0,0,0,2013-06-23,45,353,61,753,40,46,27,1,3,3,7,2,0,0,0,0,0,0,0,0,44,1280,13,2,371,1.0,Higher-Value Customers
1867,1957,Graduation,Alone,64849.0,0,0,2012-11-13,42,652,48,350,94,84,108,1,9,3,6,5,0,0,0,0,0,0,1,0,57,1336,18,1,593,1.0,Higher-Value Customers
1518,1965,Master,Partner,62694.0,1,1,2013-06-17,29,379,6,157,25,91,91,5,9,3,7,7,0,0,0,0,0,0,0,2,49,749,19,4,377,1.0,Higher-Value Customers
5734,1974,PhD,Partner,61917.0,1,1,2013-11-20,83,46,4,36,2,2,1,1,2,0,4,5,0,0,0,0,0,0,0,2,40,91,6,4,221,0.0,Lower-Value Customers
2878,1947,PhD,Partner,67472.0,0,1,2013-09-28,93,162,31,127,8,17,69,2,4,2,7,3,0,0,0,0,0,0,0,1,67,414,13,3,274,1.0,Higher-Value Customers
1458,1982,Master,Partner,21059.0,1,0,2014-01-07,40,8,3,19,3,3,8,3,3,0,3,6,0,0,0,0,0,0,0,1,32,44,6,3,173,0.0,Lower-Value Customers
7007,1968,Master,Partner,29543.0,2,0,2014-04-01,47,17,3,18,3,4,18,2,3,1,2,7,0,0,0,0,0,0,0,2,46,63,6,4,89,0.0,Lower-Value Customers
6200,1951,Graduation,Partner,75903.0,0,1,2013-04-08,50,340,108,185,130,38,100,2,6,6,9,3,0,0,0,0,0,0,0,1,63,901,21,3,447,1.0,Higher-Value Customers
1403,1975,2n Cycle,Partner,34984.0,1,1,2012-09-06,40,8,4,15,3,5,3,2,1,0,3,7,0,0,0,0,0,0,0,2,39,38,4,4,661,0.0,Lower-Value Customers
4827,1956,PhD,Alone,54998.0,0,1,2013-03-10,3,154,22,202,39,30,8,5,4,2,9,4,0,0,0,0,0,0,1,1,58,455,15,2,476,1.0,Higher-Value Customers
6250,1949,PhD,Alone,54356.0,0,1,2012-11-19,62,710,15,30,20,0,0,3,11,2,8,8,0,0,0,0,0,0,1,1,65,775,21,2,587,1.0,Higher-Value Customers
9291,1959,Master,Partner,34242.0,0,1,2014-03-23,25,8,2,4,0,0,1,1,0,0,3,5,0,0,0,0,0,0,0,1,55,15,3,3,98,0.0,Lower-Value Customers
2478,1973,Graduation,Partner,25410.0,1,0,2013-08-31,48,2,2,4,13,13,4,1,1,0,4,4,0,0,0,0,0,0,0,1,41,38,5,3,302,0.0,Lower-Value Customers
1139,1984,PhD,Partner,73356.0,0,0,2014-02-06,56,1050,14,322,0,14,112,1,5,11,5,2,1,0,1,1,0,0,1,0,30,1512,21,2,143,1.0,Higher-Value Customers
5138,1950,Graduation,Partner,28320.0,0,1,2013-01-14,68,19,1,14,3,2,4,1,1,0,3,8,0,0,0,0,0,0,0,1,64,43,4,3,531,0.0,Lower-Value Customers
5393,1977,Graduation,Alone,23763.0,1,0,2012-08-07,64,22,0,6,6,2,6,1,1,0,3,7,0,0,0,0,0,0,0,1,37,42,4,2,691,0.0,Lower-Value Customers
10413,1984,Graduation,Partner,72570.0,0,0,2014-04-25,67,274,83,216,151,141,224,1,4,6,12,1,0,0,0,0,0,0,0,0,30,1089,22,2,65,1.0,Higher-Value Customers
5015,1976,Master,Partner,34529.0,1,0,2012-09-14,94,68,6,38,3,6,41,2,2,2,3,7,0,0,0,0,0,0,0,1,38,162,7,3,653,0.0,Lower-Value Customers
10868,1951,Graduation,Alone,70792.0,0,0,2013-02-06,82,344,45,654,104,11,114,2,3,4,10,3,0,0,0,0,0,0,0,0,63,1272,17,1,508,1.0,Higher-Value Customers
10676,1982,Graduation,Partner,63211.0,0,0,2012-11-02,3,145,193,459,205,26,145,2,3,8,7,2,0,0,0,0,0,0,1,0,32,1173,18,2,604,1.0,Higher-Value Customers
2495,1974,Master,Partner,83891.0,0,1,2014-06-20,24,217,38,350,111,85,15,1,4,7,10,1,0,0,0,0,0,0,0,1,40,816,21,3,9,1.0,Higher-Value Customers
7842,1968,Graduation,Alone,36065.0,1,1,2013-03-31,54,18,7,34,10,2,3,3,3,0,3,8,0,0,0,0,0,0,0,2,46,74,6,3,455,0.0,Lower-Value Customers
9955,1954,Graduation,Partner,39898.0,0,1,2013-02-12,20,69,8,26,12,7,12,2,3,0,4,7,0,0,0,0,0,0,0,1,60,134,7,3,502,0.0,Lower-Value Customers
6663,1940,PhD,Alone,51141.0,0,0,2013-07-08,96,144,0,7,0,0,6,1,3,1,4,5,0,0,0,0,0,0,0,0,74,157,8,1,356,0.0,Lower-Value Customers
2162,1976,Graduation,Partner,56939.0,0,1,2013-09-18,19,256,34,103,90,29,49,2,3,3,10,3,0,0,0,0,0,0,0,1,38,561,16,3,284,1.0,Higher-Value Customers
3434,1951,Graduation,Alone,80872.0,0,0,2014-05-12,60,483,72,567,94,12,108,1,4,4,10,1,0,0,0,0,0,0,0,0,63,1336,18,1,48,1.0,Higher-Value Customers
7919,1976,PhD,Partner,72335.0,0,0,2012-08-13,2,1285,105,653,28,21,0,1,10,4,8,8,0,0,0,0,0,0,1,0,38,2092,22,2,685,1.0,Higher-Value Customers
5626,1964,PhD,Alone,61798.0,0,0,2013-11-23,13,338,4,89,11,8,13,1,4,2,9,4,0,0,0,0,0,0,0,0,50,463,15,1,218,1.0,Higher-Value Customers
6428,1950,PhD,Alone,76842.0,0,0,2014-05-03,37,605,10,345,84,54,32,1,1,8,7,0,0,0,0,0,0,0,0,0,64,1130,16,1,57,1.0,Higher-Value Customers
8514,1976,Graduation,Partner,29478.0,1,0,2014-01-17,59,8,0,7,3,1,1,1,1,0,3,6,0,0,0,0,0,0,0,1,38,20,4,3,163,0.0,Lower-Value Customers
10448,1956,Graduation,Alone,46998.0,0,1,2012-10-22,55,172,41,86,45,6,27,5,5,3,5,7,1,0,0,0,0,0,0,1,58,377,13,2,615,0.0,Lower-Value Customers
2109,1990,Graduation,Alone,96843.0,0,0,2013-04-23,60,448,71,951,40,17,17,1,6,11,10,2,0,0,1,0,0,0,1,0,24,1544,27,1,432,1.0,Higher-Value Customers
7530,1950,PhD,Alone,56551.0,1,1,2014-05-07,48,67,4,32,17,2,16,3,2,1,4,4,0,0,0,0,0,0,0,2,64,138,7,3,53,0.0,Lower-Value Customers
8925,1965,Master,Partner,70053.0,0,1,2013-07-03,38,512,53,98,81,179,89,3,8,5,10,5,0,0,0,0,0,0,0,1,49,1012,23,3,361,1.0,Higher-Value Customers
3009,1962,PhD,Alone,71670.0,0,0,2013-07-09,8,1462,16,128,0,0,160,1,5,3,6,6,0,1,1,0,1,0,1,0,52,1766,14,1,355,1.0,Higher-Value Customers
6355,1978,Graduation,Partner,44359.0,1,1,2014-06-17,19,20,0,14,7,3,1,3,2,0,4,3,0,0,0,0,0,0,0,2,36,45,6,4,12,0.0,Lower-Value Customers
3517,1952,Graduation,Alone,40887.0,1,1,2013-05-06,32,50,4,44,10,10,43,3,3,1,3,9,0,0,0,0,0,0,1,2,62,161,7,3,419,0.0,Lower-Value Customers
1158,1966,Graduation,Alone,48877.0,0,1,2014-01-05,27,102,1,15,2,0,24,1,3,0,4,7,0,0,0,0,0,0,0,1,48,144,7,2,175,0.0,Lower-Value Customers
6203,1947,Graduation,Partner,74485.0,0,0,2013-08-24,58,499,149,815,173,49,49,1,6,7,12,3,0,0,0,0,0,0,0,0,67,1734,25,2,309,1.0,Higher-Value Customers
7165,1972,Graduation,Partner,64474.0,0,1,2013-10-22,59,381,35,172,56,86,93,2,8,2,10,5,0,0,0,0,0,0,0,1,42,823,20,3,250,1.0,Higher-Value Customers
3595,1963,Graduation,Partner,77226.0,0,1,2014-02-28,29,631,43,239,128,76,21,2,6,8,12,3,0,0,0,0,0,0,0,1,51,1138,26,3,121,1.0,Higher-Value Customers
8537,1949,Graduation,Alone,72643.0,0,0,2013-02-27,60,526,80,553,123,94,53,1,3,10,7,2,0,0,0,1,0,0,1,0,65,1429,20,1,487,1.0,Higher-Value Customers
4331,1978,Master,Partner,85738.0,0,0,2014-01-23,41,913,26,376,17,26,13,1,3,6,11,1,0,1,1,0,0,0,0,0,36,1371,20,2,157,1.0,Higher-Value Customers
6281,1966,Graduation,Alone,55686.0,0,1,2013-02-14,27,673,0,199,37,47,26,2,6,3,5,4,1,0,0,0,0,0,0,1,48,982,14,2,500,1.0,Higher-Value Customers
4338,1983,Graduation,Alone,39062.0,1,0,2014-03-25,28,23,0,9,0,0,12,1,1,0,3,4,1,0,0,0,0,0,0,1,31,44,4,2,96,0.0,Lower-Value Customers
2452,1971,Graduation,Partner,34600.0,1,1,2013-01-01,8,199,33,60,8,3,15,5,5,2,5,8,0,0,0,0,0,0,1,2,43,318,12,4,544,0.0,Lower-Value Customers
9507,1975,Graduation,Partner,40794.0,0,1,2013-04-07,18,261,23,73,4,23,50,2,6,3,5,7,0,0,0,0,0,0,0,1,39,434,14,3,448,0.0,Lower-Value Customers
8360,1971,2n Cycle,Partner,54690.0,1,1,2013-11-07,76,111,16,37,7,9,18,3,3,1,5,3,0,0,0,0,0,0,0,2,43,198,9,4,234,0.0,Lower-Value Customers
10311,1969,Graduation,Partner,4428.0,0,1,2013-10-05,0,16,4,12,2,4,321,0,25,0,0,1,0,0,0,0,0,0,0,1,45,359,25,3,267,1.0,Higher-Value Customers
5117,1963,2n Cycle,Partner,32632.0,0,0,2012-08-02,32,63,151,137,153,19,53,2,4,4,8,5,0,0,0,0,0,0,0,0,51,576,16,2,696,1.0,Higher-Value Customers
4867,1968,PhD,Alone,38236.0,1,1,2013-09-20,2,58,0,18,2,0,10,4,3,0,4,7,0,0,0,0,0,0,0,2,46,88,7,3,282,0.0,Lower-Value Customers
9289,1979,Graduation,Partner,36781.0,1,0,2014-04-10,16,29,1,17,0,3,13,1,2,1,2,8,0,0,0,0,0,0,1,1,35,63,5,3,80,0.0,Lower-Value Customers
10913,1984,Master,Alone,31385.0,1,0,2012-12-05,56,3,2,12,0,1,9,1,1,0,2,8,1,0,0,0,0,0,1,1,30,27,3,2,571,0.0,Lower-Value Customers
3032,1984,Graduation,Partner,24570.0,1,0,2013-02-27,97,28,34,62,11,14,44,3,4,0,4,9,0,0,0,0,0,0,0,1,30,193,8,3,487,0.0,Lower-Value Customers
8524,1974,PhD,Alone,25509.0,1,0,2012-09-18,15,40,3,30,10,7,11,3,3,0,3,9,0,0,0,0,0,0,1,1,40,101,6,2,649,0.0,Lower-Value Customers
3334,1951,Graduation,Partner,94642.0,0,0,2014-02-12,35,879,143,797,106,143,143,0,5,7,9,1,0,0,1,1,0,0,0,0,63,2211,21,2,137,1.0,Higher-Value Customers
4470,1962,Master,Partner,58646.0,0,1,2013-06-10,3,62,1,44,6,5,22,1,2,1,4,4,0,0,0,0,0,0,0,1,52,140,7,3,384,0.0,Lower-Value Customers
1406,1975,Graduation,Alone,53201.0,1,1,2013-02-12,49,280,7,81,20,0,27,8,6,3,5,7,0,0,0,0,0,0,0,2,39,415,14,3,502,1.0,Higher-Value Customers
8619,1957,Graduation,Partner,21994.0,0,1,2012-12-24,4,9,0,6,3,1,3,1,0,0,3,5,0,0,0,0,0,0,0,1,57,22,3,3,552,0.0,Lower-Value Customers
10821,1978,Graduation,Partner,57113.0,1,1,2013-02-06,45,182,4,33,0,2,42,6,4,1,5,7,0,0,0,0,0,0,0,2,36,263,10,4,508,0.0,Lower-Value Customers
4552,1991,Graduation,Partner,51373.0,0,0,2013-06-22,37,83,2,101,64,26,117,1,3,5,3,4,0,0,0,0,0,0,0,0,23,393,11,2,372,0.0,Lower-Value Customers
898,1986,Graduation,Partner,23477.0,1,0,2013-10-21,39,38,15,54,3,8,29,3,3,0,4,8,0,0,0,0,0,0,0,1,28,147,7,3,251,0.0,Lower-Value Customers
9797,1956,Graduation,Partner,58116.0,0,1,2014-04-13,38,228,19,130,4,11,51,2,3,3,8,2,0,0,0,0,0,0,0,1,58,443,14,3,77,1.0,Higher-Value Customers
10949,1963,PhD,Alone,72968.0,0,0,2013-12-16,8,1092,37,592,145,37,55,1,5,5,8,3,0,0,0,1,0,0,1,0,51,1958,18,1,195,1.0,Higher-Value Customers
8212,1971,Master,Partner,39791.0,0,1,2013-03-28,89,85,15,27,13,13,21,2,3,1,4,7,0,0,0,0,0,0,0,1,43,174,8,3,458,0.0,Lower-Value Customers
6248,1947,Master,Alone,91712.0,0,0,2013-10-17,47,1276,24,746,94,29,48,0,9,7,11,3,0,0,1,0,0,0,1,0,67,2217,27,1,255,1.0,Higher-Value Customers
10164,1958,Graduation,Alone,94472.0,0,1,2014-04-03,75,1017,33,417,108,100,16,1,5,5,5,5,0,1,1,0,0,0,0,1,56,1691,15,2,87,1.0,Higher-Value Customers
4547,1960,Graduation,Partner,13672.0,1,1,2013-04-17,86,6,2,9,2,1,5,2,1,0,3,8,0,0,0,0,0,0,0,2,54,25,4,4,438,0.0,Lower-Value Customers
6815,1980,2n Cycle,Partner,96547.0,0,0,2014-05-23,4,448,21,125,52,101,62,0,7,6,8,2,1,0,1,1,0,0,1,0,34,809,21,2,37,1.0,Higher-Value Customers
4122,1975,Graduation,Partner,79205.0,0,0,2012-08-29,73,504,23,117,179,28,44,1,6,5,4,4,0,0,0,1,0,0,1,0,39,895,15,2,669,1.0,Higher-Value Customers
10841,1975,PhD,Partner,56559.0,0,1,2012-12-25,46,226,22,133,41,31,31,3,4,3,8,4,0,0,0,0,0,0,0,1,39,484,15,3,551,1.0,Higher-Value Customers
5370,1973,PhD,Partner,32644.0,1,0,2013-01-16,38,239,3,141,0,7,23,4,7,1,6,8,1,0,0,0,0,0,0,1,41,413,14,3,529,0.0,Lower-Value Customers
176,1980,2n Cycle,Alone,67506.0,0,1,2014-01-02,73,90,38,67,33,36,67,1,4,1,6,3,0,0,0,0,0,0,0,1,34,331,11,2,178,0.0,Lower-Value Customers
4860,1970,Graduation,Alone,24206.0,1,0,2013-03-08,66,7,2,8,3,2,3,1,1,0,3,6,0,0,0,0,0,0,0,1,44,25,4,2,478,0.0,Lower-Value Customers
10757,1967,PhD,Alone,28420.0,1,0,2013-12-24,36,4,2,5,2,0,0,1,1,0,2,6,0,0,0,0,0,0,0,1,47,13,3,2,187,0.0,Lower-Value Customers
4023,1970,Graduation,Partner,22979.0,1,0,2012-09-06,29,16,17,19,20,21,22,3,3,2,2,8,0,0,0,0,0,0,1,1,44,115,7,3,661,0.0,Lower-Value Customers
6679,1966,Graduation,Alone,33279.0,0,0,2014-06-12,29,10,3,3,0,0,0,1,0,0,3,3,0,0,0,0,0,0,0,0,48,16,3,1,17,0.0,Lower-Value Customers
9923,1972,Master,Alone,46423.0,1,1,2013-09-18,6,68,0,16,0,0,8,3,2,0,4,7,0,0,0,0,0,0,0,2,42,92,6,3,284,0.0,Lower-Value Customers
7181,1977,Graduation,Partner,30368.0,0,1,2013-11-07,97,35,0,13,2,0,2,2,2,0,3,8,0,0,0,0,0,0,0,1,37,52,5,3,234,0.0,Lower-Value Customers
3599,1970,Graduation,Partner,63684.0,0,1,2012-11-26,61,575,80,428,208,93,80,3,8,4,8,5,0,0,0,0,0,0,0,1,44,1464,20,3,580,1.0,Higher-Value Customers
405,1964,Graduation,Alone,41638.0,0,1,2013-02-13,68,315,0,31,4,0,91,4,5,5,3,8,1,0,0,0,0,0,0,1,50,441,13,2,501,0.0,Lower-Value Customers
6870,1959,PhD,Alone,68805.0,0,1,2013-09-17,73,182,2,49,17,13,20,1,3,1,7,2,0,0,0,0,0,0,0,1,55,283,11,2,285,0.0,Lower-Value Customers
832,1966,PhD,Partner,65814.0,0,1,2014-03-02,90,561,14,113,10,14,35,3,8,2,10,5,0,0,0,0,0,0,0,1,48,747,20,3,119,1.0,Higher-Value Customers
2002,1958,Graduation,Alone,71964.0,0,0,2013-05-20,81,587,51,932,180,34,86,1,5,6,5,3,0,0,0,0,0,0,0,0,56,1870,16,1,405,1.0,Higher-Value Customers
3657,1986,Graduation,Alone,39146.0,1,0,2013-02-14,1,94,1,33,13,12,12,3,4,0,4,8,0,0,0,0,0,0,0,1,28,165,8,2,500,0.0,Lower-Value Customers
500,1977,Graduation,Partner,96876.0,0,0,2013-08-06,79,908,43,735,40,194,21,1,7,7,9,2,0,1,1,1,0,0,1,0,37,1941,23,2,327,1.0,Higher-Value Customers
1951,1981,Basic,Partner,34445.0,0,0,2013-01-27,92,228,122,122,208,129,30,6,11,2,8,9,0,0,0,0,0,0,0,0,33,839,21,2,518,1.0,Higher-Value Customers
3262,1958,Graduation,Alone,68281.0,0,0,2012-08-07,31,995,112,417,42,48,41,1,2,9,13,5,0,0,0,0,0,0,1,0,56,1655,24,1,691,1.0,Higher-Value Customers
4102,1975,2n Cycle,Partner,37284.0,1,1,2013-03-29,46,11,1,2,2,1,6,1,0,0,3,6,0,0,0,0,0,0,0,2,39,23,3,4,457,0.0,Lower-Value Customers
7042,1983,Graduation,Partner,36790.0,0,0,2013-03-01,14,3,3,14,15,21,10,1,2,1,2,9,0,0,0,0,0,0,1,0,31,66,5,2,485,0.0,Lower-Value Customers
10598,1967,Graduation,Partner,27943.0,1,1,2013-04-15,89,12,1,16,4,1,3,3,2,0,3,8,0,0,0,0,0,0,0,2,47,37,5,4,440,0.0,Lower-Value Customers
255,1951,Graduation,Alone,22263.0,1,1,2014-03-30,31,17,0,2,0,0,2,2,1,0,3,6,0,0,0,0,0,1,0,2,63,21,4,3,91,0.0,Lower-Value Customers
2375,1972,Graduation,Partner,30261.0,1,2,2012-09-25,75,8,0,5,0,3,6,1,0,0,3,8,0,0,0,0,0,0,0,3,42,22,3,5,642,0.0,Lower-Value Customers
9829,1978,Graduation,Partner,28587.0,1,0,2014-02-12,42,22,4,17,12,10,13,3,2,0,4,6,0,0,0,0,0,0,0,1,36,78,6,3,137,0.0,Lower-Value Customers
6214,1982,Master,Partner,43815.0,1,0,2013-04-05,53,14,10,29,4,7,15,1,2,0,3,6,0,0,0,0,0,0,0,1,32,79,5,3,450,0.0,Lower-Value Customers
4954,1956,Graduation,Partner,48195.0,1,1,2014-01-21,53,106,27,68,52,7,5,6,4,2,5,6,0,0,0,0,0,0,0,2,58,265,11,4,159,0.0,Lower-Value Customers
7861,1952,Master,Partner,77027.0,0,1,2014-02-05,23,820,57,242,45,0,11,2,8,3,6,4,0,0,0,0,0,0,0,1,62,1175,17,3,144,1.0,Higher-Value Customers
4837,1965,PhD,Partner,71322.0,0,1,2013-02-16,57,753,43,226,69,10,204,2,8,5,13,4,0,0,0,0,0,0,0,1,49,1305,26,3,498,1.0,Higher-Value Customers
9423,1979,Master,Partner,32765.0,1,0,2014-02-23,49,13,3,17,7,3,3,2,2,0,4,5,0,0,0,0,0,0,0,1,35,46,6,3,126,0.0,Lower-Value Customers
4198,1965,Graduation,Partner,29672.0,1,1,2013-03-12,6,9,1,3,0,4,8,1,0,0,3,6,0,0,0,0,0,0,0,2,49,25,3,4,474,0.0,Lower-Value Customers
153,1953,Graduation,Alone,23272.0,0,0,2013-10-17,29,19,3,6,4,2,12,1,1,0,3,4,0,0,0,0,0,0,0,0,61,46,4,1,255,0.0,Lower-Value Customers
9323,1949,Master,Partner,49912.0,0,1,2012-09-07,5,520,8,223,32,49,42,4,10,5,7,8,1,0,0,0,0,0,1,1,65,874,22,3,660,1.0,Higher-Value Customers
10001,1985,2n Cycle,Partner,7500.0,1,0,2012-08-01,98,5,17,17,13,14,34,4,2,1,3,9,0,0,0,0,0,0,0,1,29,100,6,3,697,0.0,Lower-Value Customers
3945,1947,PhD,Alone,68117.0,0,1,2013-03-10,80,618,44,215,0,17,36,2,11,8,4,6,1,0,0,0,0,0,1,1,67,930,23,2,476,1.0,Higher-Value Customers
3799,1955,Graduation,Partner,67225.0,0,1,2013-11-26,4,315,35,322,46,7,143,3,7,2,11,5,0,0,0,0,0,0,0,1,59,868,20,3,215,1.0,Higher-Value Customers
8625,1976,Graduation,Partner,17649.0,1,0,2013-11-12,70,15,1,23,0,5,1,3,3,0,3,8,0,0,0,0,0,0,0,1,38,45,6,3,229,0.0,Lower-Value Customers
3491,1975,Graduation,Partner,55914.0,0,1,2013-04-29,32,384,60,364,119,101,232,4,11,6,8,7,0,0,0,0,0,0,0,1,39,1260,25,3,426,1.0,Higher-Value Customers
983,1984,Graduation,Partner,40059.0,1,0,2013-09-28,82,110,29,92,28,10,145,1,6,2,3,8,1,0,0,0,0,0,0,1,30,414,11,3,274,0.0,Lower-Value Customers
9119,1950,Graduation,Partner,60905.0,0,1,2013-12-05,27,208,17,76,36,17,38,2,3,3,7,2,0,0,0,0,0,0,0,1,64,392,13,3,206,1.0,Higher-Value Customers
4786,1977,Graduation,Partner,75330.0,1,1,2012-10-04,94,555,82,257,93,61,61,4,10,3,12,6,0,0,0,0,0,0,0,2,37,1109,25,4,633,1.0,Higher-Value Customers
5872,1951,Graduation,Alone,60689.0,0,1,2013-06-01,23,240,90,216,63,6,24,4,4,4,10,3,0,0,0,0,0,0,0,1,63,639,18,2,393,1.0,Higher-Value Customers
6568,1984,Graduation,Partner,38680.0,1,0,2013-03-28,97,11,0,36,15,5,12,1,2,0,3,7,0,0,0,0,0,0,0,1,30,79,5,3,458,0.0,Lower-Value Customers
5628,1982,Graduation,Partner,61416.0,0,0,2013-02-08,25,848,154,323,201,61,78,1,10,3,10,6,1,0,0,0,0,0,0,0,32,1665,23,2,506,1.0,Higher-Value Customers
5631,1991,Graduation,Alone,49767.0,0,0,2013-05-02,92,202,47,197,55,42,149,1,5,4,8,4,0,0,0,0,0,0,0,0,23,692,17,1,423,1.0,Higher-Value Customers
4974,1970,Graduation,Alone,83273.0,1,2,2012-09-25,98,433,89,650,16,102,102,10,4,6,9,7,0,0,0,0,0,0,0,3,44,1392,19,4,642,1.0,Higher-Value Customers
8416,1981,Graduation,Partner,29009.0,1,0,2013-11-29,19,6,6,15,10,5,2,2,2,0,3,6,0,0,0,0,0,0,0,1,33,44,5,3,212,0.0,Lower-Value Customers
5454,1979,Master,Partner,45057.0,1,0,2013-12-01,80,37,0,7,3,0,3,1,2,0,3,5,0,0,0,0,0,0,0,1,35,50,5,3,210,0.0,Lower-Value Customers
4095,1971,Graduation,Partner,37150.0,1,0,2012-09-11,80,167,37,64,49,34,116,8,4,3,6,7,0,0,0,0,0,0,0,1,43,467,13,3,656,0.0,Lower-Value Customers
5474,1970,Graduation,Alone,43020.0,1,0,2013-11-30,79,45,7,99,4,25,43,3,4,1,4,6,0,0,0,0,0,0,0,1,44,223,9,2,211,0.0,Lower-Value Customers
4268,1959,Graduation,Partner,53154.0,0,1,2014-06-09,50,129,0,21,0,1,7,1,3,1,4,4,0,0,0,0,0,0,0,1,55,158,8,3,20,0.0,Lower-Value Customers
10701,1973,Graduation,Partner,65308.0,0,0,2013-09-11,60,713,0,264,120,80,34,1,7,8,12,4,0,0,1,1,0,0,0,0,41,1211,27,2,291,1.0,Higher-Value Customers
3507,1970,Graduation,Alone,76467.0,1,0,2012-08-17,44,676,161,426,210,44,58,2,2,5,5,6,0,0,0,0,0,0,1,1,44,1575,12,2,681,1.0,Higher-Value Customers
2079,1947,2n Cycle,Partner,81044.0,0,0,2013-12-27,0,450,26,535,73,98,26,1,5,6,10,1,0,0,0,0,0,0,0,0,67,1208,21,2,184,1.0,Higher-Value Customers
626,1951,Graduation,Partner,32871.0,1,1,2013-03-09,28,22,2,12,0,2,5,1,1,0,3,4,0,0,0,0,0,0,0,2,63,43,4,4,477,0.0,Lower-Value Customers
4426,1975,Graduation,Alone,55801.0,1,1,2013-09-22,35,367,4,51,6,4,95,6,7,2,6,7,0,0,0,1,0,0,0,2,39,527,15,3,280,1.0,Higher-Value Customers
2591,1959,Graduation,Alone,76320.0,0,1,2014-06-22,49,526,35,214,69,53,35,2,6,3,4,2,0,0,0,0,0,0,0,1,55,932,13,2,7,1.0,Higher-Value Customers
10509,1955,Master,Alone,36927.0,1,1,2014-06-02,46,51,0,16,0,0,4,2,3,0,3,8,0,0,0,0,0,0,0,2,59,71,6,3,27,0.0,Lower-Value Customers
6382,1953,Graduation,Partner,48794.0,1,1,2014-06-26,97,25,0,11,3,0,15,1,1,0,3,4,0,0,0,0,0,0,0,2,61,54,4,4,3,0.0,Lower-Value Customers
6673,1965,Graduation,Alone,23478.0,0,0,2013-03-19,51,28,6,27,12,17,39,1,3,0,3,8,0,0,0,0,0,0,0,0,49,129,6,1,467,0.0,Lower-Value Customers
7441,1973,Graduation,Alone,71128.0,1,0,2012-10-06,80,958,159,447,20,0,31,3,2,10,12,7,0,0,0,0,0,0,0,1,41,1615,24,2,631,1.0,Higher-Value Customers
1071,1976,PhD,Alone,70179.0,0,1,2013-07-21,10,532,88,168,69,44,133,3,7,3,13,5,0,0,0,0,0,0,0,1,38,1034,23,2,343,1.0,Higher-Value Customers
10061,1950,Graduation,Partner,59462.0,0,1,2013-01-05,29,724,17,143,0,8,196,2,9,2,12,7,0,0,0,0,0,0,0,1,64,1088,23,3,540,1.0,Higher-Value Customers
7187,1969,Master,Partner,51381.5,1,1,2013-05-18,52,375,42,48,94,66,96,7,4,10,4,3,0,0,0,0,0,0,0,2,45,721,18,4,407,1.0,Higher-Value Customers
8775,1969,Graduation,Partner,38361.0,1,0,2013-12-27,74,39,0,56,20,8,14,3,3,1,3,7,0,0,0,0,0,0,0,1,45,137,7,3,184,0.0,Lower-Value Customers
1612,1981,PhD,Alone,51381.5,1,0,2013-05-31,82,23,0,15,0,2,7,2,3,0,3,6,0,0,0,0,0,0,0,1,33,47,6,2,394,0.0,Lower-Value Customers
2345,1982,PhD,Partner,70038.0,0,0,2013-10-25,54,587,54,348,71,54,130,1,4,4,8,2,0,0,0,0,0,0,0,0,32,1244,16,2,247,1.0,Higher-Value Customers
322,1978,Graduation,Partner,42554.0,1,1,2013-01-12,93,29,1,11,0,0,0,2,2,0,3,4,0,0,0,0,0,0,0,2,36,41,5,4,533,0.0,Lower-Value Customers
10897,1974,Graduation,Partner,67445.0,0,1,2012-08-12,63,757,80,217,29,80,11,5,9,6,12,6,0,0,0,0,0,0,0,1,40,1174,27,3,686,1.0,Higher-Value Customers
123,1951,Graduation,Alone,67046.0,0,1,2013-01-06,92,544,35,133,23,151,107,2,4,5,4,2,0,0,0,0,0,0,0,1,63,993,13,2,539,1.0,Higher-Value Customers
6103,1948,Graduation,Partner,42192.0,0,0,2013-09-06,40,40,15,15,17,6,7,1,2,1,3,4,0,0,0,0,0,0,0,0,66,100,6,2,296,0.0,Lower-Value Customers
7899,1952,PhD,Partner,77610.0,0,1,2012-10-29,70,1245,33,332,21,33,16,2,4,7,4,7,0,0,0,0,0,0,0,1,62,1680,15,3,608,1.0,Higher-Value Customers
10500,1984,Graduation,Partner,31761.0,1,0,2014-04-05,96,19,1,20,16,14,28,2,3,0,4,5,0,0,0,0,0,0,0,1,30,98,7,3,85,0.0,Lower-Value Customers
1655,1979,Graduation,Partner,34350.0,1,0,2013-10-19,81,16,3,15,2,1,11,1,1,0,3,7,0,0,0,0,0,0,0,1,35,48,4,3,253,0.0,Lower-Value Customers
2406,1949,Graduation,Partner,54591.0,0,1,2013-08-05,63,376,4,94,12,9,24,3,6,2,8,5,0,0,0,0,0,0,0,1,65,519,16,3,328,1.0,Higher-Value Customers
2712,1956,Graduation,Partner,71866.0,0,1,2013-12-25,85,184,178,178,103,39,33,1,6,3,10,3,0,0,0,0,0,0,0,1,58,715,19,3,186,1.0,Higher-Value Customers
5517,1969,Graduation,Partner,25293.0,1,0,2013-09-15,51,15,0,11,0,2,9,1,1,1,2,8,0,0,0,0,0,0,0,1,45,37,4,3,287,0.0,Lower-Value Customers
10643,1987,PhD,Alone,42000.0,0,0,2013-01-10,23,124,83,267,85,59,35,2,5,2,11,5,0,0,0,0,0,0,1,0,27,653,18,1,535,1.0,Higher-Value Customers
2254,1983,Graduation,Partner,69520.0,0,0,2013-07-07,95,627,120,414,121,80,93,1,9,6,5,5,0,0,0,0,0,0,0,0,31,1455,20,2,357,1.0,Higher-Value Customers
10281,1970,Graduation,Alone,64713.0,1,0,2014-02-07,11,180,60,241,13,54,54,2,5,5,7,4,0,0,0,0,0,0,1,1,44,602,17,2,142,1.0,Higher-Value Customers
6958,1977,Master,Partner,27889.0,1,0,2013-07-05,42,14,0,4,0,0,8,1,1,1,2,6,0,0,0,0,0,0,0,1,37,26,4,3,359,0.0,Lower-Value Customers
954,1960,Basic,Alone,22123.0,0,0,2014-03-27,77,3,3,24,34,7,31,1,2,1,3,5,0,0,0,0,0,0,0,0,54,102,6,1,94,0.0,Lower-Value Customers
5079,1971,Graduation,Partner,51381.5,1,1,2013-03-03,82,71,1,16,0,0,9,4,2,1,3,8,0,0,0,0,0,0,0,2,43,97,6,4,483,0.0,Lower-Value Customers
10339,1954,Master,Partner,51381.5,0,1,2013-06-23,83,161,0,22,0,0,24,2,4,1,4,6,0,0,0,0,0,0,0,1,60,207,9,3,371,0.0,Lower-Value Customers
4643,1973,Graduation,Partner,27803.0,1,0,2012-08-26,40,8,26,46,38,9,49,2,3,0,4,8,0,0,0,0,0,0,0,1,41,176,7,3,672,0.0,Lower-Value Customers
3117,1955,Graduation,Alone,51381.5,0,1,2013-10-18,95,264,0,21,12,6,147,3,6,1,5,7,0,0,0,0,0,0,0,1,59,450,12,2,254,0.0,Lower-Value Customers
6497,1960,Graduation,Partner,51651.0,0,1,2012-11-07,32,293,6,23,13,6,92,4,6,2,5,8,0,0,0,0,0,0,0,1,54,433,13,3,599,0.0,Lower-Value Customers
5396,1988,Graduation,Partner,68487.0,0,0,2013-01-13,48,758,12,385,33,89,89,1,9,7,13,4,0,0,0,0,0,0,0,0,26,1366,29,2,532,1.0,Higher-Value Customers
5250,1943,Master,Alone,51381.5,0,0,2013-10-30,75,532,126,490,164,126,126,1,5,5,11,1,0,0,1,0,0,0,1,0,71,1564,21,1,242,1.0,Higher-Value Customers
1052,1969,Graduation,Partner,56796.0,0,1,2013-02-16,24,656,38,161,62,47,37,3,8,9,7,7,0,0,0,0,0,0,0,1,45,1001,24,3,498,1.0,Higher-Value Customers
2802,1992,2n Cycle,Partner,87000.0,0,0,2012-12-15,61,196,25,607,67,17,49,1,4,6,7,2,0,0,0,0,0,0,0,0,22,961,17,2,561,1.0,Higher-Value Customers
6343,1959,Graduation,Partner,79823.0,0,1,2014-03-31,6,835,73,380,114,73,43,1,6,9,7,2,0,1,0,0,0,0,0,1,55,1518,22,3,90,1.0,Higher-Value Customers
6507,1980,Graduation,Alone,30828.0,1,0,2013-10-04,16,16,11,15,2,0,12,2,1,1,4,3,0,0,0,0,0,0,0,1,34,56,6,2,268,0.0,Lower-Value Customers
7901,1971,Master,Partner,34109.0,0,1,2013-11-06,39,9,1,5,2,1,4,1,0,0,3,4,0,0,0,0,0,0,0,1,43,22,3,3,235,0.0,Lower-Value Customers
4865,1974,Master,Alone,53367.0,1,1,2013-08-31,2,229,7,140,10,3,11,7,5,1,8,7,0,0,0,0,0,0,1,2,40,400,14,3,302,1.0,Higher-Value Customers
2686,1969,Basic,Partner,22390.0,0,0,2013-10-21,49,0,1,4,15,1,5,1,1,0,2,7,0,0,0,0,0,0,0,0,45,26,3,2,251,0.0,Lower-Value Customers
3107,1976,Graduation,Partner,71322.0,0,1,2014-05-02,31,121,24,124,24,15,42,1,4,1,7,2,0,0,0,0,0,0,0,1,38,350,12,3,58,0.0,Lower-Value Customers
1146,1949,Master,Partner,49912.0,0,1,2012-09-07,5,520,8,223,32,49,42,4,10,5,7,8,1,0,0,0,0,0,1,1,65,874,22,3,660,1.0,Higher-Value Customers
11031,1950,PhD,Partner,48699.0,1,1,2013-05-21,90,26,1,10,2,0,1,1,1,0,3,5,0,0,0,0,0,0,0,2,64,40,4,4,404,0.0,Lower-Value Customers
7428,1975,Graduation,Partner,80144.0,0,0,2013-09-30,47,240,132,445,250,192,108,1,3,7,8,1,0,0,0,0,0,0,0,0,39,1367,18,2,272,1.0,Higher-Value Customers
975,1956,Graduation,Alone,54252.0,1,1,2013-05-28,25,178,4,26,8,4,44,5,4,1,5,6,0,0,0,0,0,0,0,2,58,264,10,3,397,0.0,Lower-Value Customers
1103,1976,Master,Partner,81929.0,1,0,2012-09-29,60,1486,55,278,49,0,185,2,4,4,10,6,1,0,1,0,0,0,1,1,38,2053,18,3,638,1.0,Higher-Value Customers
3422,1975,Graduation,Partner,76068.0,0,1,2012-11-29,67,1115,12,128,33,12,76,1,2,3,4,6,0,1,0,0,1,0,0,1,39,1376,9,3,577,1.0,Higher-Value Customers
1055,1976,Master,Partner,53204.0,1,1,2014-03-20,40,29,0,8,2,0,6,1,1,0,3,4,0,0,0,0,0,0,0,2,38,45,4,4,101,0.0,Lower-Value Customers
6544,1949,PhD,Partner,67911.0,0,1,2014-05-22,63,529,0,356,63,28,0,3,6,7,11,3,0,0,0,0,0,0,0,1,65,976,24,3,38,1.0,Higher-Value Customers
1241,1984,2n Cycle,Partner,14796.0,1,0,2012-09-17,1,13,3,8,7,4,16,2,1,0,3,9,0,0,0,0,0,0,1,1,30,51,4,3,650,0.0,Lower-Value Customers
2909,1974,PhD,Partner,78128.0,0,1,2014-02-19,89,934,24,230,16,24,36,2,8,4,6,3,0,1,1,0,0,0,0,1,40,1264,18,3,130,1.0,Higher-Value Customers
5802,1972,Basic,Partner,14188.0,0,0,2013-02-28,40,2,7,11,16,12,27,1,2,0,4,6,0,0,0,0,0,0,0,0,42,75,6,2,486,0.0,Lower-Value Customers
1407,1986,Basic,Partner,20425.0,1,0,2012-10-29,5,4,12,5,3,16,17,2,2,0,3,7,0,0,0,0,0,0,0,1,28,57,5,3,608,0.0,Lower-Value Customers
6183,1962,Master,Partner,58646.0,0,1,2013-06-10,3,62,1,44,6,5,22,1,2,1,4,4,0,0,0,0,0,0,0,1,52,140,7,3,384,0.0,Lower-Value Customers
340,1970,Graduation,Alone,72967.0,0,1,2012-12-15,1,158,35,179,0,0,125,2,7,2,8,5,1,0,0,0,0,0,1,1,44,497,17,2,561,1.0,Higher-Value Customers
5991,1949,Master,Partner,48150.0,0,1,2013-06-08,24,173,2,39,3,2,47,3,5,1,4,7,0,0,0,0,0,0,0,1,65,266,10,3,386,0.0,Lower-Value Customers
3104,1961,Graduation,Alone,82332.0,0,0,2012-09-17,89,830,59,968,51,79,19,1,5,3,12,2,0,0,1,0,0,0,1,0,53,2006,20,1,650,1.0,Higher-Value Customers
9729,1955,Graduation,Alone,58275.0,1,1,2013-06-02,48,189,10,253,56,43,64,6,8,2,7,7,0,0,0,0,0,0,0,2,59,615,17,3,392,1.0,Higher-Value Customers
1008,1981,PhD,Partner,44953.0,0,0,2012-12-21,31,728,17,133,11,8,124,1,7,3,13,6,1,0,0,0,0,0,0,0,33,1021,23,2,555,1.0,Higher-Value Customers
11091,1953,Graduation,Partner,34587.0,1,1,2014-05-16,68,7,2,9,2,0,2,2,1,0,3,4,0,0,0,0,0,0,0,2,61,22,4,4,44,0.0,Lower-Value Customers
3969,1974,Master,Partner,43018.0,0,1,2013-11-01,46,35,4,17,7,6,64,1,2,2,2,5,0,0,0,0,0,0,0,1,40,133,6,3,240,0.0,Lower-Value Customers
1916,1954,Master,Partner,45736.0,0,1,2013-07-24,92,188,3,180,20,3,43,5,7,1,6,7,0,0,0,0,0,0,0,1,60,437,14,3,340,0.0,Lower-Value Customers
9907,1969,Master,Partner,66476.0,0,1,2013-12-04,80,742,28,152,25,9,57,2,6,8,10,4,0,0,0,0,0,0,0,1,45,1013,24,3,207,1.0,Higher-Value Customers
87,1981,2n Cycle,Partner,27733.0,1,0,2013-08-26,16,0,7,5,26,2,17,2,2,0,3,7,0,0,0,0,0,0,0,1,33,57,5,3,307,0.0,Lower-Value Customers
8659,1952,PhD,Partner,69805.0,0,1,2014-01-21,50,750,71,174,13,10,20,2,6,8,11,2,0,0,0,0,0,0,0,1,62,1038,25,3,159,1.0,Higher-Value Customers
6262,1962,Master,Alone,72217.0,0,0,2013-04-10,93,816,42,450,55,56,154,1,3,10,8,2,0,0,0,0,0,0,0,0,52,1573,21,1,445,1.0,Higher-Value Customers
6147,1971,Graduation,Alone,25818.0,1,0,2012-10-18,51,5,2,8,2,2,9,1,0,1,2,7,0,0,0,0,0,0,0,1,43,28,3,2,619,0.0,Lower-Value Customers
8832,1976,Master,Partner,37509.0,1,0,2012-09-12,24,37,5,56,12,8,5,2,3,0,4,7,0,0,0,0,0,0,0,1,38,123,7,3,655,0.0,Lower-Value Customers
10067,1976,2n Cycle,Partner,25176.0,1,1,2013-08-10,79,4,0,4,0,0,5,1,1,0,2,7,0,0,0,0,0,0,0,2,38,13,3,4,323,0.0,Lower-Value Customers
7532,1980,Graduation,Partner,43586.0,0,1,2012-08-30,26,99,2,11,4,0,16,3,3,0,4,8,0,0,0,0,0,0,0,1,34,132,7,3,668,0.0,Lower-Value Customers
4915,1956,2n Cycle,Partner,53230.0,0,1,2012-08-03,86,176,72,98,136,21,229,4,5,2,12,5,0,0,0,0,0,0,0,1,58,732,19,3,695,1.0,Higher-Value Customers
2115,1957,Graduation,Partner,50116.0,1,1,2014-06-20,68,54,0,10,0,0,2,2,1,0,4,5,0,1,0,0,0,0,0,2,57,66,5,4,9,0.0,Lower-Value Customers
2088,1972,Graduation,Partner,84906.0,0,0,2013-10-04,98,997,15,414,99,30,76,1,5,6,12,2,0,1,1,0,1,0,0,0,42,1631,23,2,268,1.0,Higher-Value Customers
2493,1966,Graduation,Partner,61286.0,0,1,2013-08-02,34,356,0,107,19,9,117,2,7,1,8,5,0,0,0,0,0,0,0,1,48,608,16,3,331,1.0,Higher-Value Customers
6292,1986,PhD,Partner,82333.0,0,0,2013-03-30,60,1311,0,359,46,89,17,1,4,3,10,2,0,0,1,0,0,0,1,0,28,1822,17,2,456,1.0,Higher-Value Customers
1631,1965,PhD,Partner,65220.0,0,0,2012-09-03,3,890,63,292,0,25,12,4,8,4,7,6,0,0,0,0,0,0,1,0,49,1282,19,2,664,1.0,Higher-Value Customers
10104,1974,Graduation,Partner,33590.0,2,1,2013-11-03,65,4,0,2,0,0,2,1,1,0,2,7,0,0,0,0,0,0,0,3,40,8,3,5,238,0.0,Lower-Value Customers
3006,1976,Graduation,Alone,30992.0,1,0,2013-04-22,83,17,0,14,7,3,2,1,1,0,3,7,0,0,0,0,0,0,0,1,38,43,4,2,433,0.0,Lower-Value Customers
3919,1976,Master,Alone,72309.0,0,0,2013-03-11,64,960,0,883,50,38,0,1,5,6,8,3,0,0,0,1,0,0,1,0,38,1931,19,1,475,1.0,Higher-Value Customers
11181,1949,PhD,Partner,156924.0,0,0,2013-08-29,85,2,1,2,1,1,1,0,0,0,0,0,0,0,0,0,0,0,0,0,65,8,0,2,304,0.0,Lower-Value Customers
642,1980,Basic,Partner,16005.0,1,0,2012-08-14,69,1,3,2,20,30,47,3,2,1,2,8,0,0,0,0,0,0,0,1,34,103,5,3,684,0.0,Lower-Value Customers
10127,1965,Graduation,Partner,58692.0,0,1,2014-04-06,21,301,11,61,4,7,11,1,8,2,4,7,0,0,0,0,0,0,0,1,49,395,14,3,84,1.0,Higher-Value Customers
271,1969,Graduation,Alone,40590.0,1,1,2013-10-02,30,154,0,50,6,11,37,5,3,4,3,6,1,0,0,0,0,0,0,2,45,258,10,3,270,0.0,Lower-Value Customers
4973,1970,Graduation,Alone,20587.0,1,0,2014-05-11,39,2,3,6,4,1,9,1,1,1,2,7,0,0,0,0,0,0,0,1,44,25,4,2,49,0.0,Lower-Value Customers
2948,1954,Master,Alone,62637.0,0,1,2014-03-01,76,104,12,48,4,12,5,1,2,2,5,2,0,0,0,0,0,0,0,1,60,185,9,2,120,0.0,Lower-Value Customers
2715,1966,Master,Alone,29435.0,1,1,2012-08-06,11,70,3,37,4,2,64,4,3,2,2,9,0,0,0,0,0,0,1,2,48,180,7,3,692,0.0,Lower-Value Customers
10432,1974,Graduation,Alone,19346.0,1,0,2014-01-30,26,2,0,9,3,6,2,1,1,0,3,8,0,0,0,0,0,0,0,1,40,22,4,2,150,0.0,Lower-Value Customers
9216,1971,Graduation,Partner,35788.0,1,1,2014-01-23,34,23,2,11,3,1,4,2,2,0,3,6,0,0,0,0,0,0,0,2,43,44,5,4,157,0.0,Lower-Value Customers
7124,1968,Graduation,Alone,36997.0,1,1,2013-02-01,72,43,4,12,8,0,27,5,2,1,4,5,0,0,0,0,0,0,0,2,46,94,7,3,513,0.0,Lower-Value Customers
9727,1957,Graduation,Partner,23539.0,0,0,2014-02-28,13,4,24,11,16,1,25,1,2,0,4,6,0,0,0,0,0,0,0,0,57,81,6,2,121,0.0,Lower-Value Customers
5136,1973,Graduation,Alone,65333.0,0,1,2014-01-17,58,654,7,92,0,15,30,7,9,4,8,6,0,1,1,0,0,0,0,1,41,798,21,2,163,1.0,Higher-Value Customers
9790,1957,Graduation,Alone,78499.0,0,0,2013-11-23,12,912,72,170,47,36,97,1,11,3,4,4,0,0,1,0,0,0,1,0,57,1334,18,1,218,1.0,Higher-Value Customers
1818,1971,PhD,Partner,29732.0,1,0,2014-03-25,23,25,0,8,0,1,4,1,2,0,2,9,0,0,0,0,0,0,0,1,43,38,4,3,96,0.0,Lower-Value Customers
1100,1960,Master,Partner,41275.0,1,2,2014-03-24,33,24,4,22,0,2,9,4,3,1,3,5,0,0,0,0,0,0,0,3,54,61,7,5,97,0.0,Lower-Value Customers
7873,1973,PhD,Partner,63516.0,1,1,2013-07-06,30,141,11,114,15,14,5,4,4,1,7,5,0,0,0,0,0,0,0,2,41,300,12,4,358,0.0,Lower-Value Customers
10609,1962,PhD,Partner,42769.0,0,1,2013-10-12,15,71,0,13,3,1,0,2,1,1,4,4,0,0,0,0,0,0,0,1,52,88,6,3,260,0.0,Lower-Value Customers
6950,1958,Master,Partner,49572.0,1,1,2013-12-15,25,35,1,16,0,1,1,2,2,0,3,7,0,0,0,0,0,0,0,2,56,54,5,4,196,0.0,Lower-Value Customers
7233,1972,Graduation,Partner,69209.0,0,0,2012-09-17,4,496,32,849,229,48,128,2,5,3,6,4,0,0,0,1,0,0,0,0,42,1782,14,2,650,1.0,Higher-Value Customers
9481,1976,Graduation,Partner,17148.0,1,0,2014-01-28,80,9,9,11,13,10,16,4,3,1,3,8,0,0,0,0,0,0,0,1,38,68,7,3,152,0.0,Lower-Value Customers
7699,1969,Graduation,Alone,40590.0,1,1,2013-10-02,30,154,0,50,6,11,37,5,3,4,3,6,1,0,0,0,0,0,0,2,45,258,10,3,270,0.0,Lower-Value Customers
2711,1976,Master,Partner,30560.0,1,0,2013-06-27,6,9,1,5,4,5,7,1,1,0,3,7,0,0,0,0,0,0,0,1,38,31,4,3,367,0.0,Lower-Value Customers
8933,1983,2n Cycle,Partner,32146.0,1,0,2014-05-12,16,26,3,23,4,7,3,2,2,0,4,6,0,0,0,0,0,0,0,1,31,66,6,3,48,0.0,Lower-Value Customers
8726,1964,2n Cycle,Alone,41713.0,1,1,2014-04-29,57,77,8,44,10,10,25,5,3,1,4,6,0,0,0,0,0,0,0,2,50,174,8,3,61,0.0,Lower-Value Customers
1515,1975,Master,Partner,34176.0,0,1,2014-01-22,9,11,2,7,4,2,2,1,1,0,3,3,0,0,0,0,0,0,0,1,39,28,4,3,158,0.0,Lower-Value Customers
5186,1955,PhD,Partner,58482.0,0,1,2014-03-12,59,576,7,115,19,7,7,2,7,4,9,6,0,1,0,0,0,0,0,1,59,731,20,3,109,1.0,Higher-Value Customers
10157,1965,Graduation,Alone,59686.0,0,1,2014-01-25,78,89,15,89,34,42,5,1,4,1,6,4,0,0,0,0,0,0,0,1,49,274,11,2,155,0.0,Lower-Value Customers
5667,1964,PhD,Partner,60896.0,0,1,2012-10-11,90,1013,30,399,60,46,153,3,9,10,4,6,0,0,0,0,0,0,1,1,50,1701,23,3,626,1.0,Higher-Value Customers
902,1980,Graduation,Partner,62994.0,1,0,2014-03-04,74,224,12,48,4,12,12,1,6,2,4,6,0,0,0,0,0,0,0,1,34,312,12,3,117,0.0,Lower-Value Customers
977,1957,Graduation,Partner,47320.0,0,1,2013-08-01,10,200,19,111,50,15,19,6,5,1,8,6,0,0,0,0,0,0,0,1,57,414,14,3,332,0.0,Lower-Value Customers
7313,1949,2n Cycle,Alone,74859.0,0,0,2013-06-03,63,570,73,614,133,102,73,1,6,5,11,3,0,0,0,1,0,0,0,0,65,1565,22,1,391,1.0,Higher-Value Customers
7600,1992,Basic,Alone,15253.0,1,0,2013-10-28,13,1,3,3,8,1,13,2,1,0,3,7,0,0,0,0,0,0,0,1,22,29,4,2,244,0.0,Lower-Value Customers
9706,1974,PhD,Alone,31560.0,1,0,2013-06-24,98,62,1,20,4,0,7,2,2,1,3,8,0,0,0,0,0,0,0,1,40,94,6,2,370,0.0,Lower-Value Customers
2429,1954,Graduation,Alone,72071.0,0,1,2013-02-14,4,531,69,300,150,138,150,3,5,4,8,2,0,0,0,0,0,0,0,1,60,1338,17,2,500,1.0,Higher-Value Customers
3520,1990,Master,Alone,91172.0,0,0,2013-03-27,94,162,28,818,0,28,56,0,4,3,7,3,1,0,1,1,1,0,1,0,24,1092,14,1,459,1.0,Higher-Value Customers
10394,1984,Graduation,Partner,90000.0,0,0,2013-12-23,91,675,144,133,94,192,241,1,4,8,5,1,1,0,1,1,0,0,0,0,30,1479,17,2,188,1.0,Higher-Value Customers
4548,1981,Graduation,Alone,41967.0,1,1,2013-11-23,66,23,4,10,0,2,15,1,1,0,3,4,0,0,0,0,0,0,0,2,33,54,4,3,218,0.0,Lower-Value Customers
9362,1965,Graduation,Alone,69263.0,0,1,2014-03-05,14,492,5,32,13,5,21,1,9,1,7,6,0,1,0,0,0,0,0,1,49,568,17,2,116,1.0,Higher-Value Customers
3968,1970,2n Cycle,Alone,65706.0,0,0,2013-06-28,77,918,10,129,13,0,129,1,11,3,12,7,0,1,1,0,1,0,1,0,44,1199,26,1,366,1.0,Higher-Value Customers
4084,1975,Graduation,Partner,60934.0,0,1,2014-01-17,41,224,155,155,192,93,54,2,6,4,11,4,0,0,0,0,0,0,0,1,39,873,21,3,163,1.0,Higher-Value Customers
6721,1951,Graduation,Partner,71965.0,0,1,2013-07-29,21,572,19,286,50,38,248,3,6,3,5,3,0,0,0,0,0,0,0,1,63,1213,14,3,335,1.0,Higher-Value Customers
2829,1955,Graduation,Partner,65210.0,0,1,2014-03-10,25,626,0,70,0,7,28,2,9,3,8,6,0,1,0,1,0,0,0,1,59,731,20,3,111,1.0,Higher-Value Customers
1772,1975,PhD,Partner,79174.0,0,0,2013-01-11,2,1074,37,518,193,92,129,1,5,6,7,2,0,0,1,1,0,0,1,0,39,2043,18,2,534,1.0,Higher-Value Customers
1544,1967,Master,Alone,81380.0,0,0,2012-12-22,51,741,68,689,224,68,103,1,4,2,10,2,0,0,0,0,0,0,0,0,47,1893,16,1,554,1.0,Higher-Value Customers
4377,1971,Graduation,Partner,52914.0,0,1,2013-01-07,32,254,10,44,30,10,227,2,7,3,3,7,1,0,0,0,0,0,0,1,43,575,13,3,538,0.0,Lower-Value Customers
4541,1955,Graduation,Partner,38946.0,0,1,2013-10-24,84,116,6,82,6,6,41,2,3,1,6,5,0,0,0,0,0,0,0,1,59,257,10,3,248,0.0,Lower-Value Customers
1321,1974,Graduation,Partner,26067.0,1,0,2013-11-04,49,22,2,18,0,2,12,3,3,0,3,8,0,0,0,0,0,0,0,1,40,56,6,3,237,0.0,Lower-Value Customers
8858,1972,PhD,Partner,44325.0,0,1,2013-03-07,69,516,0,21,0,0,5,4,8,2,7,8,0,1,0,0,0,0,0,1,42,542,17,3,479,1.0,Higher-Value Customers
3266,1964,Graduation,Partner,42523.0,0,0,2014-04-23,96,14,36,11,3,26,35,1,1,1,4,2,0,0,0,0,0,0,0,0,50,125,6,2,67,0.0,Lower-Value Customers
11187,1978,Basic,Alone,26487.0,1,0,2013-05-20,23,2,8,10,12,14,23,3,2,1,3,5,0,0,0,0,0,0,0,1,36,69,6,2,405,0.0,Lower-Value Customers
8207,1957,2n Cycle,Partner,53233.0,0,1,2014-03-18,18,28,0,9,3,0,0,1,1,0,3,4,0,0,0,0,0,0,0,1,57,40,4,3,103,0.0,Lower-Value Customers
9723,1960,Graduation,Partner,67716.0,0,1,2013-01-10,8,530,142,217,62,9,56,4,7,4,13,5,0,1,0,0,0,0,0,1,54,1016,24,3,535,1.0,Higher-Value Customers
2666,1972,Master,Partner,76234.0,0,1,2014-02-06,21,519,50,167,130,0,41,1,8,3,11,3,0,1,0,0,0,0,0,1,42,907,22,3,143,1.0,Higher-Value Customers
5721,1956,PhD,Partner,84117.0,0,0,2014-05-11,60,611,76,749,59,45,26,1,7,10,6,2,0,0,1,0,0,0,0,0,58,1566,23,2,49,1.0,Higher-Value Customers
10652,1957,Master,Partner,65487.0,0,0,2014-01-10,48,240,67,500,199,0,163,3,3,5,6,2,0,0,0,0,0,0,0,0,57,1169,14,2,170,1.0,Higher-Value Customers
1646,1972,Basic,Partner,25224.0,1,0,2014-03-16,36,4,9,12,11,2,8,2,1,1,3,3,0,0,0,0,0,0,0,1,42,46,5,3,105,0.0,Lower-Value Customers
4418,1983,Master,Alone,89616.0,0,0,2013-02-25,36,671,47,655,145,111,15,1,7,5,12,2,0,0,0,0,0,0,1,0,31,1644,24,1,489,1.0,Higher-Value Customers
2656,1971,Graduation,Alone,40851.0,1,1,2013-02-21,63,23,1,7,0,4,24,1,1,1,2,7,0,0,0,0,0,0,0,2,43,59,4,3,493,0.0,Lower-Value Customers
7990,1947,Graduation,Partner,27469.0,0,0,2012-08-02,2,9,1,2,3,2,0,1,0,0,3,6,0,0,0,0,0,0,0,0,67,17,3,2,696,0.0,Lower-Value Customers
8722,1957,2n Cycle,Partner,82347.0,0,0,2012-11-06,38,556,54,845,202,133,63,1,7,7,10,3,1,0,0,1,0,0,1,0,57,1853,24,2,600,1.0,Higher-Value Customers
7118,1957,Graduation,Partner,73803.0,0,1,2012-08-01,61,833,80,363,52,26,174,2,9,5,6,6,1,0,0,0,0,0,1,1,57,1528,20,3,697,1.0,Higher-Value Customers
2980,1952,Master,Alone,8820.0,1,1,2013-03-22,52,12,0,13,4,2,4,4,3,0,3,8,0,0,0,0,0,0,0,2,62,35,6,3,464,0.0,Lower-Value Customers
1839,1974,Graduation,Alone,43322.0,0,0,2014-04-21,25,56,7,48,10,2,18,1,3,0,4,7,0,0,0,0,0,0,0,0,40,141,7,1,69,0.0,Lower-Value Customers
10722,1973,Graduation,Partner,55593.0,0,1,2013-08-21,63,293,8,124,11,4,106,2,6,6,3,6,1,0,0,0,0,0,0,1,41,546,15,3,312,1.0,Higher-Value Customers
2632,1954,Graduation,Partner,50501.0,1,1,2013-06-18,10,297,0,38,13,0,152,7,5,4,4,6,1,0,0,0,0,0,1,2,60,500,13,4,376,0.0,Lower-Value Customers
9014,1975,Graduation,Partner,37085.0,1,1,2014-06-26,65,39,1,16,2,0,3,4,3,0,3,8,0,0,0,0,0,0,0,2,39,61,6,4,3,0.0,Lower-Value Customers
7620,1990,Basic,Alone,16185.0,1,0,2013-08-05,71,5,11,16,21,8,45,2,2,2,2,8,0,0,0,0,0,0,0,1,24,106,6,2,328,0.0,Lower-Value Customers
10968,1969,Graduation,Alone,57731.0,0,1,2012-11-23,0,266,21,300,65,8,44,4,8,8,6,6,0,0,0,0,0,0,0,1,45,704,22,2,583,1.0,Higher-Value Customers
2736,1978,Graduation,Partner,73807.0,0,1,2013-01-02,88,366,124,156,71,78,54,2,5,5,11,2,0,0,0,0,0,0,0,1,36,849,21,3,543,1.0,Higher-Value Customers
1876,1990,Graduation,Partner,18929.0,0,0,2013-02-16,15,32,0,8,23,4,18,1,1,0,4,6,0,0,0,0,0,0,0,0,24,85,5,2,498,0.0,Lower-Value Customers
5959,1968,Graduation,Alone,35893.0,1,1,2012-10-15,80,158,0,23,0,0,18,6,3,1,5,8,0,0,0,0,0,0,0,2,46,199,9,3,622,0.0,Lower-Value Customers
1092,1980,Graduation,Partner,61014.0,0,1,2012-08-11,17,269,129,495,182,43,29,4,9,3,4,7,0,0,0,0,0,0,0,1,34,1147,16,3,687,1.0,Higher-Value Customers
4333,1954,Graduation,Partner,32144.0,1,1,2014-03-23,76,41,0,10,0,0,3,4,2,1,3,7,0,1,0,0,0,0,0,2,60,54,6,4,98,0.0,Lower-Value Customers
3850,1963,Basic,Partner,14918.0,0,1,2012-12-07,52,3,3,3,15,4,15,1,1,0,3,6,0,0,0,0,0,0,0,1,51,43,4,3,569,0.0,Lower-Value Customers
6168,1963,Graduation,Alone,45146.0,1,1,2013-07-15,28,33,0,5,0,0,15,2,1,1,2,4,0,0,0,0,0,0,0,2,51,53,4,3,349,0.0,Lower-Value Customers
607,1955,2n Cycle,Alone,41769.0,0,1,2013-02-13,31,302,29,131,32,0,27,6,8,1,7,8,0,0,0,0,0,0,0,1,59,521,16,2,501,1.0,Higher-Value Customers
10469,1981,Graduation,Partner,88325.0,0,0,2014-02-05,42,519,71,860,93,27,53,1,6,2,9,2,0,0,0,0,0,0,0,0,33,1623,17,2,144,1.0,Higher-Value Customers
6983,1950,Master,Alone,38054.0,1,1,2014-05-01,24,23,2,17,2,1,0,2,2,0,3,7,0,0,0,0,0,0,0,2,64,45,5,3,59,0.0,Lower-Value Customers
3661,1995,2n Cycle,Alone,80617.0,0,0,2012-10-12,42,594,51,631,72,55,32,1,4,6,8,2,0,0,0,0,0,0,0,0,19,1435,18,1,625,1.0,Higher-Value Customers
9303,1976,Graduation,Partner,5305.0,0,1,2013-07-30,12,12,4,7,1,3,5,0,1,0,0,13,0,0,0,0,0,0,0,1,38,32,1,3,334,0.0,Lower-Value Customers
692,1954,Graduation,Partner,36807.0,1,1,2012-12-20,88,4,2,5,0,0,5,1,1,0,2,6,0,0,0,0,0,0,0,2,60,16,3,4,556,0.0,Lower-Value Customers
736,1983,Graduation,Partner,28427.0,1,0,2013-03-21,67,18,3,19,3,3,6,2,2,0,3,8,0,0,0,0,0,0,0,1,31,52,5,3,465,0.0,Lower-Value Customers
9589,1948,PhD,Alone,82032.0,0,0,2014-04-05,54,332,194,377,149,125,57,0,4,6,7,1,0,0,0,0,0,0,0,0,66,1234,17,1,85,1.0,Higher-Value Customers
4838,1978,Graduation,Partner,22775.0,1,0,2013-06-19,40,5,1,8,0,0,1,1,1,0,2,8,0,0,0,0,0,0,0,1,36,15,3,3,375,0.0,Lower-Value Customers
9246,1985,Master,Partner,40101.0,1,0,2012-10-14,73,171,3,129,26,24,62,4,6,1,6,7,0,0,0,0,0,0,0,1,29,415,13,3,623,0.0,Lower-Value Customers
6261,1979,Graduation,Partner,58025.0,0,1,2013-11-26,81,270,31,88,11,48,22,3,3,2,10,4,0,0,0,0,0,0,0,1,35,470,15,3,215,1.0,Higher-Value Customers
7366,1982,Master,Alone,75777.0,0,0,2013-07-04,12,712,26,538,69,13,80,1,3,6,11,1,0,1,1,0,0,0,1,0,32,1438,20,1,360,1.0,Higher-Value Customers
10659,1979,2n Cycle,Partner,7500.0,1,0,2013-05-07,7,2,8,11,3,8,21,4,3,2,2,7,0,0,0,0,0,0,0,1,35,53,7,3,418,0.0,Lower-Value Customers
1448,1963,Master,Partner,33562.0,1,2,2014-06-25,33,21,12,12,0,3,3,3,2,0,4,4,0,0,0,0,0,0,0,3,51,51,6,5,4,0.0,Lower-Value Customers
4286,1970,PhD,Alone,57642.0,0,1,2014-01-09,24,580,6,58,8,0,27,3,7,6,6,4,1,0,0,0,0,0,0,1,44,679,19,2,171,1.0,Higher-Value Customers
4749,1968,Graduation,Partner,58554.0,1,1,2012-09-26,55,368,24,68,38,0,88,6,8,2,6,7,0,0,0,0,0,0,0,2,46,586,16,4,641,1.0,Higher-Value Customers
4478,1979,Graduation,Partner,63777.0,1,1,2013-03-24,87,457,5,106,15,17,53,8,11,1,6,8,0,0,0,0,0,0,0,2,35,653,18,4,462,1.0,Higher-Value Customers
4201,1962,Graduation,Alone,57967.0,0,1,2013-03-03,39,229,7,137,4,0,91,5,4,2,8,5,0,0,0,0,0,0,0,1,52,468,14,2,483,1.0,Higher-Value Customers
8720,1978,2n Cycle,Partner,51381.5,0,0,2012-08-12,53,32,2,1607,12,4,22,0,0,0,1,0,0,1,0,0,0,0,0,0,36,1679,1,2,686,0.0,Lower-Value Customers
10084,1972,Graduation,Partner,24434.0,2,0,2014-05-18,9,3,2,8,20,0,17,2,2,1,2,7,0,0,0,0,0,0,0,2,42,50,5,4,42,0.0,Lower-Value Customers
7004,1984,Graduation,Alone,11012.0,1,0,2013-03-16,82,24,3,26,7,1,23,3,3,1,2,9,1,0,0,0,0,0,0,1,30,84,6,2,470,0.0,Lower-Value Customers
9817,1970,Master,Alone,44802.0,0,0,2012-08-21,71,853,10,143,13,10,20,2,9,4,12,8,0,0,0,0,0,0,0,0,44,1049,25,1,677,1.0,Higher-Value Customers
8080,1986,Graduation,Alone,26816.0,0,0,2012-08-17,50,5,1,6,3,4,3,1,0,0,3,4,0,0,0,0,0,0,0,0,28,22,3,1,681,0.0,Lower-Value Customers
9432,1977,Graduation,Partner,666666.0,1,0,2013-06-02,23,9,14,18,8,1,12,4,3,1,3,6,0,0,0,0,0,0,0,1,37,62,7,3,392,,Not Clustered
8372,1974,Graduation,Partner,34421.0,1,0,2013-07-01,81,3,3,7,6,2,9,1,1,0,2,7,0,0,0,0,0,0,0,1,40,30,3,3,363,0.0,Lower-Value Customers
10870,1967,Graduation,Partner,61223.0,0,1,2013-06-13,46,709,43,182,42,118,247,2,9,3,4,5,0,0,0,0,0,0,0,1,47,1341,16,3,381,1.0,Higher-Value Customers
4001,1946,PhD,Partner,64014.0,2,1,2014-06-10,56,406,0,30,0,0,8,7,8,2,5,7,0,0,0,1,0,0,0,3,68,444,15,5,19,1.0,Higher-Value Customers
7270,1981,Graduation,Alone,56981.0,0,0,2014-01-25,91,908,48,217,32,12,24,1,2,3,13,6,0,1,0,0,0,0,0,0,33,1241,18,1,155,1.0,Higher-Value Customers
8235,1956,Master,Partner,69245.0,0,1,2014-01-24,8,428,30,214,80,30,61,2,6,5,10,3,0,0,0,0,0,0,0,1,58,843,21,3,156,1.0,Higher-Value Customers
9405,1954,PhD,Partner,52869.0,1,1,2012-10-15,40,84,3,61,2,1,21,3,3,1,4,7,0,0,0,0,0,0,1,2,60,172,8,4,622,0.0,Lower-Value Customers
